Solar,Wind
0.0,0.1492335829994774
0.0,0.1575291761017244
0.0,0.1592057132903675
0.0,0.1646707890611391
0.0,0.1647578819021076
0.0,0.1585742901933461
0.0,0.156527608430587
0.0113819164112058,0.1550470301341229
0.0943636749931708,0.1560921442257446
0.2055422344978298,0.1551341229750914
0.2946854038303942,0.1531527608430587
0.3358424135733147,0.1548075248214596
0.3088900355115792,0.1662166869883295
0.2132212341032567,0.1566800209022818
0.0769721067168482,0.153218080473785
0.0037029168057789,0.1786056436160947
0.0,0.2229141264588051
0.0,0.2644138651802821
0.0,0.2895183765894443
0.0,0.2992727747779132
0.0,0.3020161992684201
0.0,0.2734497474307611
0.0,0.2636300296115659
0.0,0.2627808744121233
0.0,0.2540498171050339
0.0,0.2530700226441386
0.0,0.2456235847413342
0.0,0.2484105556523254
0.0,0.2597108517679846
0.0,0.2860782093711896
0.0,0.3057176450095802
0.013051264151516,0.3087441212332346
0.0953652836373569,0.3195218603030831
0.1861170971560385,0.3177364570632294
0.248065074210095,0.305499912907159
0.2613591525783835,0.2889958195436335
0.2196558108477251,0.2899102943738024
0.1386165659999393,0.3087658944434767
0.0425835432664582,0.3384645532137258
0.001608644186117,0.3727573593450618
0.0,0.4216599895488591
0.0,0.4669047204319805
0.0,0.4958413168437554
0.0,0.5124760494687337
0.0,0.527281832433374
0.0,0.5262802647622365
0.0,0.5318324333739767
0.0,0.5568498519421703
0.0,0.5866791499738722
0.0,0.6025518202403762
0.0,0.6222783487197352
0.0,0.6464901585089705
0.0,0.6679149973872147
0.0,0.7036666086047727
0.0,0.7201924751785403
0.0077397031596199,0.723284271032921
0.0513855586244574,0.7105904894617663
0.0950010623121983,0.7135298728444521
0.120800072844265,0.7147056261975265
0.1232585667890855,0.6847674621146141
0.0869578413816128,0.6926929106427452
0.0498376179925334,0.7034924229228358
0.0182414180350259,0.7044068977530047
0.000940905089993,0.7335176798467166
0.0,0.7512410729838007
0.0,0.7786099982581431
0.0,0.770836962201707
0.0,0.7503483713638739
0.0,0.7285751611217558
0.0,0.7142483887824421
0.0,0.7024908552516983
0.0,0.6872496080822156
0.0,0.6617967253091795
0.0,0.6339705626197526
0.0,0.6287667653718865
0.0,0.6577686814143877
0.0,0.6975483365267375
0.0,0.744469604598502
0.0,0.7659597631074726
0.0033993990348134,0.7870797770423271
0.0316872552887971,0.819325901410904
0.0665007436185388,0.8404023689252743
0.0850456794245303,0.8660729838007316
0.086745378941937,0.8812924577599721
0.0675327040398215,0.8792675492074551
0.0415819346222721,0.8629811879463508
0.0157525723131089,0.8282529176101724
0.0008498497587033,0.8163429716077338
0.0,0.7881466643441909
0.0,0.744295418916565
0.0,0.6848110085350984
0.0,0.6260015676711375
0.0,0.5467035359693433
0.0,0.4679498345236021
0.0,0.4132990768158857
0.0,0.3629158683156244
0.0,0.3225483365267375
0.0,0.2881248911339488
0.0,0.2647622365441561
0.0,0.2486936073854729
0.0,0.2421180978923532
0.0,0.2325814318063055
0.0,0.221977878418394
0.0054026163231857,0.2121581605991987
0.0593377242237533,0.208151889914649
0.1258081160651956,0.202621494513151
0.1606823079491304,0.209632468211113
0.1618356754787993,0.2103509841491029
0.1302698272983883,0.2169047204319804
0.0821319088232616,0.2287711200139348
0.0291073542355904,0.2523950531266329
0.0016389959632136,0.292588399233583
0.0,0.3320850026127852
0.0,0.3543154502699878
0.0,0.3569282354990419
0.0,0.3760668873018638
0.0,0.3896969169134297
0.0,0.3883469778784184
0.0,0.3863220693259014
0.0,0.3937467340184636
0.0,0.3813360041804564
0.0,0.3716686988329559
0.0,0.3636997038843407
0.0,0.3619796202752133
0.0,0.3524865006096498
0.0,0.3356775823027347
0.0,0.3144487023166695
0.0095911615625094,0.2993163211983974
0.0716301939478556,0.2979663821633861
0.1486023006647039,0.2965075770771642
0.2129177163322912,0.2820283922661557
0.241873311682399,0.2824203100505138
0.2283060673202416,0.2803300818672705
0.1672079400248884,0.2756488416652151
0.0717212492791452,0.278392266155722
0.0059793000880201,0.3160381466643442
0.0,0.3588878244208326
0.0,0.3928322591882947
0.0,0.4142570980665389
0.0,0.4366399581954363
0.0,0.4547552691168786
0.0,0.462201707019683
0.0,0.4694739592405504
0.0,0.4800775126284619
0.0,0.4698223306044243
0.0,0.462201707019683
0.0,0.4672530917958544
0.0,0.4654459153457586
0.0,0.4588486326423968
0.0,0.4451968298205887
0.0,0.4183069151715728
0.0036118614744893,0.3742161644312837
0.0277718760433423,0.3119230099285838
0.0549367165447537,0.2798292980317018
0.0800072844265031,0.2644356383905243
0.0981576471302394,0.3080691517157289
0.0977023704737912,0.3446045985020031
0.0714784350623729,0.3598676188817279
0.0281664491455974,0.3676188817279219
0.0024584939448204,0.395292631945654
0.0,0.4503135342274865
0.0,0.4975614004528828
0.0,0.5388651802821808
0.0,0.5769465249956454
0.0,0.5992205190733322
0.0,0.5989374673401846
0.0,0.6202752133774604
0.0,0.6476223654415607
0.0,0.6675230796028566
0.0,0.6786927364570632
0.0,0.6777129419961679
0.0,0.6692867096324682
0.0,0.6682851419613308
0.0,0.6692649364222261
0.0,0.6797378505486849
0.0028530670470756,0.679389479184811
0.0200018211066257,0.6801079951228008
0.0432512823625823,0.6713987110259536
0.0599144079885877,0.6460546943041282
0.0622818466021185,0.6051863786796725
0.0527513885938021,0.5591142658073506
0.0374237411600449,0.5069674272774778
0.0166327738489088,0.4442388085699355
0.0008802015357999,0.3835786448353945
0.0,0.3378984497474308
0.0,0.3112698136213203
0.0,0.2930456366486674
0.0,0.2730360564361609
0.0,0.2491508448005573
0.0,0.2200836091273297
0.0,0.1884035882250479
0.0,0.1613830343145793
0.0,0.1451402194739592
0.0,0.1471215816059919
0.0,0.1670005225570458
0.0,0.1992684201358648
0.0,0.2397012715554781
0.0,0.3009275387563142
0.0,0.3785925796899494
0.0052508574377029,0.4697787841839401
0.0406713813093756,0.5580909249259711
0.0958509120709017,0.6121538059571503
0.1340334476583604,0.6519770074899843
0.1582238140043099,0.6816974394704756
0.1506662215072692,0.7006836788016025
0.1063526269463077,0.6892527434244905
0.0422193219412996,0.6861174011496255
0.0042492487935168,0.6673053475004355
0.0,0.6525648841665215
0.0,0.6406113917435987
0.0,0.6188164082912384
0.0,0.5954755269116878
0.0,0.5443955756836788
0.0,0.4859562793938338
0.0,0.4702577948092666
0.0,0.462571851593799
0.0,0.4753744992161644
0.0,0.499259710851768
0.0,0.5109954711722696
0.0,0.5113438425361435
0.0,0.5332041456192301
0.0,0.578165824769204
0.0,0.5859388608256402
0.0125352839408747,0.5896838529872844
0.0794002488845721,0.5857211287232189
0.1460527513885938,0.5823898275561749
0.19604212826661,0.5938643093537711
0.203174795884299,0.6266112175579167
0.1605912526178407,0.6243032572722522
0.0930585485780192,0.6203623062184288
0.036270373630376,0.6308569935551298
0.0029137706012687,0.6608822504790106
0.0,0.6452708587354119
0.0,0.595148928758056
0.0,0.5283269465249957
0.0,0.5031788886953492
0.0,0.4794678627416826
0.0,0.4300209022818324
0.0,0.4066582476920397
0.0,0.3919831039888521
0.0,0.3601506706148754
0.0,0.3485890959763107
0.0,0.3583870405852639
0.0,0.3627416826336875
0.0,0.3637432503048249
0.0,0.3866051210590489
0.0,0.3594321546768855
0.0064952802986614,0.3604772687685072
0.0666525025040216,0.3674882424664693
0.1518499408140346,0.3767636300296115
0.223024858105442,0.3978836439644661
0.2415090903572404,0.4273210242118098
0.2126445503384223,0.4638129245775997
0.1510304428324278,0.4835394530569587
0.0626764197043737,0.4940341403936596
0.0066773909612407,0.5308961853335655
0.0,0.5720040062706845
0.0,0.6062532659815363
0.0,0.6249782267897579
0.0,0.6491029437380247
0.0,0.6519116878592579
0.0,0.6319456540672357
0.0,0.6350592231318586
0.0,0.6293328688381815
0.0,0.6239548859083783
0.0,0.623889566277652
0.0,0.6324028914823201
0.0,0.6377808744121233
0.0,0.645466817627591
0.0,0.6667610172443825
0.0,0.6820458108343495
0.0127477463805505,0.690254311095628
0.0862293987312957,0.6969822330604424
0.1662973867119919,0.715141090402369
0.2086988193158709,0.714052429890263
0.2095183172974777,0.7335612262672008
0.1827784016754181,0.7354119491377809
0.1221659028136097,0.7426624281484062
0.0491395271193128,0.7473001219299773
0.0044313594560961,0.7636953492422923
0.0,0.7825727225222087
0.0,0.7806349068106602
0.0,0.78135342274865
0.0,0.7857298380073158
0.0,0.7810703710155025
0.0,0.7296638216338617
0.0,0.6720736805434593
0.0,0.5978488068280787
0.0,0.5377765197700749
0.0,0.4647273994077687
0.0,0.4027390698484585
0.0,0.367814840620101
0.0,0.3508752830517331
0.0,0.3360477268768507
0.0,0.3198484584567148
0.0053419127689926,0.3260538233757185
0.0439797250128995,0.3077860999825814
0.1035906152305217,0.2978575161121756
0.1531247154520897,0.2914126458805086
0.1683916593316538,0.2840097543981885
0.1550368774091723,0.2719691691342971
0.1163990651652654,0.2685943215467689
0.0544510881112089,0.2740158508970562
0.00685950162382,0.3131858561226267
0.0,0.3889130813447135
0.0,0.4665563490681066
0.0,0.5248214596760146
0.0,0.5767505661034663
0.0,0.6205147186901236
0.0,0.6326423967949835
0.0,0.6749912907159031
0.0,0.7014675143703187
0.0,0.7440341403936597
0.0,0.7831605991987458
0.0,0.8087223480229925
0.0,0.8140350113220693
0.0,0.8367444696045985
0.0,0.886801079951228
0.0,0.8912428148406201
0.0132637265911919,0.8856253265981536
0.081494521504234,0.8759144748301689
0.1658724618326403,0.8472609301515416
0.2225088778948007,0.822831388259885
0.2520108052326463,0.8115093189339836
0.2228123956657662,0.7900409336352552
0.143078277233132,0.77323201532834
0.0550277718760433,0.7799381640829124
0.0057061340941512,0.8080256052952447
0.0,0.8409466991813273
0.0,0.8492205190733322
0.0,0.8627416826336874
0.0,0.8719952969865877
0.0,0.8650278697091099
0.0,0.835917087615398
0.0,0.8449747430761191
0.0,0.832781745340533
0.0,0.8157986413516809
0.0,0.8039322417697266
0.0,0.7880160250827382
0.0,0.7858169308482843
0.0,0.7858169308482843
0.0,0.8126415258665738
0.0,0.8068716251524125
0.019516192673081,0.7842492597108518
0.1312714359425744,0.7529829298031702
0.262603575439342,0.7565101898623933
0.3630679576289192,0.7449486152238286
0.4022824536376604,0.722152064100331
0.3701399216924151,0.7202142483887825
0.2657905120344796,0.7235890959763107
0.1197074088687892,0.7267462114614178
0.0140528727957021,0.7534619404284968
0.0,0.7783269465249957
0.0,0.7896272426406549
0.0,0.7963987110259536
0.0,0.7923053475004355
0.0,0.7662863612611043
0.0,0.7158160599198746
0.0,0.6685464204842362
0.0,0.6065798641351681
0.0,0.5514718690123672
0.0,0.5116486674795332
0.0,0.4733713638738895
0.0,0.4418655286535446
0.0,0.4152586657376763
0.0,0.4011931719212681
0.0,0.3837746037275736
0.0088627189121923,0.3715380595715032
0.1017695086047288,0.3306697439470475
0.2308556165963517,0.2845105382337571
0.3527483534160925,0.2323419264936422
0.4241357331471758,0.2041456192300992
0.4124199471879078,0.1910816930848284
0.3055513400309588,0.1907333217209545
0.1435942574437733,0.2082825291761017
0.018635991137281,0.2893441909075074
0.0,0.4015197700748998
0.0,0.504245775997213
0.0,0.5677582302734715
0.0,0.6023994077686814
0.0,0.6120231666956976
0.0,0.5928409684723915
0.0,0.6049686465772514
0.0,0.6143311269813622
0.0,0.6055565232537885
0.0,0.5959109911165302
0.0,0.586461417871451
0.0,0.5643616094757011
0.0,0.5536927364570632
0.0,0.5664082912384601
0.0,0.5658421877721651
0.0203963942088809,0.5632947221738372
0.1421373721431389,0.532093711896882
0.2710413694721826,0.4901802821808047
0.3452211126961483,0.4315450269987806
0.3565119737760646,0.3875849155199442
0.2956263089203872,0.3755007838355687
0.1875436306795763,0.3722130290890089
0.0739369290071933,0.37941996167915
0.0058275412025374,0.4129507054520118
0.0,0.4497692039714335
0.0,0.4854554955582651
0.0,0.5288059571503222
0.0,0.5663211983974917
0.0,0.6044678627416826
0.0,0.6094321546768855
0.0,0.6204493990593973
0.0,0.6209284096847238
0.0,0.6133513325204668
0.0,0.6125021773210242
0.0,0.6032267897578819
0.0,0.5841970040062707
0.0,0.5610520815188992
0.0,0.5544983452360216
0.0,0.5411731405678453
0.0074968889428476,0.5290672356732277
0.0633138070234012,0.5107777390698485
0.1301787719670986,0.4793154502699878
0.181503627037363,0.4906375195958892
0.1862081524873281,0.4867183417523079
0.1608644186117097,0.4681675666260233
0.1163990651652654,0.4189165650583522
0.0579718942544085,0.374825814318063
0.0095608097854129,0.3542719038495036
0.0,0.3615006096498868
0.0,0.3778305173314753
0.0,0.3733887824420832
0.0,0.3592579689949486
0.0,0.3518768507228705
0.0,0.3375283051733147
0.0,0.3306044243163212
0.0,0.3163429716077338
0.0,0.3123584741334262
0.0,0.307524821459676
0.0,0.3005573941821982
0.0,0.29831475352726
0.0,0.2988155373628288
0.0,0.2970736805434593
0.0,0.2889522731231492
0.0069809087322062,0.2908900888346978
0.0549670683218502,0.2754311095627939
0.1181898200139618,0.2595366660860477
0.1692415090903572,0.2298162341055565
0.1873008164628039,0.2257664170005225
0.1832336783318663,0.2314492248737154
0.1385558624457462,0.2328862567496951
0.0656205420827389,0.2298380073157986
0.0097125686708956,0.2412689426929106
0.0,0.2566190559136039
0.0,0.2572287058003832
0.0,0.2371755791673924
0.0,0.2140959763107472
0.0,0.1903196307263543
0.0,0.1744687336700923
0.0,0.1571590315276084
0.0,0.1414387737327991
0.0,0.1230839574986936
0.0,0.1135472914126458
0.0,0.117640654938164
0.0,0.1233670092318411
0.0,0.1269595889217906
0.0,0.1332738198920048
0.0,0.1400670614875457
0.0106231219837921,0.1359301515415432
0.0762133122894345,0.1400017418568193
0.1748869396303153,0.1403718864309353
0.2520411570097429,0.1300949311966556
0.2846996691656296,0.1361914300644487
0.2641211642941694,0.1522818324333739
0.194494187634686,0.1767549207455147
0.0983397577928187,0.1954798815537362
0.017088050505357,0.2201053823375718
0.0,0.2562489113394879
0.0,0.289823201532834
0.0,0.3166260233408813
0.0,0.3282746908204145
0.0,0.3406636474481797
0.0,0.3527042327120711
0.0,0.3529219648144922
0.0,0.3721477094582825
0.0,0.3908726702665041
0.0,0.3941386518028218
0.0,0.3954885908378331
0.0,0.4125805608778958
0.0,0.4075074028914823
0.0,0.4177408117052778
0.0,0.4228575161121756
0.0232494612559565,0.3998214596760146
0.1313624912738641,0.3567322766068629
0.2608431723677421,0.3161470127155548
0.3564512702218715,0.2729054171747082
0.3916289798767718,0.2445131510189862
0.3638571038334294,0.2334305870057481
0.27686891067472,0.2343668350461592
0.1393146568731599,0.2410512105904894
0.0222782043888669,0.2566190559136039
3.0351777096549003e-05,0.2839662079777042
0.0,0.3097239156941299
0.0,0.3183461069500087
0.0,0.314165650583522
0.0,0.3042370667131162
0.0,0.3060224699529698
0.0,0.3225047901062532
0.0,0.3304737850548684
0.0,0.3279698658770249
0.0,0.3310616617314056
0.0,0.3195654067235673
0.0,0.328361783661383
0.0,0.329102072809615
0.0,0.3275997213029089
0.0,0.3137519595889217
0.0087716635809026,0.3093319979097718
0.0542993292257261,0.2762584915519944
0.1005554375208668,0.2493903501132207
0.13412450298965,0.2356079080299599
0.1491789844295383,0.2224568890437206
0.1403466172944426,0.2097848806828078
0.1082344371262937,0.1921703535969343
0.0595805384405256,0.1691996167914997
0.0116550824050748,0.1507359345061835
3.0351777096549003e-05,0.1360172443825117
0.0,0.11801079951228
0.0,0.1039235324856296
0.0,0.095519073332172
0.0,0.087027521337746
0.0,0.0720475526911687
0.0,0.0565450269987807
0.0,0.0501437031875979
0.0,0.0444173488939209
0.0,0.0455931022469952
0.0,0.0551733147535272
0.0,0.0641874237937641
0.0,0.0707193868663995
0.0,0.0791673924403414
0.0,0.0853074377286187
0.0076789996054268,0.0849155199442605
0.0484414362460922,0.0851985716774081
0.0966704100525085,0.0824551471869012
0.1430175736789389,0.0863307786099982
0.1734907578838741,0.0999825814318063
0.1776793031231978,0.1142440341403936
0.1398609888608978,0.1205147186901236
0.0761222569581449,0.1212114614178714
0.0145385012292469,0.1261757533530743
0.0,0.1311400452882773
0.0,0.1362132032746908
0.0,0.1293764152586657
0.0,0.1265241247169482
0.0,0.1249346803692736
0.0,0.1234758752830517
0.0,0.1259797944608953
0.0,0.1315972827033618
0.0,0.1326641700052255
0.0,0.1342100679324159
0.0,0.1407420310050514
0.0,0.1527608430587005
0.0,0.1675666260233408
0.0,0.182350635777739
0.0,0.1880987632816582
0.0168755880656812,0.1822635429367706
0.0840440707803441,0.1756662602334088
0.1704252283971226,0.1668698832955931
0.2469117066804261,0.158378331301167
0.2872492184417398,0.1705931022469952
0.2762922269098856,0.1875979794460895
0.210914499043919,0.1956540672356732
0.1068989589340456,0.1949355512976833
0.0196072480043706,0.1954145619230099
3.0351777096549003e-05,0.1947831388259885
0.0,0.1975047901062532
0.0,0.2053431457934157
0.0,0.2050600940602682
0.0,0.2110041804563664
0.0,0.2118097892353248
0.0,0.2091099111653022
0.0,0.2038625674969517
0.0,0.1942605817801776
0.0,0.1866399581954363
0.0,0.1813272948963595
0.0,0.1690907507402891
0.0,0.1543502874063752
0.0,0.1547204319804912
0.0,0.1529785751611217
0.010896287977661,0.1487110259536666
0.0558776216347467,0.1382163386169657
0.1123015752572313,0.1331649538407943
0.154247731204662,0.1371276781048598
0.1740067380945154,0.1408726702665041
0.161046529274289,0.1411339487894095
0.1216195708258718,0.1365615746385647
0.0655901903056423,0.1311618184985194
0.0141439281269918,0.1324899843232886
6.0703554193098006e-05,0.1307045810834349
0.0,0.1361043372234802
0.0,0.1424403414039366
0.0,0.1517157289670789
0.0,0.1565711548510712
0.0,0.1581605991987458
0.0,0.159488765023515
0.0,0.1565493816408291
0.0,0.1520205539104685
0.0,0.1429846716599895
0.0,0.1443999303257272
0.0,0.1416782790454624
0.0,0.1467078906113917
0.0,0.1465990245601811
0.0,0.1568106601637345
0.0134458372537712,0.1613612611043372
0.0692324035572282,0.1668045636648667
0.1343673172064224,0.1711374325030482
0.1947977054056515,0.1743380944086396
0.2223267672322214,0.1732712071067758
0.2162260600358151,0.1644312837484758
0.1724587974625914,0.1537188643093537
0.0947582480954259,0.1561139174359867
0.0230673505933772,0.1752961156592928
9.105533128964702e-05,0.2177321024211809
0.0,0.2611914300644486
0.0,0.2948528130987632
0.0,0.3361565929280613
0.0,0.3662036230621843
0.0,0.3768942692910643
0.0,0.3985368402717296
0.0,0.4327643267723393
0.0,0.4570414561923009
0.0,0.4787711200139348
0.0,0.5093189339836265
0.0,0.5306566800209023
0.0,0.5472478662253962
0.0,0.5713943563839052
3.0351777096549003e-05,0.5786666086047727
0.0183628251434121,0.5787972478662254
0.085470604303882,0.5725483365267375
0.1692111573132607,0.5504267549207456
0.2426624578869092,0.5181153109214423
0.2604182474883904,0.4984541020728096
0.2222964154551249,0.4692997735586134
0.1438674234376422,0.4516417000522557
0.0629495856982426,0.4342231318585612
0.0094394026770267,0.4307394182198223
3.0351777096549003e-05,0.4418873018637868
0.0,0.4411252395053126
0.0,0.4569325901410904
0.0,0.4641395227312315
0.0,0.477334088137955
0.0,0.4981492771294199
0.0,0.531157463856471
0.0,0.5738982755617488
0.0,0.6266112175579167
0.0,0.663734541020728
0.0,0.6767331475352726
0.0,0.7034706497125937
0.0,0.712027521337746
0.0,0.7072156418742379
3.0351777096549003e-05,0.6944129942518725
0.0103803077670197,0.6716164431283749
0.0488056575712508,0.6295723741508448
0.0885361337906334,0.6035098414910294
0.118311227122348,0.6178366138303432
0.1392236015418702,0.6549163908726703
0.135338574073512,0.7087397665911862
0.1263240962758369,0.7697047552691169
0.075302758976538,0.8130769900714161
0.0177861413785777,0.847543981884689
0.0001214071083861,0.8602159902456018
0.0,0.8741943912210416
0.0,0.8982755617488243
0.0,0.8876284619404284
0.0,0.8593450618359171
0.0,0.791499738721477
0.0,0.7587963769378157
0.0,0.7440776868141439
0.0,0.7230229925100157
0.0,0.7181240202055391
0.0,0.7228923532485629
0.0,0.7340184636822853
0.0,0.7567061487545723
0.0,0.7796551123497648
3.0351777096549003e-05,0.7955713290367532
0.0097125686708956,0.8118576902978575
0.0481075666980301,0.8167784358125761
0.0897198530973988,0.8283835568716251
0.12207484748232,0.8279698658770249
0.1420463168118493,0.8252917610172443
0.1389200837709047,0.8178017766939557
0.1166722311591343,0.8019073332172095
0.0733602452423589,0.7925230796028566
0.0203963942088809,0.7756923880856993
0.0001214071083861,0.7645227312314927
0.0,0.7673750217732103
0.0,0.762911513673576
0.0,0.7604293677059746
0.0,0.7591229750914474
0.0,0.7267026650409336
0.0,0.7153588225047901
0.0,0.7105251698310399
0.0,0.7198005573941821
0.0,0.737284445218603
0.0,0.7466033792022295
0.0,0.7661774952098938
0.0,0.7873628287754746
0.0,0.8168437554433026
3.0351777096549003e-05,0.8133164953840795
0.0190609160166327,0.8089400801254136
0.0914802561689987,0.7948963595192475
0.1765562873706255,0.7781527608430587
0.2648496069444866,0.7636953492422923
0.2938052022945943,0.7612567496951751
0.2601147297174249,0.7289235324856297
0.1804413148389838,0.6720954537537014
0.0924818648131848,0.6266547639784009
0.0225210186056393,0.6061226267200835
9.105533128964702e-05,0.6429193520292632
0.0,0.6829602856645184
0.0,0.7414213551646055
0.0,0.8178235499041978
0.0,0.8634166521511931
0.0,0.8761539801428322
0.0,0.901193171921268
0.0,0.9305216861174012
0.0,0.9383164953840796
0.0,0.9356166173140568
0.0,0.93030395401498
0.0,0.8957280961504964
0.0,0.8925274342449051
0.0,0.876306392614527
6.0703554193098006e-05,0.8321503222435116
0.010896287977661,0.8003614352900191
0.0595501866634291,0.7850984149102943
0.1283273135642091,0.7920658421877721
0.1937353932072723,0.8009275387563142
0.222083953015449,0.8018855600069674
0.2071205269068504,0.7788930499912907
0.1533978814459586,0.7458630900539975
0.0813124108416547,0.7146620797770423
0.0222782043888669,0.6890132381118272
0.0002124624396758,0.7047117226963944
0.0,0.7373497648493293
0.0,0.7718820762933287
0.0,0.7806566800209023
0.0,0.7888869534924229
0.0,0.7797639784009754
0.0,0.7851419613307786
0.0,0.7962245253440167
0.0,0.8019291064274516
0.0,0.806980491203623
0.0,0.8083522034488765
0.0,0.8092449050688033
0.0,0.8027782616268943
0.0,0.8142527434244905
0.0002124624396758,0.7970954537537014
0.0270737851701217,0.781157463856471
0.0972774455944395,0.7669177843581257
0.1699395999635778,0.7582738198920048
0.2086988193158709,0.7503265981536318
0.1949798160682307,0.7642179062881032
0.1454153640695662,0.7880813447134646
0.0899626673141712,0.8021032921093886
0.0464685707348165,0.8098763281658248
0.0119586001760403,0.8293198049120362
0.0001821106625792,0.8550992858387041
0.0,0.8847108517679847
0.0,0.9102508273819891
0.0,0.9357254833652674
0.0,0.937336700923184
0.0,0.9185464204842362
0.0,0.8566451837658944
0.0,0.8425796899494862
0.0,0.8172574464379028
0.0,0.7945479881553736
0.0,0.7719909423445392
0.0,0.7644356383905243
0.0,0.731013760668873
0.0,0.6778435812576206
0.0002124624396758,0.6511496255007838
0.0183324733663155,0.5861565929280613
0.0583968191337602,0.516221041630378
0.0843475885513096,0.4616138303431458
0.0930281968009227,0.4126676537188643
0.0957902085167086,0.3620231666956976
0.0820712052690685,0.3279698658770249
0.0608856648556773,0.3091578122278348
0.0327495674871763,0.3140785577425535
0.0080432209305854,0.3358953144051559
9.105533128964702e-05,0.3492205190733322
0.0,0.3725178540323985
0.0,0.3979707368054346
0.0,0.4276258491551994
0.0,0.4517723393137084
0.0,0.4725222086744469
0.0,0.4709327643267723
0.0,0.4515981536317714
0.0,0.4681457934157812
0.0,0.4711287232189514
0.0,0.5040933635255181
0.0,0.5433722348022992
0.0,0.5657768681414388
0.0,0.6300513847761714
0.0001214071083861,0.6491682633687511
0.0071933711718821,0.6377808744121233
0.040914195526148,0.6411774952098938
0.0873220627067714,0.6646707890611392
0.120193037302334,0.6782572722522209
0.1322123410325674,0.6956758404459153
0.116763286490424,0.7164039365964118
0.0853491971954958,0.7300992858387041
0.0492002306735059,0.7260059223131858
0.0141135763498952,0.7057786099982581
0.0002124624396758,0.6829820588747605
0.0,0.6636039017592754
0.0,0.6232145967601463
0.0,0.5507533530743772
0.0,0.4754615920571329
0.0,0.4069848458456714
0.0,0.399886779306741
0.0,0.3994730883121407
0.0,0.4392309702142484
0.0,0.4855643616094757
0.0,0.5231231492771294
0.0,0.5797770423271207
0.0,0.6362132032746908
0.0,0.6847674621146141
0.0001517588854827,0.7017505661034663
0.0226727774911221,0.6911470127155548
0.0973685009257292,0.6703318237240898
0.1803806112847907,0.6467078906113918
0.2547121133942392,0.6027260059223132
0.2782650924211612,0.6075596585960634
0.2616323185722524,0.621864657725135
0.2116429416942362,0.6206671311618185
0.1302394755212917,0.6070371015502526
0.0362096700761829,0.5751175753353074
0.000667739096124,0.6130900539975613
0.0,0.6620362306218429
0.0,0.678475004354642
0.0,0.6934985194217035
0.0,0.7112654589792718
0.0,0.7153588225047901
0.0,0.697831388259885
0.0,0.6835481623410555
0.0,0.6513455843929629
0.0,0.6102813098763281
0.0,0.5617052778261626
0.0,0.5093842536143529
0.0,0.4511626894269291
0.0,0.387171224525344
0.0003945731022551,0.3093537711200139
0.0440404285670926,0.2535708064797073
0.1669954775852126,0.1881640829123846
0.3126840076486478,0.1419177843581257
0.4115397456521079,0.1121320327469082
0.4698455094545786,0.1007664170005225
0.4788903390293502,0.1352987284445218
0.4086259750508392,0.1727704232712071
0.2601450814945215,0.1965249956453579
0.0832245727987373,0.2174708238982755
0.0021853279509515,0.2622800905765546
0.0,0.3126415258665738
0.0,0.3495035708064797
0.0,0.3826423967949834
0.0,0.4081605991987458
0.0,0.4065058352203449
0.0,0.4078340010451141
0.0,0.4094669918132729
0.0,0.4051776693955757
0.0,0.4048292980317018
0.0,0.4060050513847761
0.0,0.4109257968994949
0.0,0.4132990768158857
0.0,0.3972739940776868
0.0010319604212826,0.3533792022295767
0.050808874859623,0.2930020902281832
0.1629586912313716,0.2485847413342623
0.2530124138768325,0.2219996516286361
0.3164476280086199,0.2057786099982581
0.3354478404710596,0.2028827730360564
0.3189668255076335,0.2084131684375544
0.2567760342368045,0.221063403588225
0.1596199957507512,0.229358996690472
0.0558169180805536,0.2282267897578819
0.0020942726196618,0.2228705800383208
0.0,0.2207585786448354
0.0,0.2039714335481623
0.0,0.1842449050688033
0.0,0.1655199442605817
0.0,0.141787145096673
0.0,0.1219952969865877
0.0,0.1097587528305173
0.0,0.103814666434419
0.0,0.0944739592405504
0.0,0.0794939905939731
0.0,0.0672139000174185
0.0,0.0656897753004703
0.0,0.0666477965511235
0.0007891462045102,0.0726354293677059
0.0463168118493337,0.0860259536666086
0.1613196952681579,0.1059484410381466
0.2856709260327192,0.1251088660512105
0.3792454548213798,0.1369752656331649
0.4186420614927004,0.1280264762236544
0.4038000424924879,0.1247822678975788
0.3347193978207424,0.1444870231666957
0.2141621391932497,0.1753178888695349
0.074635019880414,0.2218907855774255
0.0030351777096549,0.2867096324682111
0.0,0.3624150844800557
0.0,0.4099677756488417
0.0,0.4423880856993555
0.0,0.4692344539278871
0.0,0.4695610520815189
0.0,0.4731971781919526
0.0,0.4755704581083435
0.0,0.4675143703187598
0.0,0.4634210067932416
0.0,0.4536883818150148
0.0,0.4520118446263717
0.0,0.4454145619230099
0.0,0.4560398885211635
0.0018211066257929,0.4564535795157638
0.0824961301484202,0.4443694478313882
0.2402039639420888,0.4052647622365442
0.3804595259052417,0.3454102072809615
0.4621968616262482,0.3070022644138652
0.485901599538653,0.2830517331475353
0.4396151394664158,0.2685507751262846
0.3286490424014326,0.2636953492422922
0.1796825204115701,0.2573593450618359
0.0512034479618781,0.2741247169482668
0.0020639208425653,0.3227225222086744
0.0,0.3734541020728096
0.0,0.4088791151367357
0.0,0.4471999651628636
0.0,0.4732407246124368
0.0,0.4736761888172792
0.0,0.4854990419787493
0.0,0.5075335307437728
0.0,0.526737502177321
0.0,0.5393224176972653
0.0,0.5751828949660338
0.0,0.6138521163560355
0.0,0.6693738024734367
0.0,0.7335394530569587
0.0020639208425653,0.7970519073332172
0.0717212492791452,0.8338704058526389
0.2128266610010016,0.7702490855251698
0.3586062463957264,0.7285533879115137
0.4398579536831881,0.7154023689252743
0.4526360518408353,0.7085655809092493
0.405681852672474,0.713312140742031
0.289252435730112,0.7529176101724439
0.151485719488876,0.8206758404459153
0.0393359031171275,0.8687510886605121
0.001274774638055,0.921093886082564
0.0,0.9349634210067932
0.0,0.9447613656157464
0.0,0.8481536317714684
0.0,0.8319761365615747
0.0,0.8175622713812924
0.0,0.8036274168263369
0.0,0.8010146315972827
0.0,0.7925013063926145
0.0,0.7982276606862916
0.0,0.8051297683330431
0.0,0.8199573245079255
0.0,0.8294286709632468
0.0,0.9082259188294722
0.0012140710838619,0.9080299599372932
0.0255258445381977,0.8948571677408117
0.0847725134306613,0.8956627765197701
0.1713661334871156,0.9038712767810486
0.2578990499893769,0.9178714509667304
0.2983883206361732,0.9179149973872148
0.3030928460861383,0.920179411252395
0.2884329377485052,0.933809440863961
0.178073876225453,0.9343102246995296
0.0545421434424985,0.921855948441038
0.0025799010532066,0.9152368925274342
0.0,0.8923967949834524
0.0,0.859149102943738
0.0,0.8545767287928933
0.0,0.8474351158334785
0.0,0.8266634732624978
0.0,0.8579515763804215
0.0,0.8749782267897579
0.0,0.9010625326598154
0.0,0.9252090228183244
0.0,0.9407768681414388
0.0,0.9390567845323116
0.0,0.9361609475701096
0.0,0.9689949486152238
0.0013354781922481,0.9624847587528303
0.0368470573952104,0.9490506880334436
0.108082678240811,0.943933983626546
0.1849637296263696,0.9436944783138824
0.2514341214678119,0.9477007489984324
0.2763529304640786,0.9466991813272948
0.266033326251252,0.946916913429716
0.2343157191853583,0.9619404284967776
0.1642638176465232,0.9599155199442606
0.0607642577472911,0.9529045462462984
0.003763620359972,0.9498998432328862
0.0,0.942475178540324
0.0,0.9375544330256051
0.0,0.9294547988155374
0.0,0.91704406897753
0.0,0.8733016896011148
0.0,0.876306392614527
0.0,0.8917435986761888
0.0,0.8894574116007664
0.0,0.8837746037275735
0.0,0.8891525866573767
0.0,0.8952708587354119
0.0,0.8962506531963073
0.0,0.904851071241944
0.0017907548486963,0.9005182024037623
0.0468631438370716,0.9079210938860826
0.1376756609099463,0.9076162689426928
0.2261510911463866,0.8959893746734018
0.2648799587215831,0.8975134993903501
0.2652138282696452,0.8965119317192126
0.2588399550793699,0.8885647099808396
0.2042674598597748,0.8722130290890089
0.1374935502473669,0.8632860128897405
0.0556044556408777,0.8301036404807525
0.0041278416851306,0.835002612785229
0.0,0.8197613656157464
0.0,0.8123584741334262
0.0,0.8085263891308134
0.0,0.792414213551646
0.0,0.7510886605121059
0.0,0.7329080299599373
0.0,0.7048205887476049
0.0,0.6744469604598502
0.0,0.6396315972827034
0.0,0.5954537537014457
0.0,0.536687859257969
0.0,0.4908334784880683
0.0,0.46792806131336
0.0031262330409445,0.4796855948441038
0.0591859653382705,0.488939209197004
0.1525783834643518,0.5117139871102595
0.2092755030807054,0.5430456366486675
0.2534676905332807,0.5733103988852116
0.2305520988253862,0.6222565755094931
0.182110662579294,0.6604250130639261
0.1067168482714663,0.6783443650931893
0.0571523962728017,0.6721825465946699
0.0210337815279084,0.6354293677059746
0.0020032172883722,0.5868097892353249
0.0,0.5283269465249957
0.0,0.4683635255182024
0.0,0.3946176624281484
0.0,0.331497125936248
0.0,0.2975962375892702
0.0,0.2826162689426929
0.0,0.2714683852987284
0.0,0.2737545723741508
0.0,0.2837049294547988
0.0,0.2805478139696917
0.0,0.2835525169831039
0.0,0.2794156070371015
0.0,0.2765415432851419
0.0010926639754757,0.2530482494338965
0.0291984095668801,0.2234149102943738
0.0855616596351716,0.2033400104511409
0.1318784714845054,0.1939122104163037
0.161987434364282,0.1931501480578296
0.1759492518286945,0.1945436335133252
0.1746744771906395,0.1907333217209545
0.1431996843415182,0.1831562445566974
0.0977630740279843,0.1742074551471868
0.0398518833277688,0.1752525692388085
0.0032172883722341,0.1844408639609824
0.0,0.2147056261975265
0.0,0.2515676711374325
0.0,0.287994251872496
0.0,0.3266199268420136
0.0,0.3594974743076119
0.0,0.3953797247866225
0.0,0.4213769378157115
0.0,0.4409510538233757
0.0,0.4582172095453753
0.0,0.4825596585960633
0.0,0.5107777390698485
0.0,0.5268245950182895
0.0,0.5520815188991465
0.0041278416851306,0.5636866399581955
0.0743922056636416,0.5627939383382686
0.1948584089598446,0.5523210242118097
0.3295595957143291,0.5403893049991291
0.4481136370534495,0.5219691691342971
0.5075120648313959,0.5321808047378506
0.49270039760828,0.549599372931545
0.4300543296810028,0.5555434593276433
0.2950496251555529,0.5572853161470127
0.119586001760403,0.5656026824595018
0.010896287977661,0.6430282180804737
0.0,0.7356950008709284
0.0,0.8065450269987807
0.0,0.8399886779306741
0.0,0.8656375195958892
0.0,0.8550339662079777
0.0,0.8577556174882425
0.0,0.7644356383905243
0.0,0.7434898101376066
0.0,0.7665258665737676
0.0,0.7797422051907333
0.0,0.7720344887650235
0.0,0.7592318411426581
0.0,0.7811356906462289
0.0036725650286824,0.80530395401498
0.0398822351048653,0.8426232363699704
0.0835280905697028,0.8677059745688904
0.1292075151000091,0.8677495209893746
0.183658603211218,0.8778958369622016
0.2162867635900082,0.8594539278871277
0.2341639602998755,0.8351332520466818
0.2136158072055118,0.8263151018986239
0.1576471302394755,0.8313882598850374
0.066895316720794,0.856928235499042
0.0068291498467235,0.8890437206061662
0.0,0.9327425535620972
0.0,0.9302821808047378
0.0,0.9154546246298554
0.0,0.914823201532834
0.0,0.9370318759797944
0.0,0.8754136909946002
0.0,0.840903152760843
0.0,0.8137301863786797
0.0,0.790367531788887
0.0,0.7888216338616966
0.0,0.7726441386518028
0.0,0.8258578644835395
0.0,0.8474351158334785
0.0029744741554618,0.7857733844278
0.0384557015813275,0.7299686465772514
0.1128782590220657,0.7085655809092493
0.1921874525753482,0.7100679324159553
0.2497951255045983,0.7212811356906462
0.2571402555619631,0.7320806479707368
0.2202628463896561,0.7485194217035359
0.1580417033417306,0.7503919177843581
0.0965186511670258,0.734323288625675
0.0472273651622302,0.7198223306044244
0.0057364858712477,0.745209893746734
0.0,0.7639566277651977
0.0,0.7877112001393485
0.0,0.8097674621146141
0.0,0.8233539453056958
0.0,0.8141438773732799
0.0,0.8168219822330605
0.0,0.8135995471172269
0.0,0.8334567148580386
0.0,0.8398144922487372
0.0,0.8400975439818846
0.0,0.8465859606340359
0.0,0.8366138303431457
0.0,0.8528348719735238
0.0057061340941512,0.8704711722696394
0.0743922056636416,0.8729968646577251
0.1781649315567426,0.8776127852290542
0.2759280055847269,0.8870623584741334
0.3609736850092573,0.8782224351158334
0.344705132485507,0.8680761191430064
0.3203023036998816,0.8569500087092841
0.2698272983883206,0.8291673924403414
0.177466840683522,0.7940907507402891
0.0794913042158618,0.7662645880508622
0.0083163869244544,0.7661992684201359
0.0,0.7751916042501307
0.0,0.8031266329907681
0.0,0.8292980317017941
0.0,0.8456932590141091
0.0,0.8349155199442606
0.0,0.8333696220170702
0.0,0.8228749346803692
0.0,0.80458543807699
0.0,0.7963333913952273
0.0,0.7818324333739767
0.0,0.7749738721477094
0.0,0.758295593102247
0.0,0.7671137432503048
0.0029137706012687,0.7776084305870057
0.0368167056181139,0.7495427625849155
0.1091146386620936,0.7267897578819021
0.1729444258961362,0.737284445218603
0.2298843597292621,0.7614527085873541
0.2963243997936079,0.7901062532659815
0.3121376756609099,0.7916086047726877
0.2836070051901538,0.8034096847239157
0.204115700974292,0.7777172966382163
0.0912374419522263,0.7463203274690821
0.010562418429599,0.7061923009928583
0.0,0.6585089705626197
0.0,0.6343842536143529
0.0,0.6235194217035359
0.0,0.6171180978923533
0.0,0.5971085176798467
0.0,0.5771860303083086
0.0,0.557524821459676
0.0,0.5506444870231667
0.0,0.5323332172095454
0.0,0.5158944434767462
0.0,0.5148493293851245
0.0,0.5276955234279742
0.0,0.5474438251175753
0.0048866361125443,0.5647753004703013
0.044343946338058,0.5729184811008535
0.0997055877621634,0.5837833130116704
0.1604698455094546,0.5919482668524647
0.2107930919355328,0.6179237066713116
0.2405985370443439,0.6467078906113918
0.2361064740340547,0.6603379202229577
0.1966188120314444,0.664997387214771
0.1447172731963456,0.6814579341578122
0.0725407472607521,0.7159902456018116
0.0109569915318541,0.761430935377112
0.0,0.8080473785054868
0.0,0.8572112872321895
0.0,0.8955103640480753
0.0,0.8989723044765721
0.0,0.8754572374150844
0.0,0.8913081344713465
0.0,0.8907420310050513
0.0,0.8854293677059746
0.0,0.8754790106253266
0.0,0.8678583870405853
0.0,0.8503527260059223
0.0,0.8163211983974917
0.0,0.8037798292980317
0.0107445290921783,0.7684201358648319
0.1035299116763286,0.737284445218603
0.2385346162017786,0.745035708064797
0.3696846450359669,0.7526127852290542
0.4620451027407655,0.7515676711374325
0.4850517497799496,0.7640437206061662
0.4540929371414696,0.7710764675143703
0.3758157040094697,0.7546812402020554
0.2504325128236258,0.7302516983103988
0.1092056939933833,0.6934985194217035
0.012717394603454,0.6548946176624282
0.0,0.6745775997213029
0.0,0.7241334262323637
0.0,0.7746037275735934
0.0,0.8005791673924403
0.0,0.7955060094060268
0.0,0.8074812750391918
0.0,0.8133382685943216
0.0,0.8206976136561575
0.0,0.8379202229576729
0.0,0.8587354119491377
0.0,0.8166477965511235
0.0,0.8183025605295244
0.0,0.8470431980491203
0.0178468449327708,0.8529872844452185
0.1332443014538501,0.8550121929977356
0.2576258839955079,0.834066364744818
0.3544177011564027,0.8294286709632468
0.3991865723738125,0.8429716077338443
0.4008255683370261,0.8570371015502526
0.3506540807964306,0.8706671311618185
0.2651834764925486,0.8806174882424664
0.1563723556014204,0.9267549207455148
0.0532066652502504,0.9959284096847238
0.0059793000880201,0.9983016896011148
0.0,1.0
0.0,0.9957542240027868
0.0,0.9987589270161992
0.0,0.9775518202403762
0.0,0.9327643267723392
0.0,0.9372931545027
0.0,0.831126981362132
0.0,0.8221564187423793
0.0,0.8146011147883644
0.0,0.7979663821633861
0.0,0.7647186901236718
0.0,0.7612785229054172
0.0,0.7525039191778435
0.0026102528303032,0.7025561748824246
0.0213069475217774,0.6986587702490855
0.0529031474792849,0.6490811705277826
0.0767292925000758,0.6125892701619927
0.0845600509909855,0.6005486848981013
0.091055331289647,0.604358996690472
0.0900840744225574,0.65008273819892
0.0838923118948614,0.7347805260407594
0.0636780283485598,0.8095279568019509
0.0370898716119828,0.8691647796551123
0.0048866361125443,0.9069412994251872
0.0,0.9483539453056958
0.0,0.9720649712593624
0.0,0.9696916913429716
0.0,0.960198571677408
0.0,0.903740637519596
0.0,0.860825640132381
0.0,0.8117270510364047
0.0,0.7613873889566277
0.0,0.7063882598850374
0.0,0.6540890088834698
0.0,0.5772078035185507
0.0,0.4942083260755965
3.0351777096549003e-05,0.4157812227834871
0.0064649285215649,0.3562750391917784
0.0539351079005675,0.2993816408291238
0.1136370534494794,0.2691604250130639
0.171882113697757,0.2660033095279568
0.2042674598597748,0.3046725309179585
0.2086988193158709,0.3613264239679498
0.1944031323033963,0.4385995471172269
0.1687255288797159,0.5172226093015154
0.1260812820590645,0.5851332520466818
0.0638297872340425,0.6339705626197526
0.0110783986402403,0.6860085350984149
0.0,0.7594931196655634
0.0,0.8159292806131336
0.0,0.8354816234105557
0.0,0.8694478313882599
0.0,0.8826641700052256
0.0,0.8980360564361609
0.0,0.90378418394008
0.0,0.9001045114091621
0.0,0.9004093363525518
0.0,0.8825335307437728
0.0,0.8760451140916217
0.0,0.8583217209545375
3.0351777096549003e-05,0.8416652151193171
0.0085895529183233,0.8133382685943216
0.064133305005008,0.7706410033095279
0.1551582845175585,0.7728836439644661
0.2311591343673172,0.8019073332172095
0.2656084013719003,0.8431457934157812
0.294837162715877,0.848284271032921
0.2982365617506905,0.8304084654241422
0.2627856861019212,0.8210895314405156
0.1931890612195344,0.7947657202577948
0.0975202598112119,0.7537449921616443
0.0147206118918262,0.7140959763107473
0.0,0.6566582476920397
0.0,0.6187728618707542
0.0,0.5915128026476224
0.0,0.5678888695349242
0.0,0.5214466120884863
0.0,0.4904851071241944
0.0,0.4640088834697787
0.0,0.4315885734192649
0.0,0.4110346629507054
0.0,0.3951402194739592
0.0,0.3859083783313011
0.0,0.3958587354119491
3.0351777096549003e-05,0.3929193520292632
0.010896287977661,0.3942475178540324
0.0809785412935927,0.3834044591534575
0.1739156827632257,0.3791151367357603
0.2410234619236956,0.4003875631423097
0.2689470968525207,0.4272992510015677
0.2727714207666858,0.4379463508099634
0.2449084893920539,0.448375718515938
0.2022945943484991,0.4491595540846542
0.1531550672291862,0.4330038320850026
0.0764257747291103,0.4111870754224003
0.0137797068018332,0.3949660337920223
0.0,0.4072243511583348
0.0,0.4316756662602334
0.0,0.4244251872496081
0.0,0.4071808047378505
0.0,0.3863220693259014
0.0,0.3857124194391221
0.0,0.3888477617139871
0.0,0.3915258665737676
0.0,0.3943999303257272
0.0,0.3914605469430413
0.0,0.3946612088486326
0.0,0.3788103117923707
0.0,0.3527477791325553
0.0098036240021853,0.3219604598502003
0.0720551188272073,0.309375544330256
0.1704859319513157,0.2915650583522034
0.2641211642941694,0.271577251349939
0.2948675144929735,0.276171398711026
0.2577776428809907,0.2739940776868141
0.2054815309436367,0.2381553736282877
0.1411357634989528,0.1972870580038321
0.0776094940358758,0.1604467862741682
0.0290770024584939,0.1353640480752482
0.0035511579202962,0.124455669743947
0.0,0.1534140393659641
0.0,0.1965903152760843
0.0,0.2373715380595715
0.0,0.2994905068803344
0.0,0.3373105730708935
0.0,0.3834480055739418
0.0,0.4218777216512802
0.0,0.4723262497822679
0.0,0.5183765894443476
0.0,0.5431109562793939
0.0,0.5676275910120188
0.0,0.5886605121059049
3.0351777096549003e-05,0.5981100853509841
0.0096518651167025,0.5817366312489113
0.0748171305429933,0.5703492422922836
0.1758885482745014,0.5588747604946873
0.2783561477524509,0.5569369447831388
0.3580902661850851,0.5606819369447831
0.3836464625003794,0.6007446437902805
0.3892311894861444,0.5951924751785403
0.3675296688621118,0.5633382685943216
0.2647889033902935,0.5138913081344714
0.1353082222964154,0.4711287232189514
0.0245242358940115,0.4674708238982755
3.0351777096549003e-05,0.52950269987807
0.0,0.6206235847413343
0.0,0.6850287406375196
0.0,0.7207368054345933
0.0,0.7220867444696046
0.0,0.7245906636474482
0.0,0.7201924751785403
0.0,0.7316016373454102
0.0,0.7502612785229054
0.0,0.7600592231318586
0.0,0.7576859432154677
0.0,0.7484976484932938
0.0,0.7442736457063229
0.009014477797675,0.7316016373454102
0.0617355146143806,0.7301863786796725
0.164476280086199,0.7259406026824595
0.2930767596442771,0.7076293328688381
0.388047470179379,0.7018158857341926
0.4151516071265972,0.6968733670092319
0.3797614350320211,0.7054302386343843
0.2719822745621756,0.7246995296986588
0.1596503475278477,0.7785011322069326
0.0785807509029653,0.8408378331301167
0.0150544814398883,0.8933548162341055
6.0703554193098006e-05,0.914453056958718
0.0,0.907442083260756
0.0,0.8873889566277652
0.0,0.8440167218254659
0.0,0.8077860999825814
0.0,0.8097239156941299
0.0,0.7744948615223829
0.0,0.7750174185681937
0.0,0.7633905242989026
0.0,0.7747561400452883
0.0,0.7858822504790106
0.0,0.7884297160773385
6.0703554193098006e-05,0.7849895488590838
0.0212158921904877,0.7926754920745515
0.113667405226576,0.7976397840097543
0.2453637660485021,0.7940472043198049
0.3608219261237745,0.8005573941821982
0.4441982578079946,0.808439296289845
0.4609827905423863,0.7853814666434419
0.4455640877773393,0.7300992858387041
0.4093240659240598,0.6737502177321024
0.3136249127386408,0.6353858212854904
0.1645369836403921,0.5235150670614875
0.0306249430904179,0.436030308308657
6.0703554193098006e-05,0.4427146838529873
0.0,0.4617662428148406
0.0,0.4858256401323811
0.0,0.4907681588573419
0.0,0.4939688207629333
0.0,0.5076206235847414
0.0,0.4951663473262497
0.0,0.4819717819195262
0.0,0.4539278871276781
0.0,0.4321111304650757
0.0,0.4282137258317366
0.0,0.4197657202577948
6.0703554193098006e-05,0.4021511931719213
0.0378790178164931,0.3755225570458108
0.1713661334871156,0.3180412820066191
0.3180866239718335,0.2694434767462114
0.4327859896196922,0.2259188294722174
0.4845357695693082,0.1862262672008361
0.4739429993626127,0.1508883469778784
0.415971105108204,0.1246516286361261
0.3163869244544268,0.1189035011322069
0.2024160014568853,0.1241726180107995
0.0928764379154399,0.12685072287058
0.0136279479163505,0.1290933635255182
3.0351777096549003e-05,0.1489505312663299
0.0,0.1636256749695175
0.0,0.1613612611043372
0.0,0.1659989548859083
0.0,0.1718559484410381
0.0,0.1922356732276607
0.0,0.2224351158334785
0.0,0.2453840794286709
0.0,0.2613220693259014
0.0,0.2693563839052429
0.0,0.2726223654415607
0.0,0.2835960634035882
6.0703554193098006e-05,0.2771511931719213
0.012717394603454,0.271947395924055
0.0787325097884481,0.2587746037275736
0.1822927732418733,0.2470823898275561
0.2721643852247549,0.2626937815711548
0.3087382766260965,0.2980534750043546
0.3237927580659848,0.3189122104163038
0.3142015965034753,0.3173880856993555
0.2751388593802167,0.282267897578819
0.2103378152790846,0.2369360738547291
0.1191307251039548,0.1933678801602508
0.0297143897775214,0.1602072809615049
0.0002124624396758,0.1600766417000522
0.0,0.1816321198397491
0.0,0.2138564709980839
0.0,0.2314709980839575
0.0,0.2631292457759972
0.0,0.2854467862741682
0.0,0.2950923184114266
0.0,0.2949616791499738
0.0,0.2887780874412123
0.0,0.290389304999129
0.0,0.2730796028566452
0.0,0.2609736979620275
0.0002428142167723,0.2504572374150844
0.0322639390536315,0.2341926493642222
0.1330925425683674,0.2123758927016199
0.2586881961938871,0.1923880856993555
0.3495007132667618,0.1828078731928235
0.4033144140589431,0.1940210764675143
0.3968191337602816,0.2094365093189339
0.3511397092299754,0.2216295070545201
0.2968100282271527,0.223458456714858
0.2144353051871187,0.1970040062706845
0.1200412784168513,0.153762410729838
0.0289859471272042,0.1183809440863961
0.0003035177709654,0.1049251001567671
0.0,0.1156592928061313
0.0,0.1294199616791499
0.0,0.1484715206410033
0.0,0.1642135516460547
0.0,0.1749259710851768
0.0,0.1672400278697091
0.0,0.1610564361609475
0.0,0.1469909423445392
0.0,0.1358430587005748
0.0,0.1256749695175056
0.0,0.1250435464204842
0.000333869548062,0.1346019857167741
0.0308374055300937,0.1459893746734018
0.1332443014538501,0.1504964291935203
0.2532855798707014,0.1281135690646228
0.3627340880808571,0.1214727399407768
0.3964852642122196,0.1390654938164083
0.3844052569277931,0.1754049817105034
0.3222448174340607,0.2180804737850548
0.2384435608704889,0.2797204319804912
0.1487540595501866,0.3373758927016199
0.0658330045224147,0.4050252569238808
0.0105320666525025,0.4454798815537363
6.0703554193098006e-05,0.5112567496951751
0.0,0.5695436335133252
0.0,0.5963464553213725
0.0,0.6149843232886256
0.0,0.610063577773907
0.0,0.5861565929280613
0.0,0.5595932764326772
0.0,0.5515371886430935
0.0,0.5364265807350636
0.0,0.5475526911687859
0.0,0.5483365267375022
0.0,0.5546289844974743
0.0002124624396758,0.5678888695349242
0.0182717698121225,0.5626197526563317
0.075302758976538,0.5387127678104859
0.1425926487995872,0.5281309876328165
0.1709715603848605,0.5168960111478836
0.170941208607764,0.5055957150322243
0.1597414028591374,0.4938817279219648
0.1376149573557532,0.4753744992161644
0.1101162473062797,0.4618533356558091
0.07308707924849,0.4597195610520815
0.0391841442316447,0.4606775823027347
0.0101071417731508,0.4623323462811357
0.0002124624396758,0.4640306566800209
0.0,0.471803692736457
0.0,0.4574551471869012
0.0,0.433090924925971
0.0,0.4090533008186727
0.0,0.3969909423445392
0.0,0.3837746037275736
0.0,0.3901541543285142
0.0,0.4033269465249956
0.0,0.4043938338268594
0.0,0.3994730883121407
0.0,0.3913952273123149
0.0002428142167723,0.3732363699703884
0.0188484535769569,0.3616312489113394
0.0809785412935927,0.3459545375370144
0.1717910583664673,0.3206976136561574
0.2475490939994536,0.3191081693084828
0.2996934470513248,0.3231797596237589
0.3353871369168665,0.3404676885560007
0.3322609038759219,0.3591055565232537
0.2856709260327192,0.3588660512105905
0.2117643488026224,0.3389217906288103
0.1208607763984581,0.2856427451663473
0.031292682186542,0.2498040411078209
0.0003035177709654,0.2513934854554955
0.0,0.3030613133600418
0.0,0.3752830517331475
0.0,0.4273210242118098
0.0,0.4593711896882076
0.0,0.4840402368925274
0.0,0.4973218951402195
0.0,0.4994992161644312
0.0,0.4972783487197352
0.0,0.5127808744121233
0.0,0.5356427451663474
0.0,0.5577860999825814
0.000940905089993,0.5772295767287929
0.050808874859623,0.5913386169656855
0.1792272437551218,0.5962593624804041
0.3084044070780344,0.5920353596934332
0.4203417610101071,0.6021816756662602
0.4822290345099705,0.6183156244556697
0.4837769751418945,0.636605121059049
0.4488724314808632,0.6302037972478662
0.3755121862385042,0.6277434244905069
0.2658815673657693,0.6139827556174883
0.1344583725377121,0.5792327120710677
0.0315961999575075,0.5505356209719561
0.0003642213251585,0.5225570458108343
0.0,0.4971259362480403
0.0,0.4766373454102072
0.0,0.4501611217557916
0.0,0.4306740985890959
0.0,0.4056566800209022
0.0,0.3802255704581083
0.0,0.3509841491029437
0.0,0.3294939905939731
0.0,0.3011888172792196
0.0,0.2720780351855077
0.0,0.2568585612262672
0.0004249248793516,0.2521337746037275
0.0178771967098673,0.2528522905417175
0.0764257747291103,0.2256575509493119
0.1556439129511032,0.223828601288974
0.2363189364737305,0.2474525344016722
0.3080098339757793,0.2602987284445218
0.364221325158588,0.2606035533879115
0.3739035420523872,0.2677887127678104
0.3526269463077063,0.2664823201532834
0.2867028864540019,0.2615833478488068
0.1684220111087504,0.2372191255878766
0.0475005311560991,0.220323114439993
0.0010623121983792,0.2424011496255007
0.0,0.3010581780177669
0.0,0.3554041107820937
0.0,0.4188294722173837
0.0,0.4741769726528479
0.0,0.5398014283225919
0.0,0.5912950705452011
0.0,0.6241072983800732
0.0,0.6616007664170005
0.0,0.7056479707368054
0.0,0.7477355861348197
0.0,0.7943738024734367
0.001608644186117,0.8442562271381292
0.0223692597201566,0.8573419264936422
0.0536012383525055,0.8577556174882425
0.0908732206270677,0.8582346281135691
0.1269311318177679,0.8621755791673924
0.1396788781983185,0.8648754572374151
0.1411661152760494,0.8474351158334785
0.1296020882022642,0.8334567148580386
0.1024372477008528,0.8298641351680892
0.0710838619601177,0.8302342797422052
0.0361793182990864,0.8546420484236196
0.0088323671350957,0.8893703187597979
0.0002428142167723,0.929563664866748
0.0,0.9510973697962029
0.0,0.9582389827556176
0.0,0.9621581605991988
0.0,0.9443694478313882
0.0,0.953187597979446
0.0,0.938055216861174
0.0,0.9200923184114266
0.0,0.8868446263717122
0.0,0.8333043023863438
0.0,0.8009275387563142
0.0,0.7391787145096673
0.0009712568670895,0.6814361609475701
0.0290770024584939,0.6147448179759624
0.1108750417336935,0.5841534575857864
0.2039942938659058,0.5908160599198746
0.2991167632864904,0.6076249782267897
0.3534160925122166,0.6307916739244034
0.3714753998846632,0.651563316495384
0.3498042310377273,0.6460546943041282
0.3052174704828967,0.6404154328514196
0.2328588338847239,0.5925143703187598
0.1377363644641393,0.5321590315276085
0.0402161046529274,0.4960372757359345
0.0011230157525723,0.5024603727573593
0.0,0.5661470127155548
0.0,0.6558090924925971
0.0,0.7030134122975091
0.0,0.7330822156418743
0.0,0.7730142832259188
0.0,0.8005356209719561
0.0,0.8327599721302908
0.0,0.8500914474830169
0.0,0.8860172443825117
0.0,0.9151280264762236
0.0,0.9323070893572548
0.0015479406319239,0.9514021947395924
0.0453759067593407,0.9453710155025256
0.153640695662731,0.9297160773384427
0.2927428900962151,0.913712767810486
0.4176708046256108,0.9195915345758578
0.4706650074361854,0.9064840620101028
0.5005008043220931,0.8916129594147361
0.502595076941755,0.8807263542936771
0.4583421859349865,0.8618489810137606
0.3345372871581631,0.8274473088312141
0.1824748839044526,0.7776302037972479
0.0483503809148025,0.7199747430761191
0.0014265335235378,0.666303779829298
0.0,0.656157463856471
0.0,0.6742074551471869
0.0,0.7249608082215642
0.0,0.7637171224525344
0.0,0.7786535446786274
0.0,0.7808526389130813
0.0,0.7860128897404633
0.0,0.7945697613656157
0.0,0.8084610695000871
0.0,0.8222870580038321
0.0,0.8121842884514893
0.0022460315051446,0.8298205887476049
0.0539351079005675,0.8537058003832085
0.1749476431845084,0.8832302734715206
0.313412450298965,0.8945741160076641
0.4234072904968586,0.894552342797422
0.4925182869457006,0.8961200139348545
0.5136734755819953,0.8891743598676188
0.5120951831729748,0.878309527956802
0.4710595805384405,0.8518115310921442
0.358970467720885,0.8330647970736805
0.212189273681974,0.7629332868838181
0.0760615534039518,0.6859867618881728
0.0019425137341791,0.6204929454798815
0.0,0.5482929803170179
0.0,0.4525561748824246
0.0,0.364505312663299
0.0,0.2820719386866399
0.0,0.210546943041282
0.0,0.1510407594495732
0.0,0.1134384253614353
0.0,0.0815842187772165
0.0,0.0609214422574464
0.0,0.04831475352726
0.0,0.0445915345758578
0.0049169878896409,0.0506880334436509
0.096973927823474,0.062685072287058
0.2741676025131271,0.0732450792544852
0.4728503353871369,0.0794068977530047
0.6139860988860898,0.0894661208848632
0.6668285428111816,0.108974917261801
0.6694691474185813,0.1216033792022295
0.6059125261784077,0.1473393137084131
0.4939448204692385,0.1830691517157289
0.3644641393753604,0.2280090576554607
0.2081828391052296,0.2704232712071068
0.0612802379579324,0.2952447308831214
0.0016693477403101,0.3489156941299425
0.0,0.4455234279742205
0.0,0.5139784009754398
0.0,0.5676493642222609
0.0,0.5932328862567496
0.0,0.6180978923532485
0.0,0.6256749695175057
0.0,0.6312271381292458
0.0,0.6387606688730186
0.0,0.6443346106950009
0.0,0.6517592753875632
0.0,0.6652586657376763
0.0063738731902752,0.6837658944434767
0.1172185631468722,0.6698528130987633
0.3247336631559778,0.6275039191778435
0.5363462530731175,0.5311139174359868
0.6918687589158345,0.4942300992858387
0.77299905909491,0.4913342623236369
0.7784927307493854,0.4685594844103815
0.7161501805930738,0.4414300644487023
0.6021792575955323,0.4433678801602508
0.4463228822047531,0.4898319108169308
0.254590706285853,0.5367967253091795
0.0790360275594136,0.5138042152935028
0.0026406046073997,0.5044852813098764
0.0,0.5170484236195785
0.0,0.5275213377460373
0.0,0.5356862915868316
0.0,0.5185725483365268
0.0,0.4950139348545549
0.0,0.464422574464379
0.0,0.446916913429716
0.0,0.4308482842710329
0.0,0.4035446786274168
0.0,0.3798771990942344
0.0,0.3602813098763281
0.0076182960512337,0.3264457411600766
0.120800072844265,0.2802212158160599
0.3290436155036877,0.2272034488765023
0.5364676601815036,0.1706584218777216
0.6783925698849668,0.1405896185333565
0.7530579415424773,0.1254572374150844
0.7671715178923726,0.1177930674098589
0.7271071721249279,0.1156157463856471
0.6284031930069506,0.1144182198223306
0.472304003399399,0.1018550775126284
0.265092421161259,0.0814753527260059
0.0773666798191034,0.0626197526563316
0.0028834188241721,0.0572199965162863
0.0,0.0581344713464553
0.0,0.0583739766591186
0.0,0.0569369447831388
0.0,0.051820240376241
0.0,0.060290019160425
0.0,0.0782093711896882
0.0,0.1047073680543459
0.0,0.1343842536143529
0.0,0.1671964814492248
0.0,0.1897970736805434
0.0,0.2222827033617836
0.0041278416851306,0.2607559658596063
0.0627067714814702,0.261256749695175
0.1673293471332746,0.2627155547813969
0.2888275108507603,0.258665737676363
0.3917200352080614,0.2739505312663299
0.4760372719822746,0.2964204842361957
0.5340698697908762,0.3182807873192823
0.532339818496373,0.3247038843407072
0.4658390748778341,0.3269900714161295
0.3485901599538653,0.3215685420658422
0.2087898746471606,0.3020161992684201
0.0670774273833733,0.2829864135168089
0.0029744741554618,0.2785664518376589
0.0,0.2984018463682285
0.0,0.3245514718690123
0.0,0.3398144922487371
0.0,0.3574725657550949
0.0,0.3858212854903327
0.0,0.40008273819892
0.0,0.4247953318237241
0.0,0.4510102769552342
0.0,0.4647056261975265
0.0,0.4864135168089183
0.0,0.5062489113394879
0.008680608249613,0.5281745340533008
0.1127568519136795,0.5067714683852987
0.2954745500349045,0.4614614178714509
0.4932467295960178,0.412798292980317
0.650377879624852,0.4087267026650409
0.7253771208304246,0.4075944957324507
0.7180926943272529,0.4000391917784358
0.6585425076638237,0.383295593102247
0.560870488967129,0.3519857167740811
0.4145142198075697,0.3191952621494513
0.2399004461711233,0.2827033617836614
0.0766382371687862,0.2209109911165302
0.0039760827996479,0.1874891133948789
0.0,0.1728139696916913
0.0,0.1534793589966904
0.0,0.1415911862044939
0.0,0.1299642919352029
0.0,0.1201663473262497
0.0,0.1153544678627416
0.0,0.1046638216338616
0.0,0.0963029089008883
0.0,0.0876371712245253
0.0,0.0775561748824246
0.0,0.0668873018637868
0.007132667617689,0.0540411078209371
0.0865329165022612,0.0423053475004354
0.2331623516556894,0.031157463856471
0.3990955170425228,0.0223828601288974
0.5477888730385164,0.0154589792719038
0.6392691292075151,0.0142179062881031
0.6607278356147752,0.0181153109214422
0.61996539897411,0.0225570458108343
0.5309132849728352,0.0275648841665215
0.3866816402100343,0.0362523950531266
0.2205056606064285,0.0433504615920571
0.0716908975020487,0.0534096847239157
0.0035208061431996,0.0647535272600592
0.0,0.0770553910468559
0.0,0.0827381989200487
0.0,0.0847631074725657
0.0,0.0786230621842884
0.0,0.0723741508448005
0.0,0.0713725831736631
0.0,0.0740289148232015
0.0,0.0780569587179933
0.0,0.0806479707368054
0.0,0.0851332520466817
0.0,0.0994600243859954
0.0070416122863993,0.1074725657550949
0.0749385376513794,0.1210808221564187
0.1904574012808449,0.1172051907333217
0.3109539563541445,0.1241943912210416
0.4071387379731083,0.1343407071938686
0.4662336479800892,0.1433983626545898
0.4808935563177224,0.1528697091099111
0.4445321273560567,0.1743598676188817
0.3640999180502018,0.220867444696046
0.2621179470057972,0.2716425709806654
0.1463562691595593,0.3150583522034488
0.0476219382644853,0.341447483016896
0.0025191974990135,0.3590837833130116
0.0,0.38312140742031
0.0,0.4030438947918481
0.0,0.4334392962898449
0.0,0.4308265110607908
0.0,0.4416042501306392
0.0,0.4709327643267723
0.0,0.506836788016025
0.0,0.5154154328514196
0.0,0.5312445566974394
0.0,0.5561748824246647
3.0351777096549003e-05,0.5664736108691866
0.0060096518651167,0.5642745166347326
0.0629799374753391,0.5431762759101202
0.1642941694236197,0.5668219822330605
0.2726500136582997,0.6239984323288625
0.3457370929067897,0.6998345236021599
0.3512914681154581,0.7474089879811879
0.3423073420948797,0.7531135690646229
0.350896895013203,0.7284009754398189
0.3401220141439281,0.6984628113569065
0.2749263969405409,0.6800644487023166
0.175918900051598,0.6611653022121582
0.064740340546939,0.6185769029785751
0.0048866361125443,0.5730926667827905
0.0,0.5696089531440516
0.0,0.5861783661383034
0.0,0.6129594147361087
0.0,0.6113699703884341
0.0,0.6087354119491377
0.0,0.5982189514021947
0.0,0.583326075596586
0.0,0.5664736108691866
0.0,0.5511234976484933
0.0,0.5468994948615223
6.0703554193098006e-05,0.5462462985542589
0.0187573982456672,0.5395836962201707
0.1603787901781649,0.5045506009406027
0.3829483716271588,0.5125195958892179
0.60017604030716,0.4880029611565929
0.7599781467204905,0.4816016373454101
0.8575894618629921,0.4730665389304999
0.9000515980210642,0.4450879637693781
0.8680304731842049,0.3898493293851245
0.766807296567214,0.4071154851071242
0.5965641788326707,0.432524821459676
0.3617021276595745,0.5347718167566626
0.1272042978116368,0.540367531788887
0.0091965884602543,0.518986239331127
0.0,0.5502743424490507
0.0,0.584066364744818
0.0,0.6029219648144922
0.0,0.5956714858038669
0.0,0.5962811356906462
0.0,0.5897273994077686
0.0,0.5705452011844626
0.0,0.5389304999129072
0.0,0.5119099460024386
0.0,0.4882424664692562
9.105533128964702e-05,0.4678845148928758
0.0242207181230461,0.4676885560006967
0.1880899626673141,0.4334828427103292
0.4426199653989741,0.3965337049294548
0.6786050323246426,0.4188294722173837
0.8428384981940693,0.4538407942867096
0.9357452878866056,0.4481144399930326
0.9575682156190244,0.4051994426058178
0.9093695935897048,0.3573636997038843
0.7997389747169696,0.3274690820414562
0.617810422800255,0.323571677408117
0.3729626369623942,0.3194129942518725
0.1304519379609676,0.315820414561923
0.0100160864418611,0.3303866922139
0.0,0.4013238111827207
0.0,0.4789670789061139
0.0,0.512715554781397
0.0,0.5257141612959415
0.0,0.5291978749346804
0.0,0.5161774952098938
0.0,0.503135342274865
0.0,0.4802081518899146
0.0,0.4324595018289496
0.0,0.3799642919352029
6.0703554193098006e-05,0.3634601985716774
0.0262542871885148,0.3765676711374325
0.1896379032992381,0.3491769726528479
0.4398883054602847,0.2860782093711896
0.6718365860321122,0.2875370144574116
0.8360093483473457,0.3278174534053301
0.9251828694570068,0.3211113046507577
0.9466719276413634,0.3122496080822156
0.9003247640149331,0.3043459327643267
0.7880838923118949,0.3001001567671137
0.60272558958327,0.3020597456889043
0.3641909733814915,0.3090707193868663
0.130087716635809,0.3045636648667479
0.0110176950860472,0.3227225222086744
0.0,0.4206584218777216
0.0,0.5020902281832433
0.0,0.5371668698832955
0.0,0.5425448528130987
0.0,0.5449181327294896
0.0,0.535403239853684
0.0,0.509406026824595
0.0,0.4829298031701794
0.0,0.4525561748824246
0.0,0.416303779829298
3.0351777096549003e-05,0.3860390175927539
0.0271041369472182,0.3661600766417
0.1961635353749962,0.3025169831039888
0.4466871035299117,0.2163168437554433
0.6751752815127325,0.2139217906288103
0.83834643518378,0.2301210590489461
0.9211764348802622,0.2352813098763281
0.9372932285185298,0.257751262846194
0.8916138039882235,0.2829428670963246
0.7794032840622819,0.3225265633164954
0.5948341275381673,0.3641569412994251
0.3599417245879746,0.3968603030830865
0.1309375663945124,0.40635342274865
0.0119889519531368,0.4228357429019334
0.0,0.4892658073506358
0.0,0.539823201532834
0.0,0.5446786274168264
0.0,0.5214248388782442
0.0,0.4980839574986936
0.0,0.476963943563839
0.0,0.4480708935725483
0.0,0.4271468385298728
0.0,0.4082912384601985
0.0,0.4067453405330082
3.0351777096549003e-05,0.4130595715032224
0.0264060460739976,0.3988634384253614
0.1773757853522323,0.3453666608604772
0.4000060703554193,0.2756923880856993
0.601723980939084,0.2701837658944435
0.7319331046832792,0.3256183591708761
0.7896014811667224,0.3717993380944086
0.7889640938476948,0.3760015676711374
0.7340273773029411,0.3665955408465424
0.6238200746653717,0.3946829820588747
0.4648981697878411,0.4313708413168437
0.275654839590858,0.4501175753353074
0.1064133305005008,0.4418655286535446
0.0110176950860472,0.4199399059397317
0.0,0.471433548162341
0.0,0.5087092840968472
0.0,0.5045506009406027
0.0,0.4718907855774255
0.0,0.440646228879986
0.0,0.4085307437728618
0.0,0.3942039714335481
0.0,0.3857777390698484
0.0,0.3931370841316843
0.0,0.4034793589966904
0.0001214071083861,0.4146707890611392
0.0315051446262178,0.4028697091099111
0.1849637296263696,0.3401193171921268
0.4097793425805081,0.2353030830865702
0.6248823868637509,0.1849851942170353
0.7767323276777856,0.2142701619926842
0.8583786080675023,0.2531135690646229
0.8723100737548184,0.2785446786274168
0.8264485385619328,0.2955931022469953
0.7168786232433909,0.3268594321546769
0.5449358059914408,0.3616965685420658
0.3257656235772604,0.3931588573419264
0.1203447961878168,0.4117749520989374
0.0123531732782954,0.4239026302037972
0.0,0.4901149625500783
0.0,0.5015676711374325
0.0,0.4609606340358822
0.0,0.3979271903849503
0.0,0.3411426580735063
0.0,0.2994687336700923
0.0,0.2777608430587006
0.0,0.2619534924229228
0.0,0.2626720083609127
0.0,0.2749738721477094
0.0001517588854827,0.2847500435464205
0.0355419309800588,0.2960067932415955
0.1914286581479345,0.2713377460372757
0.4136340182717698,0.2074333739766591
0.6253680152972957,0.1783879115136735
0.7786141378577716,0.1990506880334436
0.8644793152639088,0.2248954885908378
0.8842383221537621,0.2547247866225396
0.8397426169302212,0.2602334088137955
0.7287461680881415,0.2819630726354293
0.5539502837891158,0.3850374499216164
0.3349622120375148,0.4489853684027173
0.1262330409445473,0.4764631597282703
0.0137190032476401,0.5001524124716948
0.0,0.54204406897753
0.0,0.5524952098937467
0.0,0.5277172966382163
0.0,0.5
0.0,0.4900060964988678
0.0,0.4878940951053823
0.0,0.493925274342449
0.0,0.4921834175230796
0.0,0.5138913081344714
0.0,0.5401062532659815
9.105533128964702e-05,0.5566756662602333
0.0196983033356603,0.5618576902978575
0.1001912161957082,0.5815188991464901
0.1953440373933893,0.6190123671834175
0.2610859865845145,0.6099329385124542
0.3033660120800073,0.6396315972827034
0.3070689288857862,0.6659554084654241
0.2975384708774699,0.6681545026998781
0.2786596655234164,0.6882947221738372
0.2448781376149573,0.6926058178017767
0.2006555983852854,0.7060181153109214
0.1334264121164294,0.7246342100679324
0.0590342064527878,0.6939993032572722
0.0081342762618751,0.6569630726354293
0.0,0.6118054345932764
0.0,0.5530395401497997
0.0,0.4910947570109737
0.0,0.4344626371712245
0.0,0.3892614527085873
0.0,0.3469996516286361
0.0,0.3152107646751437
0.0,0.3097021424838878
0.0,0.3310616617314056
0.0,0.3402064100330952
0.0002428142167723,0.3424708238982755
0.0299572039942938,0.340707193868664
0.1586487388836616,0.3167566626023341
0.3275260266488602,0.2870362306218428
0.4855677299905909,0.287994251872496
0.6084013719003247,0.2939165650583522
0.652532855798707,0.2824856296812402
0.6681640210034298,0.2651977007489984
0.6464928521564938,0.2528740637519596
0.5753786384192795,0.2442736457063229
0.4471423801863599,0.2484105556523254
0.2754423771511822,0.2339095976310747
0.1104804686314383,0.201511060790803
0.0138404103560263,0.190450269987807
0.0,0.2059310224699529
0.0,0.2295767287928932
0.0,0.2217601463159728
0.0,0.2236326423967949
0.0,0.2143137084131684
0.0,0.1962637171224525
0.0,0.1757315798641351
0.0,0.1538059571503222
0.0,0.1474481797596237
0.0,0.1446612088486326
0.0002428142167723,0.1375849155199442
0.0350866543236106,0.123715380595715
0.1734907578838741,0.0959109911165302
0.3847391264758552,0.0712637171224525
0.5872461832640301,0.0695654067235673
0.6910189091571312,0.0702621494513151
0.6768749810301393,0.0726789757881902
0.6555073299541688,0.0678888695349242
0.6526239111299966,0.0662341055565232
0.602998755577139,0.0733539453056958
0.4836859198106049,0.0825204668176275
0.3287097459556257,0.0966512802647622
0.1438370716605457,0.1099111653022121
0.0200018211066257,0.1197962027521337
0.0,0.1459458282529176
0.0,0.1807176450095802
0.0,0.2084131684375544
0.0,0.2231318585612262
0.0,0.2377416826336875
0.0,0.2531788886953492
0.0,0.258665737676363
0.0,0.2716207977704232
0.0,0.2835089705626197
0.0,0.2882119839749172
0.0003642213251585,0.3015589618533356
0.0492912860047955,0.287428148406201
0.2277597353325037,0.2634776171398711
0.457765502170152,0.2301428322591883
0.6614259264879959,0.241530221215816
0.7988587731811697,0.2840097543981885
0.8642365010471363,0.2896707890611392
0.8554648374662337,0.284118620449399
0.7991319391750387,0.2931109562793938
0.6955109721674204,0.3062619752656331
0.537651379488269,0.2975526911687859
0.3375421130907214,0.2816147012715554
0.1361580720551188,0.2578601288974046
0.0178771967098673,0.242444696045985
0.0,0.2355861348197178
0.0,0.237654589792719
0.0,0.2435986761888172
0.0,0.2497387214770945
0.0,0.25627068454973
0.0,0.2620623584741334
0.0,0.2647404633339139
0.0,0.2697700748998432
0.0,0.2825509493119665
0.0,0.2913255530395401
0.0004249248793516,0.3051733147535272
0.0457401280844993,0.3110520815188991
0.2002913770601268,0.3076772339313708
0.406622757762467,0.3181066016373454
0.6016025738306978,0.3459327643267723
0.7381248672109753,0.3490898798118794
0.771117248914924,0.3770031353422748
0.756578747685677,0.4140611391743599
0.7110510820408535,0.4640959763107472
0.6295565605366195,0.5041369099460025
0.4989225119130725,0.5286535446786274
0.3176313473153853,0.547574464379028
0.1271132424803472,0.5548467165998955
0.0165417185176192,0.5676493642222609
0.0,0.5887476049468734
0.0,0.6179019334610695
0.0,0.634035882250479
0.0,0.6423750217732103
0.0,0.6454014979968646
0.0,0.6451184462637171
0.0,0.6245863090053998
0.0,0.6014413865180283
0.0,0.5626632990768159
0.0,0.5332259188294722
0.0005159802106413,0.5107777390698485
0.0371202233890794,0.4701053823375718
0.1481470240082557,0.4473741508448005
0.3055209882538622,0.4322853161470127
0.4489634868121528,0.4259275387563142
0.5461802288523994,0.3945087963769378
0.6038486053358424,0.3922226093015154
0.589067289889823,0.3974699529698658
0.5036573891401341,0.4020858735411949
0.4116308009833976,0.4008448005573942
0.3015145536771178,0.390480752482146
0.1863295595957143,0.345127155547814
0.0806446717455307,0.2835742901933461
0.0131726712599022,0.2209545375370144
3.0351777096549003e-05,0.1980491203623062
0.0,0.1720519073332172
0.0,0.1598371363873889
0.0,0.14566277651977
0.0,0.1304868489810137
0.0,0.1251741856819369
0.0,0.1400670614875457
0.0,0.1467078906113917
0.0,0.1528261626894269
0.0,0.1608387040585263
0.0006980908732206,0.1557873192823549
0.0509302819680092,0.1477312314927713
0.2018089659149543,0.136997038843407
0.4119039669772665,0.1219299773558613
0.6189637903299238,0.1283530743772861
0.7614046802440283,0.1401541543285142
0.8272983883206362,0.1425927538756314
0.8464807114456552,0.1363873889566277
0.8147024008255683,0.1350592231318585
0.7311743102558654,0.1249564535795157
0.5837557288979269,0.1040323985368402
0.3787901781649315,0.079646403065668
0.1629586912313716,0.0617923706671311
0.0255561963152942,0.0575465946699181
6.0703554193098006e-05,0.0905547813969691
0.0,0.1537841839400801
0.0,0.2281396969169134
0.0,0.2968994948615224
0.0,0.354903326946525
0.0,0.4005399756140045
0.0,0.4338747604946873
0.0,0.4475265633164954
0.0,0.4469604598502003
0.0,0.4503135342274865
0.0013051264151516,0.4736544156070371
0.0671684827146629,0.4705626197526563
0.2585667890855009,0.4221607733844278
0.5018362825143412,0.3043459327643267
0.7136916866482532,0.2872757359345061
0.8629313746319847,0.3463029089008883
0.9412996630952742,0.3378549033269465
0.9571129389625764,0.3024516634732624
0.912040549974201,0.2810703710155025
0.8040792788417762,0.3208717993380944
0.6326220900233709,0.4160207280961505
0.4068655719792394,0.5004354642048423
0.1714268370413087,0.5145880508622191
0.0275594136036664,0.5151323811182721
9.105533128964702e-05,0.5946916913429716
0.0,0.6618402717296638
0.0,0.681610346629507
0.0,0.6672400278697092
0.0,0.6429411252395053
0.0,0.6166608604772688
0.0,0.5829777042327121
0.0,0.5556087789583696
0.0,0.5338355687162515
0.0,0.5271947395924055
0.0016693477403101,0.5357951576380422
0.0711445655143108,0.5038538582128549
0.2656084013719003,0.4270815188991465
0.5103651318784714,0.3128374847587528
0.7130239475521292,0.2543110956279393
0.8513976993352961,0.2516983103988852
0.9230885968373448,0.2424229228357429
0.9326494066227576,0.2450139348545549
0.8864540018818102,0.274342449050688
0.781072631802592,0.280983278174534
0.6134094151212554,0.2818324333739767
0.3950587306886818,0.2665258665737676
0.1664794973745713,0.2262672008360912
0.0264060460739976,0.1965685420658421
6.0703554193098006e-05,0.2227834871973524
0.0,0.2552255704581083
0.0,0.2564230970214248
0.0,0.2433809440863961
0.0,0.2293807699007141
0.0,0.202447308831214
0.0,0.1957629332868838
0.0,0.1935420658421877
0.0,0.2010973697962027
0.0,0.1851811531092144
0.0019121619570825,0.1626676537188643
0.0682307949130421,0.1510625326598153
0.2436033629769023,0.1243468036927364
0.4669013870762133,0.0893137084131684
0.665584119950223,0.0792980317017941
0.8008923422466385,0.0790585263891308
0.8771360063131697,0.0751393485455495
0.9003854675691262,0.0635342274865006
0.8619601177648951,0.058265110607908
0.7578231705466355,0.0572853161470127
0.5923452818162503,0.0601593798989723
0.3825841503020001,0.066386518028218
0.164142410538137,0.0816930848284271
0.0281664491455974,0.1139827556174882
9.105533128964702e-05,0.1869883295593102
0.0,0.2655460721128723
0.0,0.2954406897753004
0.0,0.3115310921442257
0.0,0.3215903152760843
0.0,0.3273602159902456
0.0,0.3371581605991987
0.0,0.3334349416477965
0.0,0.3222652847935899
0.0,0.3050426754920745
0.0023067350593377,0.2884297160773384
0.0742707985552554,0.2481275039191778
0.2636962394148177,0.1782137258317366
0.4935198955898868,0.09107733844278
0.6886514705436003,0.0503832085002612
0.8194069262755335,0.0311792370667131
0.8901872704646857,0.0267157289670789
0.8992928035936504,0.0309397317540498
0.8540686557197924,0.035599198745863
0.7467144201292986,0.0383426232363699
0.578838741008286,0.0378418394008012
0.3697149968130634,0.035403239853684
0.1599842170759098,0.0342057132903675
0.0292287613439766,0.0370362306218428
0.0001517588854827,0.052560529524473
0.0,0.0674969517505661
0.0,0.0810834349416478
0.0,0.0887040585263891
0.0,0.0941909075074028
0.0,0.0958238982755617
0.0,0.0990898798118794
0.0,0.1101942170353597
0.0,0.125740289148232
0.0,0.1331867270510364
0.0029441223783652,0.1316843755443302
0.0727228579233314,0.1234323288625675
0.2413269796946611,0.0949965162863612
0.4514826843111664,0.0767941125239505
0.6402100342975081,0.092013586483191
0.7783713236409991,0.103988852116356
0.8518833277688409,0.126676537188643
0.849455185601117,0.1584871973523776
0.7812243906880748,0.1840707193868664
0.6727774911221052,0.1966120884863264
0.5300634352141318,0.2072591882947221
0.3518681518802926,0.2057350635777739
0.1555528576198136,0.1975918829472217
0.0307767019759006,0.1780177669395575
0.0002124624396758,0.1813926145270858
0.0,0.187510886605121
0.0,0.1894269291064274
0.0,0.1834392962898449
0.0,0.1623846019857167
0.0,0.1398275561748824
0.0,0.1184898101376066
0.0,0.1072766068629158
0.0,0.0972391569412994
0.0,0.0882903675317888
0.0032779919264272,0.077991639087267
0.0777612529213585,0.0640785577425535
0.2578686982122803,0.0417610172443825
0.4835038091480256,0.0242771294199616
0.6804564907275321,0.0207934157812227
0.820985218684554,0.0262367183417523
0.890035511579203,0.0361217557916739
0.8814763104379761,0.0452665040933635
0.8246274319361399,0.0579602856645183
0.7285033538713692,0.0670614875457237
0.5816918080553617,0.0781658247692039
0.3798828421404073,0.0871581605991987
0.1723070385771087,0.0953013412297509
0.0354205238716726,0.1017244382511757
0.000333869548062,0.1269813621320327
0.0,0.1535664518376589
0.0,0.1584871973523776
0.0,0.1456845497300121
0.0,0.1331431806305521
0.0,0.1206018115310921
0.0,0.10546943041282
0.0,0.0968690123671834
0.0,0.0890088834697787
0.0,0.0858299947744295
0.0044010076789996,0.0854380769900714
0.0883843749051506,0.0786012889740463
0.2839408747382159,0.069521860303083
0.5140073451300574,0.0491639087267026
0.7109296749324673,0.0364265807350635
0.8432027195192279,0.0331823724089879
0.9114031626551736,0.02950269987807
0.9202658815673658,0.0266939557568367
0.8716423346586942,0.0224699529698658
0.7685069960846208,0.0218603030830865
0.607248004370656,0.0253440167218254
0.3976993352960816,0.0299163908726702
0.1780435244483564,0.0379071590315276
0.0366042431784381,0.052190384950357
0.0004249248793516,0.0857864483539453
0.0,0.1291369099460024
0.0,0.1710285664518376
0.0,0.1956105208151889
0.0,0.2067801776693955
0.0,0.2205190733321721
0.0,0.2176232363699703
0.0,0.2184506183591708
0.0,0.1993337397665912
0.0,0.1914300644487023
0.0052812092147995,0.1886213203274691
0.0898716119828816,0.1658683156244556
0.2741979542902237,0.1287667653718864
0.4827450147206119,0.0701750566103466
0.6649770844082921,0.0471172269639435
0.7902692202628464,0.0467688556000696
0.8534312684007649,0.0583522034488765
0.8486963911737032,0.0791238460198571
0.7712690078004067,0.1034880682807873
0.6439129511032871,0.1254790106253266
0.4909096427595836,0.1381510189862393
0.3158709442437855,0.1287232189514021
0.1437156645521595,0.1189035011322069
0.0304124806507421,0.1232363699703884
0.0003035177709654,0.1586831562445567
0.0,0.2028609998258143
0.0,0.2338660512105904
0.0,0.2783704929454799
0.0,0.3225265633164954
0.0,0.3636126110433722
0.0,0.408378331301167
0.0,0.4536666086047727
0.0,0.4922487371538059
0.0,0.4784880682807873
0.0041581934622272,0.4798815537362829
0.0605214435305187,0.4790541717470823
0.1718214101435639,0.4965598327817453
0.3046407867180623,0.5091882947221739
0.4455944395544359,0.5276084305870057
0.5457249521959511,0.5406288103117923
0.6165356481621999,0.5455277826162689
0.6517133578171002,0.467753875631423
0.6315901296020882,0.3892832259188294
0.5739824566728382,0.3529001916042501
0.470422193219413,0.3770466817627591
0.3158709442437855,0.5473349590663648
0.1513946641575864,0.625566103466295
0.034995598992321,0.6484932938512454
0.0006373873190275,0.5933635255182024
0.0,0.5401715728967079
0.0,0.5267810485978053
0.0,0.5264326772339314
0.0,0.489679498345236
0.0,0.4524908552516983
0.0,0.4263194565406723
0.0,0.4023471520641003
0.0,0.3784183940080125
0.0,0.3603248562968124
0.0062828178589856,0.3449965162863612
0.0923908094818951,0.2998388782442083
0.2806628828117886,0.2334959066364745
0.4939144686921419,0.2494992161644312
0.5992047834400704,0.2725352726005922
0.5970194554891189,0.2777390698484585
0.6043949373235803,0.2607995122800906
0.6277658056879231,0.2594278000348371
0.6338058093301363,0.275256923880857
0.6019060916016633,0.289082912384602
0.527422830606732,0.2990332694652499
0.3781224390688075,0.3031266329907681
0.1852368956202385,0.2967253091795854
0.0431602270312926,0.2636082564013238
0.0008498497587033,0.2421398711025953
0.0,0.2548989723044765
0.0,0.2819630726354293
0.0,0.2977268768507228
0.0,0.3205234279742205
0.0,0.3363525518202404
0.0,0.3314535795157638
0.0,0.3182372408987981
0.0,0.3188251175753353
0.0,0.3210459850200313
0.0064345767444683,0.3341099111653022
0.0893859835493368,0.3205669743947048
0.2581418642061492,0.3073288625674969
0.467994051051689,0.3389871102595366
0.6610010016086442,0.3662907159031527
0.8102103378152791,0.3437554433025605
0.8868182232069688,0.3174316321198397
0.9044829574771605,0.2943520292631945
0.8733116823990045,0.2749085525169831
0.7810119282483989,0.260886605121059
0.6254287188514888,0.2552908900888347
0.4157586426685282,0.2502177321024211
0.1979542902236926,0.2314927712941996
0.0456490727532097,0.2050383208500261
0.0007284426503171,0.214052429890263
0.0,0.248171050339662
0.0,0.264196133077861
0.0,0.258665737676363
0.0,0.2507620623584741
0.0,0.2451881205364919
0.0,0.2383731057307089
0.0,0.2233713638738895
0.0,0.199856296812402
3.0351777096549003e-05,0.1797378505486849
0.0086502564725164,0.1562881031179237
0.1072631802592041,0.1379550600940602
0.3068868182232069,0.1116965685420658
0.5320666525025041,0.087397665911862
0.7130542993292257,0.0895096673053475
0.8275412025374086,0.0938207629332868
0.883236713509576,0.0949965162863612
0.880413998239597,0.0996777564884166
0.8298782893738429,0.1061661731405678
0.7226758126688317,0.1119578470649712
0.5712204449570523,0.1147448179759623
0.3766655537681731,0.1209066364744818
0.1783773939964185,0.124455669743947
0.0437369107961271,0.1322722522208674
0.0010319604212826,0.1512584915519944
0.0,0.1673488939209197
0.0,0.1689165650583522
0.0,0.159662950705452
0.0,0.1492553562097195
0.0,0.1408726702665041
0.0,0.1239548859083783
0.0,0.1081475352726005
0.0,0.0994164779655112
3.0351777096549003e-05,0.0989156941299425
0.0092572920144474,0.0966295070545201
0.1038030776701975,0.0787972478662254
0.2915895225665463,0.0485978052604075
0.5124594044981333,0.0301776693955756
0.7030685646644611,0.0205103640480752
0.8320636173247944,0.0178758056087789
0.9015691868758916,0.0161774952098937
0.90624336054876,0.0193346106950008
0.8473912647585516,0.0229707368054345
0.7329347133274653,0.0261496255007838
0.5651500895377425,0.0278043894791848
0.3719306765411115,0.0307002264413865
0.1720035208061432,0.0440907507402891
0.0414605275138859,0.0631640829123846
0.0011230157525723,0.1149190036578993
0.0,0.1718124020205539
0.0,0.1955887476049468
0.0,0.2001611217557916
0.0,0.2042327120710677
0.0,0.2103945305695871
0.0,0.2171224525344016
0.0,0.2148580386692213
0.0,0.2200618359170876
6.0703554193098006e-05,0.2139435638390524
0.0098036240021853,0.2059527956801951
0.0997662913163565,0.1822853161470127
0.2559261844781011,0.1235629681240202
0.4461407715421738,0.0888129245775997
0.6142896166570553,0.0918611740114962
0.7275320970042796,0.1061879463508099
0.7811636871338817,0.1305521686117401
0.7748505174977995,0.1433548162341055
0.7042522839712265,0.1513238111827207
0.581600752724072,0.1605556523253788
0.4512095183172975,0.1808265110607908
0.2902236925972015,0.202621494513151
0.1373114395847877,0.2130290890088834
0.0346617294442589,0.2248954885908378
0.0008802015357999,0.2739940776868141
0.0,0.3333913952273123
0.0,0.3470214248388782
0.0,0.3540759449573245
0.0,0.3620449399059397
0.0,0.3539453056958718
0.0,0.3349590663647448
0.0,0.312881031179237
0.0,0.2942867096324682
6.0703554193098006e-05,0.2886474481797596
0.0100767899960542,0.2887780874412123
0.092937141469633,0.2766721825465946
0.2500379397213707,0.2434027172966382
0.4326949342884026,0.2620841316843755
0.5984763407897532,0.2759318933983626
0.7209761131514251,0.3104206584218777
0.8062949585698242,0.3314535795157638
0.8194676298297265,0.3359824072461244
0.7930919355328254,0.346803692736457
0.7185783227607977,0.3640916216686988
0.5737092906789693,0.409662950705452
0.3820074665371658,0.4570414561923009
0.1834764925486387,0.4770510364048075
0.0466203296202992,0.467187772165128
0.0017604030715998,0.4989331126981362
0.0,0.5490550426754921
0.0,0.5650365789932067
0.0,0.5566538930499912
0.0,0.5372757359345062
0.0,0.5155896185333565
0.0,0.4958195436335133
0.0,0.4930543459327643
0.0,0.4971041630377982
6.0703554193098006e-05,0.5065319630726354
0.0131423194828057,0.512345410207281
0.1221355510365131,0.4457629332868838
0.3294685403830394,0.3559484410381466
0.5628433544784047,0.356579864135168
0.7641059884056212,0.4591534575857864
0.9007193371171882,0.5643180630552168
0.9649740492305824,0.5671050339662079
0.9661274167602512,0.5631423097021425
0.9142258779251524,0.570066190559136
0.8116672231159134,0.6036840271729663
0.6437611922178044,0.6481449224873715
0.4282028712781133,0.7065624455669743
0.2042674598597748,0.7234366835046159
0.0507481713054299,0.6919090750740289
0.0021853279509515,0.6918437554433026
0.0,0.7137476049468734
0.0,0.7103945305695871
0.0,0.717013586483191
0.0,0.7011844626371712
0.0,0.6911034662950706
0.0,0.6856819369447831
0.0,0.6759057655460721
0.0,0.6713551646054694
3.0351777096549003e-05,0.6733365267375022
0.0154794063192399,0.6659771816756662
0.1274471120284092,0.5976963943563839
0.3381491486326524,0.5496646925622714
0.5737699942331623,0.5824551471869013
0.7663823716878624,0.6187075422400279
0.881961938871521,0.6261539801428323
0.9567487176374176,0.5833696220170702
0.96992138889732,0.5615964117749521
0.9175645734057728,0.5407159031527609
0.818496372962637,0.5719169134297161
0.6553859228457827,0.6550905765546072
0.4330288038364646,0.7489984323288625
0.2055422344978298,0.8076990071416129
0.050808874859623,0.7557263542936771
0.0023674386135308,0.7247866225396272
0.0,0.7183417523079603
0.0,0.6971128723218951
0.0,0.6859432154676885
0.0,0.6604903326946525
0.0,0.6355382337571851
0.0,0.6156157463856471
0.0,0.5969343319979098
0.0,0.5870928409684724
6.0703554193098006e-05,0.571524995645358
0.0164506631863295,0.5554345932764326
0.1349440009712568,0.4805347500435464
0.3563905666676784,0.3866922139000174
0.5966552341639603,0.3534880682807873
0.7950648010441012,0.3871929977355861
0.924090205481531,0.451140916216687
0.9871004947339668,0.4854990419787493
0.9917139648526422,0.4881989200487719
0.9417852915288192,0.4851724438251175
0.834370352384132,0.480643616094757
0.666191155492154,0.4916173140567845
0.4454730324460497,0.5054433025605295
0.2120071630193948,0.4986718341752307
0.0545724952195951,0.4621799338094408
0.0028530670470756,0.4665345758578644
0.0,0.5069021076467515
0.0,0.5088616965685421
0.0,0.4982799163908726
0.0,0.4674055042675492
0.0,0.4210503396620798
0.0,0.3616530221215816
0.0,0.3112698136213203
0.0,0.2744295418916565
9.105533128964702e-05,0.2418350461592057
0.0183628251434121,0.2204102072809615
0.1376149573557532,0.1824595018289496
0.3562084560050991,0.1084959066364744
0.5907973411843264,0.0522774777913255
0.7765198652381097,0.0589618533356558
0.9001426533523538,0.0930151541543285
0.9644580690199412,0.0842405504267549
0.96816098582572,0.0638390524298902
0.9171396485264212,0.0520597456889043
0.8102710413694721,0.0414561923009928
0.6459768719458524,0.0307002264413865
0.4311469936564785,0.0257577077164257
0.2048137918475126,0.026737502177321
0.0533280723586366,0.0289801428322591
0.0030958812638479,0.0405199442605817
0.0,0.0459414736108691
0.0,0.0511670440689775
0.0,0.0505791673924403
0.0,0.0539540149799686
0.0,0.062685072287058
0.0,0.070436335133252
0.0,0.077077164257098
0.0,0.0931893398362654
9.105533128964702e-05,0.1178583870405852
0.0188181017998603,0.1443999303257272
0.1181291164597687,0.1577686814143877
0.2890399732904362,0.1485803866922139
0.4831092360457705,0.1385647099808395
0.6593620056454306,0.1578122278348719
0.7729383555407169,0.2091099111653022
0.8342489452757459,0.2769334610695
0.8372234194312077,0.3542283574290193
0.7824081099948402,0.4256662602334088
0.6895013203023037,0.4815580909249259
0.5559838528545846,0.5107341926493643
0.3772725893101041,0.522317540498171
0.1898807175160105,0.5168089183069151
0.0573041551582845,0.5003919177843581
0.0034601025890065,0.4949921616443128
0.0,0.507577077164257
0.0,0.5064884166521512
0.0,0.5037667653718865
0.0,0.4925971085176798
0.0,0.4677756488416652
0.0,0.4289975614004528
0.0,0.3738024734366835
0.0,0.3176058178017767
9.105533128964702e-05,0.2931980491203623
0.0159043311985916,0.2673750217732102
0.1027407654718183,0.2181240202055391
0.251767991015874,0.181414387737328
0.4348499104622575,0.1461417871450966
0.6063374510577595,0.1123062184288451
0.7382462743193614,0.0830212506531963
0.8103620967007619,0.0650583522034488
0.823534767960664,0.0646228879986065
0.7818314262300058,0.0697831388259885
0.6854645339484627,0.0856558090924926
0.5548001335478192,0.1017462114614178
0.3789722888275108,0.1061879463508099
0.1947977054056515,0.1074072461243685
0.0559079734118432,0.1028130987632816
0.00342975081191,0.1041412645880508
0.0,0.1125892701619926
0.0,0.1064492248737153
0.0,0.0988503744992161
0.0,0.0884863264239679
0.0,0.0786883818150148
0.0,0.0690210764675143
0.0,0.062881031179237
0.0,0.0557829646403065
0.0001821106625792,0.047574464379028
0.0217925759553221,0.0389740463333913
0.1355510365131878,0.0293720606166173
0.3307129632439979,0.0166129594147361
0.538592284578262,0.0095366660860477
0.7112938962576258,0.0111261104337223
0.8180107445290922,0.0175056610346629
0.8583179045133092,0.0236892527434244
0.8561022247852612,0.0297204319804912
0.8309102497951255,0.0309615049642919
0.7504780404892707,0.0326598153631771
0.6139860988860898,0.0305913603901759
0.4191276899262451,0.0266504093363525
0.210914499043919,0.0209240550426754
0.0592466688924636,0.0207498693607385
0.0041885452393237,0.02950269987807
0.0,0.0413690994600243
0.0,0.0522339313708413
0.0,0.0600069674272774
0.0,0.065646228879986
0.0,0.0801907333217209
0.0,0.0946699181327294
0.0,0.1040759449573245
0.0,0.1140263020379724
0.0002731659938689,0.1137867967253091
0.0206999119798464,0.1073854729141264
0.1266276140468024,0.1007446437902804
0.3008164628038972,0.0793198049120362
0.4990135672443622,0.0560006967427277
0.6751752815127325,0.0589183069151715
0.8038971681791969,0.0616399581954363
0.8496676480407928,0.0654284967775648
0.8403800042492487,0.0749433896533705
0.7765198652381097,0.0880290890088834
0.694994991956779,0.0937989897230447
0.5578049594803776,0.0959327643267723
0.3827359091874829,0.0889871102595366
0.1976204206756305,0.0752482145967601
0.0593984277779464,0.0544330256052952
0.0047348772270616,0.0471172269639435
0.0,0.0534096847239157
0.0,0.066560703710155
0.0,0.0764675143703187
0.0,0.0837397665911862
0.0,0.0868751088660512
0.0,0.0881597282703361
0.0,0.0986326423967949
0.0,0.1012889740463333
0.0002731659938689,0.1020292631945654
0.0237654414665978,0.0955843929628984
0.1231675114577958,0.0855251698310398
0.2668224724557623,0.071350809963421
0.4047409475824809,0.0613569064622887
0.5064497526330166,0.056610346629507
0.5653929037545148,0.0609214422574464
0.5727987373660728,0.0742248737153806
0.5389565059034207,0.0943868663995819
0.4851731568883358,0.1161818498519421
0.4010380307767019,0.1361043372234802
0.29234831699396,0.140676711374325
0.1797128721886666,0.1437031875979794
0.0978844811363705,0.1563751959588921
0.0339939903481348,0.1569412994251872
0.0023370868364342,0.1664561923009928
0.0,0.1730970214248388
0.0,0.179215293502874
0.0,0.1894704755269116
0.0,0.1907115485107124
0.0,0.1877939383382686
0.0,0.1856383905242989
0.0,0.1682198223306044
0.0,0.1624063751959588
0.0001517588854827,0.1614265807350635
0.0111087504173369,0.1598806828078731
0.054511791665402,0.1488416652151193
0.1163383616110723,0.136626894269291
0.19947187907852,0.1486457063229402
0.2832124320878987,0.1685681936944783
0.3546908671502716,0.1960677582302734
0.4046802440282878,0.211113046507577
0.427686891067472,0.2149015850897056
0.4294472941390718,0.2266808918306915
0.403526876498619,0.2194521860303083
0.3550854402525268,0.2116356035533879
0.2701915197134792,0.1878592579689949
0.1593771815339788,0.1632773036056436
0.0533280723586366,0.1309876328165825
0.003763620359972,0.1295941473610869
0.0,0.1467296638216338
0.0,0.1832215641874238
0.0,0.2340402368925274
0.0,0.2771729663821634
0.0,0.3426014631597283
0.0,0.4012584915519944
0.0,0.4279959937293154
0.0,0.4409075074028915
0.000333869548062,0.4508360912732973
0.01890915713115,0.4637258317366312
0.0835584423467994,0.4548859083783313
0.1783166904422254,0.4154328514196133
0.2805718274804989,0.4094452186030308
0.3797917868091177,0.4233582999477442
0.4455033842231463,0.4612001393485455
0.4831699395999635,0.480273471520641
0.4694205845752269,0.475679324159554
0.4228913102862172,0.4698005573941822
0.3773332928642972,0.4596977878418394
0.308434758855131,0.3934854554955582
0.205329772058154,0.3412515241247169
0.1079309193553282,0.2682894966033792
0.0409748990803411,0.2351071241943912
0.0051294503293167,0.2306218428845149
0.0,0.2693128374847587
0.0,0.3411426580735063
0.0,0.4435638390524299
0.0,0.4717819195262149
0.0,0.4830604424316321
0.0,0.4617662428148406
0.0,0.4551907333217209
0.0,0.4619186552865354
0.0003642213251585,0.4492031005051384
0.0239475521291771,0.4510320501654764
0.1152456976355965,0.4206584218777216
0.2534069869790876,0.4096847239156941
0.3805809330136279,0.429389479184811
0.4740340546939023,0.4303475004354642
0.5228397122651531,0.4102726005922313
0.5518560111694539,0.3865615746385647
0.5524023431571918,0.3743903501132207
0.502261207393693,0.3403152760843058
0.4233465869426654,0.3148841665215119
0.3269189911069293,0.2860782093711896
0.2252708896105867,0.2504354642048423
0.1310589735028986,0.2338660512105904
0.0531156099189607,0.2058003832085002
0.0061310589735028,0.1807829646403065
0.0,0.1900583522034488
0.0,0.2380029611565929
0.0,0.2654154328514196
0.0,0.282638042152935
0.0,0.3076554607211287
0.0,0.3208500261278523
0.0,0.316560703710155
0.0,0.312685072287058
0.0005463319877378,0.3036274168263368
0.022945943484991,0.2907159031527608
0.1065954411630801,0.2660250827381989
0.2425106990014265,0.2489331126981362
0.3658603211218016,0.2565755094931196
0.4485385619328011,0.2962680717645009
0.4857801924302668,0.3388346977878418
0.5074817130542993,0.351397840097544
0.4996509545633897,0.3819238808569935
0.4572798737366073,0.3796812402020554
0.4271102073026375,0.3752830517331475
0.3483473457370929,0.3826206235847413
0.2525267854432877,0.3704711722696394
0.156736576926579,0.3387911513673576
0.0638297872340425,0.2825944957324507
0.0074058336115579,0.2449921616443128
0.0,0.2378070022644138
0.0,0.2492379376415258
0.0,0.2629768333043024
0.0,0.2583173663124891
0.0,0.2361957847064971
0.0,0.2159466991813272
0.0,0.2063447134645532
0.0,0.2020336178366138
0.0006373873190275,0.1872496080822156
0.0267399156220596,0.174599372931545
0.1196467053145961,0.1515415432851419
0.2820590645582299,0.1252177321024211
0.4572495219595107,0.1194913778087441
0.5738306977873554,0.1183809440863961
0.6048805657571251,0.1233887824420832
0.5913740249491608,0.1251088660512105
0.5947127204297812,0.1230186378679672
0.5868212583846785,0.1116094757010973
0.5403526876498619,0.1058178017766939
0.4535466051537317,0.0865267375021773
0.3150514462621786,0.0747692039714335
0.1731265365587155,0.0621625152412471
0.0600661668740704,0.0539104685594844
0.0057364858712477,0.0500783835568716
0.0,0.0462680717645009
0.0,0.0450269987807002
0.0,0.0455713290367531
0.0,0.0453753701445741
0.0,0.0463551646054694
0.0,0.046093886082564
0.0,0.0469212680717645
0.0,0.0504485281309876
0.0006070355419309,0.0586134819717819
0.0220657419491911,0.0682807873192823
0.0935745287886605,0.068585612262672
0.2008073572707682,0.0623149277129419
0.316508331562813,0.0681066016373454
0.4128448720672595,0.0757925448528131
0.4685100312623304,0.093298205887476
0.4860230066470392,0.1148319108169308
0.4903936625489422,0.1456410033095279
0.4796794852338604,0.1805652325378854
0.4374298115154642,0.2187336700923184
0.3612164992260296,0.2586004180456366
0.2634230734209488,0.2832912384601985
0.1508786839469451,0.2972478662253963
0.0576380247063465,0.2949181327294896
0.0077093513825234,0.2809615049642919
3.0351777096549003e-05,0.2820501654763978
0.0,0.2798075248214596
0.0,0.2785446786274168
0.0,0.2779132555303954
0.0,0.2740593973175405
0.0,0.2752786970910991
0.0,0.2725134993903501
0.0,0.2629332868838181
0.0010623121983792,0.2405504267549207
0.0353598203174795,0.2138129245775997
0.1414999848241114,0.1787580560877895
0.290193340820105,0.1481666956976136
0.4469602695237806,0.165933635255182
0.5757732115215346,0.171093886082564
0.6465232039335903,0.1803039540149799
0.680061917625277,0.1830256052952447
0.6776641272346496,0.1831344713464553
0.6711991987130846,0.2006401323811182
0.6446717455307008,0.2020553910468559
0.5507633471939782,0.2177321024211809
0.4071083861960118,0.2403762410729838
0.2286399368683036,0.2358474133426232
0.0778523082526481,0.2086962201707019
0.0096518651167025,0.1833522034488765
3.0351777096549003e-05,0.1984845845671485
0.0,0.2091752307960285
0.0,0.2140959763107472
0.0,0.204646403065668
0.0,0.1909728270336178
0.0,0.1750130639261452
0.0,0.1722914126458805
0.0,0.1804345932764327
0.0011533675296688,0.1789975614004529
0.0385771086897137,0.1645619230099285
0.1702734695116399,0.1322940254311095
0.3813700792181382,0.0848719735237763
0.6083406683461317,0.0931893398362654
0.7962485203508666,0.1280264762236544
0.905848787446505,0.1533269465249956
0.9508908246577836,0.1714858038669221
0.9450025799010532,0.1855077512628462
0.9013870762133124,0.2087397665911862
0.8077214920933621,0.2367183417523079
0.6683764834431056,0.2646533704929454
0.4762497344219504,0.2833347848806828
0.25795975354357,0.2935246472739941
0.0844689956596958,0.2898014283225918
0.0106231219837921,0.2809179585438077
3.0351777096549003e-05,0.3014065493816408
0.0,0.3212637171224525
0.0,0.3230491203623062
0.0,0.303649190036579
0.0,0.2684201358648319
0.0,0.2374150844800557
0.0,0.2226528479358996
0.0,0.1970693259014109
0.0011230157525723,0.1737284445218603
0.0372719822745621,0.1483626545897927
0.1660545724952196,0.1290280438947918
0.3532339818496373,0.1208630900539975
0.5403526876498619,0.1117183417523079
0.7071964063495918,0.1147448179759623
0.8254772816948432,0.1130682807873192
0.8994445624791332,0.1056871625152412
0.9298570431298752,0.0969125587876676
0.9108568306674356,0.1020510364048075
0.831213767566091,0.1053170179411252
0.6835523719913801,0.0875065319630726
0.4783136552645157,0.0709371189688207
0.2494916077336328,0.0548902630203797
0.0824657783713236,0.0449181327294896
0.0111391021944334,0.0347282703361783
3.0351777096549003e-05,0.0358387040585263
0.0,0.0385821285490332
0.0,0.0411513673576032
0.0,0.040759449573245
0.0,0.0373628287754746
0.0,0.031157463856471
0.0,0.0310050513847761
0.0,0.0290454624629855
0.0015479406319239,0.0305042675492074
0.0442225392296719,0.0323549904197875
0.1766776944790117,0.0377547465598327
0.3780617355146143,0.0394530569587179
0.5895225665462713,0.0364919003657899
0.7692354387349379,0.0382119839749172
0.8859987252253619,0.0509275387563142
0.941724587974626,0.0679106427451663
0.934106291923392,0.0795810834349416
0.8700336904725772,0.0855904894617662
0.7658360397001245,0.0834784880682807
0.605760767292925,0.0745950182894966
0.4079278841776186,0.0703274690820414
0.2201110875041733,0.0674098589095976
0.0817069839439099,0.067300992858387
0.0118978966218472,0.0744208326075596
3.0351777096549003e-05,0.0883339139522731
0.0,0.1007881902107646
0.0,0.1010276955234279
0.0,0.0990898798118794
0.0,0.0920353596934332
0.0,0.0845889217906288
0.0,0.0764021947395924
0.0,0.0761844626371712
0.0016389959632136,0.0737023166695697
0.039700124442286,0.0708282529176101
0.1489058184356694,0.0671485803866922
0.304124806507421,0.0429803170179411
0.4764318450845297,0.0177233931370841
0.6128023795793244,0.0146969169134297
0.6958448417154824,0.0179411252395053
0.7252557137220385,0.0212941996167915
0.7183658603211218,0.0249303257272252
0.6804868425046287,0.0284358125762062
0.6016329256077944,0.0279785751611217
0.4975870337208243,0.0293938338268594
0.3661031353385741,0.0347282703361783
0.2095183172974777,0.0428932241769726
0.0800983397577928,0.0516896011147883
0.0115640270737851,0.0718951402194739
3.0351777096549003e-05,0.1044460895314405
0.0,0.1334044591534575
0.0,0.1483626545897927
0.0,0.1527608430587005
0.0,0.1423967949834523
0.0,0.1334697787841839
0.0,0.1294852813098763
0.0,0.1260451140916216
0.0019121619570825,0.1189470475526911
0.0359061523052174,0.1095410207280961
0.1229854007952165,0.0916652151193171
0.2278204388866968,0.0568063055216861
0.3359334689046043,0.0417174708238982
0.4462925304276565,0.0582433373976659
0.5497313867726955,0.0967601463159728
0.6096457947612832,0.1520423271207106
0.6440950617658664,0.2021860303083086
0.6042431784380976,0.2264413865180282
0.5038091480256169,0.2528305173314753
0.3986402403860746,0.2827904546246299
0.2707682034783136,0.3215903152760843
0.1503323519592072,0.3599764849329385
0.0570309891644155,0.3867575335307437
0.0076486478283303,0.4189165650583522
3.0351777096549003e-05,0.4623323462811357
0.0,0.4672966382163386
0.0,0.4819717819195262
0.0,0.4934680369273646
0.0,0.5044852813098764
0.0,0.5147622365441561
0.0,0.5265197700748998
0.0,0.5345758578644836
0.0008498497587033,0.5519726528479358
0.0181200109266397,0.5538886953492422
0.048046863143837,0.5459197004006271
0.0945154338786535,0.5427190384950357
0.1482684311166418,0.562314927712942
0.1922785079066379,0.5865702839226615
0.2384132090933924,0.6081039888521164
0.2809967523598506,0.643986239331127
0.2905575621452636,0.6819369447831388
0.2867635900081949,0.7053866922139
0.2754423771511822,0.7135298728444521
0.251767991015874,0.703906113917436
0.1958296658269341,0.691930848284271
0.1262026891674507,0.6590097543981884
0.0571523962728017,0.6000043546420484
0.0119586001760403,0.4994774429541891
9.105533128964702e-05,0.4373802473436683
0.0,0.4090097543981885
0.0,0.3954014979968646
0.0,0.3664649015850897
0.0,0.3445610520815189
0.0,0.3213725831736631
0.0,0.298118794635081
0.0,0.2737763455843929
0.0025495492761101,0.2529176101724438
0.0487146022399611,0.2287058003832085
0.189850365738914,0.1949573245079254
0.4034358211673293,0.1782790454624629
0.5922845782620573,0.2256575509493119
0.6705314596169606,0.2780003483713639
0.6996084620754546,0.3071329036753178
0.7128721886666465,0.3187162515241247
0.7165144019182323,0.340337049294548
0.6900476522900416,0.337397665911862
0.6191155492154066,0.3230491203623062
0.5039609069110996,0.3132076293328688
0.3482866421828998,0.2955277826162689
0.1945548911888791,0.2731884689078557
0.0793091935532825,0.224002786970911
0.0124745803866816,0.1823288625674969
6.0703554193098006e-05,0.1470127155547814
0.0,0.1408508970562619
0.0,0.1426363002961156
0.0,0.1544156070371015
0.0,0.1624934680369273
0.0,0.1612959414736108
0.0,0.1573549904197874
0.0,0.1630377982929803
0.0023067350593377,0.1583347848806828
0.0432816341396788,0.1510843058700574
0.1540959723191793,0.1297901062532659
0.3237320545117916,0.1161165302212158
0.4926700458311834,0.1082564013238111
0.5843324126627614,0.1075814318063055
0.5734057729080038,0.0987415084480055
0.5055999028743133,0.0930587005748127
0.4519683127447112,0.0924272774777913
0.4142410538137008,0.1047073680543459
0.3446444289313139,0.1254354642048423
0.2569581448993838,0.1544591534575858
0.1740977934258051,0.1780177669395575
0.1114517254985279,0.197091099111653
0.0513248550702643,0.1960242118097892
0.0098036240021853,0.1985281309876328
9.105533128964702e-05,0.2213682285316147
0.0,0.2324725657550949
0.0,0.2385255182024037
0.0,0.2405721999651628
0.0,0.2476702665040933
0.0,0.2460372757359345
0.0,0.2501088660512106
0.0,0.2401367357603205
0.0023370868364342,0.2280308308657028
0.0378183142623,0.2024255356209719
0.1388897319938082,0.1568542065842187
0.2933499256381461,0.136060790802996
0.4477797675053874,0.141046855948441
0.5497920903268887,0.1393703187597979
0.5910705071781953,0.136430935377112
0.5846662822108234,0.1365615746385647
0.5641181291164598,0.1474264065493816
0.5486994263514129,0.1580517331475352
0.5025343733875618,0.1709414736108691
0.4176708046256108,0.1770161992684201
0.3092846086138343,0.1745558265110607
0.1823534767960664,0.167958543807699
0.0767899960542689,0.1595976310747256
0.0150544814398883,0.1582476920397143
0.0001517588854827,0.1808918306915171
0.0,0.2110259536666086
0.0,0.2329515763804215
0.0,0.2438817279219648
0.0,0.2506531963072635
0.0,0.25812140742031
0.0,0.2595366660860477
0.0,0.2524168263368751
0.0030958812638479,0.2397665911862045
0.0444350016693477,0.2209545375370144
0.1605001972865511,0.1835263891308134
0.3224572798737366,0.1531963072635429
0.4878744650499286,0.1549381640829124
0.6025738306977874,0.1847021424838878
0.6297690229762952,0.2204755269116878
0.6184478101192825,0.2392004877199094
0.6065802652745318,0.2679193520292632
0.5854857801924302,0.2892353248562968
0.5319452453941178,0.3222217383731057
0.4433180562721947,0.3601506706148754
0.3265547697817707,0.3695784706497126
0.1961331835978996,0.3633513325204668
0.0816462803897168,0.3314753527260059
0.0148420190002124,0.2856862915868315
0.0001214071083861,0.2719038495035708
0.0,0.2796333391395227
0.0,0.2952011844626371
0.0,0.3056740985890959
0.0,0.3054781396969169
0.0,0.3005138477617139
0.0,0.3013847761713987
0.0,0.2961809789235324
0.0035815096973927,0.2915432851419613
0.056393601845388,0.2755399756140045
0.2004734877227061,0.2395488590837833
0.4117522080917837,0.232124194391221
0.6207241934015236,0.2476267200836091
0.7529668862111877,0.2623236369970388
0.7954290223692597,0.2773906984845846
0.8181017998603818,0.2806349068106601
0.818223206968768,0.2925230796028566
0.78073876225453,0.3042370667131162
0.7015813275867302,0.2979228357429019
0.5769265790512035,0.2837920222957673
0.4198864843536589,0.2544417348893921
0.2430873827662609,0.2298597805260407
0.0978541293592739,0.1973088312140742
0.0191519713479224,0.1774952098937467
0.0001517588854827,0.1654328514196133
0.0,0.167784358125762
0.0,0.1890132381118272
0.0,0.21350809963421
0.0,0.2380682807873193
0.0,0.2555303954014979
0.0,0.2687249608082215
3.0351777096549003e-05,0.2595366660860477
0.0034904543661031,0.2599068106601637
0.0571220444957052,0.2407028392266155
0.200078914620451,0.2108517679846716
0.4045891886969982,0.2066713116181849
0.6209973593953926,0.2255269116878592
0.786323489240295,0.2425535620971956
0.8680304731842049,0.2625195958892179
0.8817191246547486,0.2795897927190385
0.8687589158345221,0.2982276606862916
0.8258718547970983,0.3305826511060791
0.7340577290800376,0.3477834871973523
0.6068230794913042,0.3719517505661034
0.4431055938325189,0.3759362480404111
0.2567153306826115,0.3750870928409685
0.1007375481834461,0.3328470649712594
0.0193037302334051,0.2851637345410207
0.0001821106625792,0.2741247169482668
0.0,0.2777172966382163
0.0,0.2823985368402717
0.0,0.2832041456192301
0.0,0.2896925622713813
0.0,0.2821808047378505
0.0,0.282267897578819
0.0,0.2663081344713464
0.0035815096973927,0.2482363699703884
0.0547242541050778,0.2302516983103988
0.1892736819740796,0.1867488242466469
0.3833429447294139,0.1565929280613133
0.5776853734786171,0.1667827904546246
0.7216135004704526,0.1937380247343668
0.8150969739278234,0.2303823375718516
0.8591070507178196,0.2784575857864483
0.8600783075849091,0.2954189165650583
0.8104531520320515,0.3114875457237415
0.7285944092026588,0.3233974917261801
0.5958660879594501,0.3156026824595018
0.4161835675478799,0.3092884514892876
0.238777430418551,0.2906505835220345
0.093544177011564,0.2569674272774778
0.0182717698121225,0.2300775126284619
0.0001821106625792,0.2294243163211984
0.0,0.238939209197004
0.0,0.2181022469952969
0.0,0.2014675143703187
0.0,0.1932807873192823
0.0,0.1977878418394008
0.0,0.2053213725831736
3.0351777096549003e-05,0.213682285316147
0.0036118614744893,0.2175361435290019
0.0513855586244574,0.2110695000870928
0.1793790026406046,0.1856819369447831
0.3640088627189122,0.1713769378157115
0.5498831456581783,0.178104859780526
0.7013688651470543,0.1874891133948789
0.7966430934531217,0.1830473785054868
0.8362218107870216,0.1824595018289496
0.8249005979300088,0.1962419439122104
0.748232008984126,0.2014021947395924
0.6343521413178742,0.1962419439122104
0.5139466415758642,0.1842884514892875
0.367924241964367,0.171659989548859
0.2134944000971257,0.1485803866922139
0.0880201535799921,0.1245427625849155
0.0173005129450329,0.1005269116878592
0.0001517588854827,0.0936030308308657
0.0,0.0839357254833652
0.0,0.0744208326075596
0.0,0.0611827207803518
0.0,0.0514718690123671
0.0,0.0403457585786448
0.0,0.0352726005922313
3.0351777096549003e-05,0.0320066190559136
0.0034904543661031,0.0308744121233234
0.0400339939903481,0.0275648841665215
0.1212249977236167,0.0167218254659467
0.2354690867150271,0.0065101898623933
0.3616110723282848,0.0052691168785925
0.483139587822867,0.0087528305173314
0.5764713023947552,0.0124325030482494
0.6289495249946885,0.0187249608082215
0.6403921449600875,0.0269334610695
0.6108598658451453,0.0335089705626197
0.5460588217440131,0.0375370144574116
0.4593134428020761,0.0413908726702665
0.3612772027802228,0.0430456366486674
0.232585667890855,0.0437859257968994
0.1021944334840805,0.0450705452011844
0.0230066470391841,0.0486195784706497
0.0004249248793516,0.0636430935377111
0.0,0.0773819892004877
0.0,0.0822156418742379
0.0,0.0815188991464901
0.0,0.0785577425535621
0.0,0.0671485803866922
0.0,0.0617270510364048
3.0351777096549003e-05,0.0536056436160947
0.0055240234315719,0.0499259710851767
0.0627674750356633,0.049229228357429
0.207818617780071,0.039278871276781
0.4160925122165902,0.0173750217732102
0.6287674143321091,0.0146969169134297
0.7868091176738398,0.0148493293851245
0.8661790147813154,0.0143703187597979
0.921328193765745,0.0138695349242292
0.9317692050869578,0.0105382337571851
0.8939812426017544,0.0102987284445218
0.8043220930585486,0.0186596411774952
0.6677390961240781,0.021947395924055
0.4879351686041218,0.0205103640480752
0.2843050960633745,0.0304607211287232
0.1116338361611072,0.0388869534924229
0.0231584059246668,0.0619230099285838
0.0003642213251585,0.1077120710677582
0.0,0.1785620971956105
0.0,0.2315580909249259
0.0,0.2602987284445218
0.0,0.2766504093363525
0.0,0.2834218777216513
0.0,0.2943520292631945
3.0351777096549003e-05,0.2975962375892702
0.0061614107505994,0.2862306218428845
0.0683522020214283,0.2720562619752656
0.191125140376969,0.2376763630029611
0.3429143776368106,0.2073898275561748
0.4648981697878411,0.1718559484410381
0.526815795064801,0.1704842361957847
0.5550429477645916,0.2301428322591883
0.5545269675539503,0.2823549904197875
0.5134610131423195,0.3123367009231841
0.457158466628221,0.3376371712245253
0.3870155097580963,0.3398580386692214
0.2846389656114365,0.3369839749172618
0.188909460648921,0.312881031179237
0.1114517254985279,0.3318237240898798
0.050201839317692,0.3296681762759101
0.0120800072844265,0.3260538233757185
0.0004249248793516,0.3036056436160947
0.0,0.2929367705974569
0.0,0.2942431632119839
0.0,0.2847282703361783
0.0,0.2974438251175753
0.0,0.3041935202926319
0.0,0.3046725309179585
0.0,0.29646403065668
0.0024584939448204,0.2965075770771642
0.0317176070658937,0.2773471520641003
0.0870488967129025,0.2457106775823027
0.1558563753907791,0.2343886082564013
0.2258779251525176,0.2867531788886953
0.2962636962394148,0.3314318063055216
0.3494096579354721,0.3709719561052081
0.3691686648253255,0.4067453405330082
0.3933893829483716,0.4441734889392092
0.3766959055452696,0.4589357254833652
0.3352353780313837,0.480273471520641
0.2892827875072085,0.5073375718515938
0.2283060673202416,0.525997213029089
0.1534282332230552,0.5265415432851419
0.0793698971074756,0.4970388434070719
0.023552979026922,0.4666216686988329
0.0007284426503171,0.4698005573941822
0.0,0.482124194391221
0.0,0.4973872147709458
0.0,0.5051167044068977
0.0,0.4369012367183417
0.0,0.4130813447134645
0.0,0.4144966033792022
3.0351777096549003e-05,0.4092274865006096
0.0055543752086684,0.4174577599721303
0.0578201353689258,0.4068542065842188
0.1751904574012808,0.3972739940776868
0.3385740735120041,0.4101637345410207
0.4949767808905211,0.4331126981362131
0.5979300088020154,0.4612001393485455
0.6218775609311925,0.502395053126633
0.6098886089780556,0.5243859954711723
0.5769569308283,0.4501393485455495
0.5316113758460558,0.4212245253440167
0.4794973745712811,0.4236631248911339
0.4057729080037636,0.4757446437902804
0.2904968585910705,0.5144574116007664
0.1716696512580811,0.5479228357429019
0.0742100950010623,0.4995427625849155
0.0173308647221294,0.459262323636997
0.000333869548062,0.4498345236021599
0.0,0.4617226963943563
0.0,0.4848458456714858
0.0,0.4882206932590141
0.0,0.4890263020379725
0.0,0.4866094757010973
0.0,0.4929672530917958
3.0351777096549003e-05,0.4871538059571503
0.0031869365951376,0.4829080299599372
0.0348741918839348,0.481754049817105
0.0994324217682945,0.4606122626720083
0.185813579385073,0.4567801776693955
0.2859744438036847,0.4494643790280438
0.388381339727441,0.4391003309527956
0.459920478344007,0.4247953318237241
0.4878744650499286,0.3973610869186553
0.5112453334142714,0.3680978923532486
0.5225361944941876,0.3478052604075944
0.5176495583816433,0.3425796899494861
0.4703007861110268,0.3298641351680891
0.3691686648253255,0.3125762062358474
0.233253406986979,0.267157289670789
0.1066864964943697,0.2134863264239679
0.0260114729717424,0.1653022121581606
0.0006980908732206,0.1391743598676189
0.0,0.1251088660512105
0.0,0.1074290193346106
0.0,0.0921006793241595
0.0,0.0806697439470475
0.0,0.0687162515241247
0.0,0.0585263891308134
6.0703554193098006e-05,0.0521032921093886
0.0064345767444683,0.0455060094060268
0.0635566212401736,0.0362741682633687
0.1903966977266519,0.019182198223306
0.3652836373569672,0.0079254485281309
0.5352535890976416,0.0095148928758056
0.663368440222175,0.0155460721128723
0.7177284730020943,0.0208587354119491
0.7338149148632652,0.0267157289670789
0.7410386378122439,0.0313751959588921
0.7278963183294382,0.0333130116704406
0.684705739521049,0.034292806131336
0.5930130209123744,0.0354250130639261
0.4502686132273044,0.0362741682633687
0.2799344401614714,0.0369055913603901
0.1216802743800649,0.0342057132903675
0.0301089628797766,0.0310485978052604
0.0011837193067654,0.0344016721825466
0.0,0.0370362306218428
0.0,0.0353379202229576
0.0,0.030068803344365
0.0,0.0275431109562793
0.0,0.0275431109562793
0.0,0.0261713987110259
6.0703554193098006e-05,0.0280003483713638
0.0079218138221992,0.0312227834871973
0.07308707924849,0.0332694652499564
0.231978632348924,0.0303083086570283
0.4496615776853734,0.0182894966033792
0.6551734604061068,0.0170701968298205
0.7999514371566455,0.0259754398188468
0.8567396121042887,0.0386692213900017
0.8745257534828664,0.0596150496429193
0.854766746593013,0.0832607559658596
0.8122135551036513,0.1134819717819195
0.7261359152578384,0.1519987807002264
0.5972926214829878,0.1918219822330604
0.4347588551309679,0.233234628113569
0.2569277931222873,0.2601027695523428
0.1093878046559626,0.2746472739940777
0.0276201171578595,0.2644791848110085
0.000940905089993,0.2677451663473262
0.0,0.2597543981884689
0.0,0.2657638042152935
0.0,0.2737545723741508
0.0,0.2786099982581432
0.0,0.2921747082389827
0.0,0.2974220519073332
3.0351777096549003e-05,0.2954406897753004
0.006252466081889,0.2890393659641177
0.0559383251889398,0.2435333565580909
0.1778310620086806,0.1997909771816756
0.3528697605244787,0.1931501480578296
0.5257534828664219,0.1766025082738199
0.6588156736576927,0.1777564884166521
0.754696937505691,0.1909292806131336
0.8273894436519258,0.1970257794809266
0.849121316053055,0.2094582825291761
0.813306219079127,0.2231318585612262
0.755030807053753,0.2349764849329385
0.652866725346769,0.2413995819543633
0.4860533584241357,0.2477355861348197
0.2866421828998088,0.238569064622888
0.1202537408565271,0.2231100853509841
0.0300179075484869,0.193585612262672
0.0011533675296688,0.1962201707019683
0.0,0.2169700400627068
0.0,0.2174055042675492
0.0,0.2007489984323288
0.0,0.179019334610695
0.0,0.1575727225222086
0.0,0.1398928758056087
6.0703554193098006e-05,0.1246734018463682
0.0080432209305854,0.1145924055042675
0.0690502928946489,0.096803692736457
0.2176525935593529,0.0561095627939383
0.424257140255562,0.0253004703013412
0.6265213828269646,0.0282398536840271
0.7724830788842687,0.0448745863090054
0.8316083406683461,0.0617270510364048
0.8424439250918141,0.0786012889740463
0.8200139618174644,0.0858299947744295
0.759067593407594,0.0976963943563839
0.6707135702795398,0.1117836613830343
0.5621452636051841,0.1317061487545723
0.4270495037484444,0.1499520989374673
0.2690988557380034,0.162253962724264
0.1191307251039548,0.1733582999477443
0.0299572039942938,0.1698963595192475
0.0012444228609585,0.1871189688207629
0.0,0.221237589270162
0.0,0.2473001219299773
0.0,0.2506531963072635
0.0,0.2408987981187946
0.0,0.2188643093537711
0.0,0.1970257794809266
6.0703554193098006e-05,0.1811748824246647
0.0079218138221992,0.1723349590663647
0.067836221810787,0.1507141612959414
0.2097611315142501,0.100113220693259
0.4136947218259629,0.0811487545723741
0.6138646917777036,0.1262628461940428
0.7591890005159803,0.1874673401846368
0.7957325401402252,0.2415955408465424
0.7549093999453668,0.274342449050688
0.6972713752390203,0.2869491377808744
0.6474944608006798,0.2812663299076816
0.5878532188059611,0.2830517331475353
0.483139587822867,0.2961809789235324
0.3460709624548517,0.3021686117401149
0.2220232494612559,0.2960285664518376
0.1051992594166388,0.278762410729838
0.0283789115852733,0.251110433722348
0.0011837193067654,0.2297726876850722
0.0,0.2215424142135516
0.0,0.2382206932590141
0.0,0.2462114614178714
0.0,0.2401367357603205
0.0,0.2446220170701968
0.0,0.2423793764152586
3.0351777096549003e-05,0.2366530221215816
0.0075575924970407,0.2258317366312489
0.0697483837678696,0.2025561748824246
0.1897593104076243,0.1621450966730534
0.3558442346799405,0.1448571677408117
0.5464837466233649,0.1868359170876154
0.6959966006009652,0.2321024211809789
0.754696937505691,0.2635864831910817
0.7714814702400825,0.2688556000696743
0.7954897259234528,0.2548989723044765
0.7845023826145021,0.216273297334959
0.7306886818223207,0.2107864483539453
0.6183871065650894,0.2760189862393311
0.4609220869881931,0.3652020553910468
0.2757155431450511,0.4063969691691343
0.1178863022429963,0.39381205364919
0.0307767019759006,0.3572330604424316
0.0012140710838619,0.3629594147361087
0.0,0.3923532485629681
0.0,0.4111217557916739
0.0,0.4085525169831039
0.0,0.3851027695523428
0.0,0.3453013412297509
0.0,0.3022992510015677
6.0703554193098006e-05,0.2475178540323985
0.0094697544541232,0.2213682285316147
0.0756062767475035,0.1933461069500087
0.2377758217743649,0.1435725483365267
0.4588581661456278,0.1229968646577251
0.6719276413634019,0.1398928758056087
0.8440222175008347,0.1651280264762236
0.9477342398397426,0.1986587702490855
0.9981485415971104,0.215162863612611
1.0,0.1826119143006445
0.9593286186906244,0.1606427451663473
0.8730385164051355,0.2020989374673401
0.7304155158284518,0.2321677408117052
0.536042735302152,0.2227617139871102
0.3125626005402616,0.2151846368228531
0.1249886180835888,0.2087833130116704
0.0335690654687831,0.2076293328688381
0.0014872370777309,0.2429454798815537
0.0,0.2869491377808744
0.0,0.284292806131336
0.0,0.256836788016025
0.0,0.2242422922835742
0.0,0.2027521337746037
0.0,0.1846585960634036
6.0703554193098006e-05,0.1671964814492248
0.0101071417731508,0.1563751959588921
0.0765775336145931,0.1345584392962898
0.2359243633714754,0.0851332520466817
0.4524235894011594,0.0422618010799512
0.6563571797128722,0.0299599372931545
0.8116672231159134,0.0328557742553562
0.9168361307554558,0.0421311618184985
0.968828724921844,0.0497082389827556
0.954168816584211,0.0453753701445741
0.8977145111846299,0.0548249433896533
0.8040792788417762,0.0597239156941299
0.666798191034085,0.0652325378853858
0.489331350350563,0.0660599198745863
0.2935927398549185,0.0701968298205887
0.1275078155826023,0.0729838007315798
0.0350259507694175,0.0681283748475875
0.0015175888548274,0.0784488765023515
0.0,0.0838704058526389
0.0,0.0955408465424142
0.0,0.103074377286187
0.0,0.1022905417174708
0.0,0.0941255878766765
0.0,0.0904459153457585
9.105533128964702e-05,0.0938643093537711
0.0114729717424955,0.1094974743076119
0.081160651956172,0.1088442780003483
0.2224785261177042,0.0946263717122452
0.406622757762467,0.0759231841142658
0.5867302030533887,0.0697613656157463
0.7300512945032932,0.0738765023515067
0.8186481318481197,0.0906201010276955
0.8385588976234558,0.120775997213029
0.800861990469542,0.1355382337571851
0.7226151091146387,0.1657812227834872
0.6304974656266125,0.1912558787667653
0.5121255349500713,0.2372408987981188
0.3772725893101041,0.2718385298728444
0.2218714905757732,0.2578601288974046
0.0977327222508877,0.2458195436335133
0.0287127811333353,0.2493032572722522
0.0011837193067654,0.2171659989548859
0.0,0.2079559310224699
0.0,0.2062358474133426
0.0,0.194325901410904
0.0,0.1908857341926493
0.0,0.1789757881902107
0.0,0.1600984149102943
9.105533128964702e-05,0.1514326772339313
0.007800406713813,0.1536970910991116
0.0508695784138161,0.1402847935899669
0.1241387683248854,0.1070153283400104
0.2114911828087534,0.090903152760843
0.2819983610040368,0.0983278174534053
0.3179045133092542,0.1311182720780352
0.3482259386287067,0.1583347848806828
0.3613379063344158,0.1794547988155373
0.3481955868516102,0.2044504441734889
0.3181473275260266,0.2166869883295593
0.2671563420038243,0.2331693084828427
0.1978935866694995,0.251480578296464
0.1366437004886636,0.2620405852638913
0.0825568337026132,0.2833565580909249
0.0417336935077548,0.2882555303954014
0.0120800072844265,0.3018855600069674
0.0004856284335447,0.3274690820414562
3.0351777096549003e-05,0.3321285490332694
0.0,0.335917087615398
0.0,0.3394008012541369
0.0,0.3239635951924752
0.0,0.3129898972304477
0.0,0.2940472043198049
6.0703554193098006e-05,0.2827033617836614
0.004977691443834,0.2874063751959589
0.0410963061887273,0.2639130813447135
0.1204662032962029,0.2309484410381466
0.2287006404224967,0.2174925971085176
0.3409718639026315,0.2152717296638216
0.4269888001942514,0.2375674969517505
0.4891795914650803,0.2837049294547988
0.4913952711931283,0.3164518376589444
0.47291103894133,0.3646359519247518
0.454942786900173,0.4040236892527434
0.4039518013779707,0.4579123846019857
0.3361459313442802,0.4986282877547465
0.240325371050475,0.5295897927190385
0.1558867271678757,0.5543677059745689
0.0786111026800619,0.5514283225918829
0.0249188089962667,0.5611827207803518
0.0013658299693447,0.6043154502699878
3.0351777096549003e-05,0.6325553039540149
0.0,0.6421790628810312
0.0,0.6290933635255181
0.0,0.6044896359519247
0.0,0.5703710155025257
0.0,0.5342057132903675
0.0001214071083861,0.5126720083609128
0.0081039244847785,0.4949921616443128
0.0530549063647676,0.4639653370492945
0.1348529456399672,0.4592405504267549
0.237229489786627,0.5052255704581083
0.3410325674568246,0.5266504093363525
0.4289616657055271,0.5465946699181328
0.4828967736060946,0.5625544330256053
0.5428111815946823,0.5684549730012193
0.5643002397790391,0.5434593276432678
0.5567122955049019,0.5244730883121407
0.5135217166965126,0.5187249608082215
0.4279904088384375,0.4875021773210242
0.3309254256836738,0.4396446612088486
0.209973593953926,0.3728009057655461
0.1027711172489149,0.2915868315624456
0.0311712750781558,0.2295985020031353
0.0019121619570825,0.2369796202752133
3.0351777096549003e-05,0.2691168785925797
0.0,0.3053475004354642
0.0,0.3333043023863438
0.0,0.3542936770597457
0.0,0.3601288974046333
0.0,0.3553170179411252
0.0001214071083861,0.337767810485978
0.0073451300573648,0.3201968298205887
0.0484414362460922,0.2975962375892702
0.1244422860958509,0.2573375718515938
0.2259689804838073,0.2567714683852987
0.3237320545117916,0.2789148232015328
0.3822806325310346,0.2816582476920397
0.4112362278811424,0.2700313534227486
0.4269280966400582,0.2619534924229228
0.4293562388077822,0.2655896185333565
0.4029805445108811,0.2615615746385647
0.3616110723282848,0.2547030134122975
0.3033356603029107,0.2316016373454102
0.2490970346313776,0.1960242118097892
0.18056272194737,0.1594452186030308
0.0982790542386256,0.1229315450269987
0.0339029350168452,0.0934723915694129
0.0021246243967584,0.0720475526911687
0.0,0.0619665563490681
0.0,0.0625544330256052
0.0,0.0631858561226267
0.0,0.0604642048423619
0.0,0.0551079951228009
0.0,0.0462462985542588
0.0001214071083861,0.0388651802821808
0.0098339757792818,0.0315058352203448
0.071539138616566,0.0205321372583173
0.1911858439311621,0.0111914300644487
0.3345676389352596,0.0083391395227312
0.4743375724648678,0.0096237589270162
0.5901296020882023,0.0178322591882947
0.6201778614137858,0.0293938338268594
0.5804473851944031,0.034858909597631
0.5440252526785443,0.0417392440341403
0.5189850365738914,0.0487937641525866
0.4813488329741706,0.0590271729663821
0.4176101010714177,0.06784532311444
0.3234285367408261,0.0684985194217035
0.210914499043919,0.0669961679149973
0.1080219746866179,0.0716338616965685
0.0342064527878107,0.0745950182894966
0.0022763832822411,0.0752482145967601
0.0,0.0756619055913603
0.0,0.0803213725831736
0.0,0.080952795680195
0.0,0.0782964640306566
0.0,0.074682111130465
0.0,0.0747474307611914
0.0001214071083861,0.0728531614701271
0.0082253315931647,0.0758578644835394
0.0497162108841472,0.0718080473785054
0.1246547485355267,0.0630334436509318
0.2145263605184083,0.0448310398885211
0.3147479284912131,0.037058003832085
0.3970922997541506,0.0359693433199791
0.4314201596503475,0.0411513673576032
0.4394330288038364,0.0514283225918829
0.4300543296810028,0.0625326598153631
0.3997329043615503,0.0718298205887476
0.3532946854038304,0.0749216164431283
0.2931678149755668,0.0843711896882076
0.2229034509970558,0.0950400627068455
0.146781194038911,0.1010930151541543
0.0739976325613864,0.1021816756662602
0.0237957932436944,0.1051863786796725
0.0021246243967584,0.1118489810137606
0.0,0.1195566974394704
0.0,0.122604946873367
0.0,0.1197962027521337
0.0,0.114679498345236
0.0,0.1127852290541717
0.0,0.1108474133426232
0.0001214071083861,0.1120013934854555
0.0062221143047925,0.1108909597631074
0.036543539624245,0.0958674446960459
0.0909642759583573,0.0706540672356732
0.16508331562813,0.0570022644138651
0.2478222599933226,0.0566974394704755
0.3181473275260266,0.0621189688207629
0.3793365101526694,0.0694347674621146
0.4167298995356178,0.079102072809615
0.4085349197195496,0.090707193868664
0.3825234467478071,0.099372931545027
0.3361459313442802,0.1126981362132032
0.2747746380550581,0.1277869709109911
0.2088202264242571,0.1392614527085873
0.1352475187422223,0.1556566800209022
0.0705982335265729,0.1672835742901933
0.023886848574984,0.1694608953144051
0.0016693477403101,0.1777564884166521
0.0,0.1897535272600592
0.0,0.1960459850200313
0.0,0.1931066016373454
0.0,0.195240376241073
0.0,0.1837441212332346
0.0,0.176079951228009
6.0703554193098006e-05,0.1779959937293154
0.0033083437035238,0.2002917610172443
0.0258900658633563,0.2066713116181849
0.071873008164628,0.195980665389305
0.1352778705193189,0.1834610695000871
0.2120982183506844,0.1880769900714161
0.2799344401614714,0.1964161295941473
0.3444623182687346,0.2023384427800034
0.3966066713206058,0.2011626894269291
0.4411630800983397,0.2035359693433199
0.4528181625034145,0.2096542414213551
0.4386742343764227,0.2089357254833652
0.3909612407806477,0.2120492945479881
0.3087382766260965,0.2073898275561748
0.2106413330500501,0.1896228879986065
0.1063222751692111,0.2008143180630552
0.0319907730597626,0.2203448876502351
0.0018211066257929,0.2391787145096673
0.0,0.2547247866225396
0.0,0.2655242989026302
0.0,0.2520466817627591
0.0,0.2248954885908378
0.0,0.2020553910468559
0.0,0.1858996690472043
9.105533128964702e-05,0.1907768681414387
0.0082253315931647,0.1915171572896707
0.0610981272953531,0.1835046159205713
0.1769205086957841,0.1589444347674621
0.3408808085713418,0.136430935377112
0.5167693568458434,0.1213421006793241
0.6787264394330288,0.1269595889217906
0.8076304367620725,0.1490593973175405
0.8769235438734938,0.1759928583870406
0.8819012353173278,0.2084349416477965
0.8481197074088688,0.2309048946176624
0.77299905909491,0.2529829298031701
0.653807630436762,0.283008186727051
0.489331350350563,0.3142309702142484
0.2986918384071387,0.3433417523079602
0.1297841988648435,0.3442344539278871
0.0370898716119828,0.3470649712593625
0.0024281421677239,0.4022382860128897
0.0,0.4349416477965511
0.0,0.4326554607211287
0.0,0.424229228357429
0.0,0.4108387040585264
0.0,0.3626110433722348
0.0,0.3185638390524299
0.0001214071083861,0.2852072809615049
0.0101678453273439,0.2524385995471172
0.0687164233465869,0.2084784880682808
0.1919749901356724,0.162058003832085
0.3568458433241266,0.1267418568193694
0.5282423285883389,0.1337746037275736
0.6829453364494491,0.1330343145793416
0.7755486083710201,0.1343189339836265
0.8038668164021003,0.1448789409510538
0.7796460982790543,0.1612959414736108
0.7158466628221083,0.1699181327294896
0.6175676085834826,0.1869230099285838
0.5045679424530306,0.2420527782616268
0.3724770085288493,0.3147753004703013
0.2183506844325735,0.3706889043720606
0.0908732206270677,0.3776127852290541
0.0249491607733632,0.3747822678975788
0.0013658299693447,0.3639174359867619
0.0,0.3526171398711026
0.0,0.3447570109736979
0.0,0.34292806131336
0.0,0.3350461592057133
0.0,0.3200879637693781
0.0,0.2825944957324507
0.0001214071083861,0.2831170527782616
0.0061917625276959,0.2913255530395401
0.0357240416426381,0.2600809963421007
0.0845296992138889,0.2133339139522731
0.1279934440161471,0.1877068454973001
0.1734907578838741,0.1755356209719561
0.2245424469602695,0.1951315101898623
0.2588399550793699,0.220693259014109
0.273773029410872,0.2338225047901062
0.2918930403375118,0.2379376415258665
0.3076759644277172,0.2319500087092841
0.2847907244969193,0.2228705800383208
0.2386863750872613,0.2214553213725831
0.1799860381825355,0.2279655112349765
0.1141530336601208,0.2429019334610695
0.0561204358515191,0.2459937293154502
0.016754180957295,0.2359562793938338
0.0011533675296688,0.2339313708413168
0.0,0.248541194913778
0.0,0.2601027695523428
0.0,0.2759101201881205
0.0,0.2663952273123149
0.0,0.250566103466295
0.0,0.2338878244208326
0.0001517588854827,0.2208892179062881
0.0071023158405924,0.2121581605991987
0.0401250493216377,0.1997038843407071
0.1090842868849971,0.1675230796028566
0.2008073572707682,0.1399146490158509
0.3052781740370899,0.1212985542588399
0.3940267702673992,0.1090184636822853
0.4505114274440768,0.1015284793589966
0.4717880231887577,0.0896838529872844
0.4714845054177922,0.0782311443999303
0.4484778583786081,0.070436335133252
0.4054693902327981,0.0646228879986065
0.3394846268249006,0.0628374847587528
0.2585060855313079,0.0651672182546594
0.1648708531884541,0.0681501480578296
0.0807053752997238,0.06784532311444
0.0258293623091632,0.0670832607559658
0.0019728655112756,0.0681501480578296
0.0,0.0646228879986065
0.0,0.059375544330256
0.0,0.0521468385298728
0.0,0.0470519073332172
0.0,0.0401715728967078
0.0,0.0333565580909249
0.0001821106625792,0.029698658770249
0.0085288493641302,0.0249303257272252
0.0465292742890096,0.0208151889914649
0.1209518317297477,0.0154154328514196
0.221750083467387,0.0104075944957324
0.329498892160136,0.0090576554607211
0.4247731204662033,0.0091447483016896
0.4831699395999635,0.0089705626197526
0.5207757914225878,0.0085786448353945
0.5416881658421101,0.0082302734715206
0.5370139921692415,0.0120188120536491
0.5175888548274501,0.0190951053823375
0.4479011746137736,0.0290890088834697
0.3584544875102437,0.033008186727051
0.2393237624062889,0.0327904546246298
0.124836859198106,0.0304171747082389
0.0419158041703341,0.0264544504441734
0.0031869365951376,0.0249520989374673
0.0,0.0192475178540324
0.0,0.0163734541020728
0.0,0.0148493293851245
0.0,0.0131292457759972
0.0,0.0113873889566277
0.0,0.012367183417523
0.0001517588854827,0.0139784009754398
0.0104410113212128,0.0161557219996516
0.0661972258475733,0.0172661557219996
0.1665098491516678,0.0143703187597979
0.3022429963274349,0.0102769552342797
0.4513612772027802,0.0077077164257098
0.5874282939266094,0.0080125413690994
0.6623364798008924,0.0112349764849329
0.6780890521140013,0.0151759275387563
0.6643396970892645,0.0218820762933286
0.6076425774729111,0.0350984149102943
0.5133699578110298,0.0630769900714161
0.4284760372719823,0.0904459153457585
0.305672747139345,0.1164213551646054
0.1771026193583634,0.1522818324333739
0.0823140194858409,0.1863569064622888
0.0257686587549701,0.2088050862219125
0.0020335690654687,0.2251349939035011
0.0,0.2287275735934506
0.0,0.2319282354990419
0.0,0.2379376415258665
0.0,0.2313621320327469
0.0,0.2077164257098066
0.0,0.1917784358125762
0.0001214071083861,0.1783008186727051
0.0081342762618751,0.1731623410555652
0.0506874677512368,0.1598806828078731
0.1323944516951467,0.1310529524473088
0.2482168330955777,0.1113481971781919
0.3740249491607734,0.1115223828601289
0.4793456156857984,0.1127199094234454
0.5439645491243512,0.1118489810137606
0.5765016541718517,0.1135255182024037
0.5887030685646645,0.1148101376066887
0.5748323064315416,0.106754049817105
0.5205026254287188,0.1056000696742727
0.441284487206726,0.1092579689949486
0.3331107536346253,0.1050339662079777
0.2088809299784502,0.1009623758927016
0.1039244847785837,0.0915563490681066
0.031899717728473,0.0821938686639958
0.0021246243967584,0.076511060790803
0.0,0.0703056958717993
0.0,0.0786448353945305
0.0,0.0906636474481797
0.0,0.0941691342971607
0.0,0.0969343319979097
0.0,0.0935159379898972
6.0703554193098006e-05,0.0959327643267723
0.007466537165751,0.0987197352377634
0.0542993292257261,0.0994382511757533
0.1387379731083255,0.0888564709980839
0.250887789480074,0.0779263194565406
0.3646158982608432,0.083347848806828
0.4423771511822017,0.1053605643616094
0.4745803866816402,0.1243903501132207
0.4972835159498588,0.1348850374499216
0.4945215042340729,0.1453797247866225
0.4790724496919294,0.1554607211287232
0.4379457917261056,0.1692213900017418
0.3805202294594348,0.1788016025082738
0.293896257625884,0.1724438251175753
0.1969526815795065,0.1636256749695175
0.1011017695086047,0.150452882773036
0.0346010258900658,0.1297901062532659
0.003156584818041,0.1258491551994426
0.0,0.1252830517331475
0.0,0.1379768333043023
0.0,0.1533487197352377
0.0,0.1683722348022992
0.0,0.1857690297857516
0.0,0.1973523776345584
6.0703554193098006e-05,0.2136169656854206
0.005584726985765,0.2228270336178366
0.0462257565180441,0.221803692736457
0.127932740461954,0.1990942344539278
0.2516162321303912,0.1995514718690123
0.392418126081282,0.221977878418394
0.5026254287188515,0.247234802299251
0.5522809360488057,0.2744295418916565
0.5785959267915136,0.2900409336352552
0.5821167329347133,0.2963551646054694
0.5467265608401372,0.2882119839749172
0.4913345676389352,0.2859693433199791
0.4090205481530943,0.2773906984845846
0.3193006950556955,0.2792631945654067
0.2128266610010016,0.2643703187597979
0.1102680061917625,0.2303387911513673
0.0376362035997207,0.1923445392788712
0.0033083437035238,0.163364396446612
0.0,0.1417653718864309
0.0,0.1342536143529002
0.0,0.1256531963072635
0.0,0.1195784706497126
0.0,0.1104772687685072
0.0,0.1143964466120884
6.0703554193098006e-05,0.1162689426929106
0.0071933711718821,0.1161165302212158
0.0595198348863326,0.1085612262672008
0.1767687498103013,0.0994382511757533
0.3488026223935411,0.0858735411949137
0.5372568063860139,0.0890088834697787
0.6654323610647404,0.0998301689601114
0.7115063586973017,0.1084959066364744
0.7362734088080857,0.1138956627765197
0.7513885938021672,0.1074072461243685
0.7312653655871552,0.1207542240027869
0.6805171942817252,0.1207106775823027
0.5729504962515556,0.1152673750217732
0.4353658906728989,0.1127416826336875
0.2813306219079127,0.0920353596934332
0.1322123410325674,0.0880073157986413
0.0394573102255137,0.0939514021947395
0.0028834188241721,0.0861348197178192
0.0,0.077621494513151
0.0,0.0796246298554258
0.0,0.0853509841491029
0.0,0.0828906113917436
0.0,0.0813011670440689
0.0,0.0993293851245427
0.0001517588854827,0.1098458456714858
0.0101071417731508,0.1244774429541891
0.0654991349743527,0.1286796725309179
0.177466840683522,0.1124368576902978
0.3272832124320879,0.0965206410033095
0.4948250220050384,0.0990898798118794
0.6473730536922937,0.1094103814666434
0.7229186268856042,0.1309223131858561
0.7334810453152032,0.1501480578296464
0.7270464685707348,0.1742510015676711
0.7246183264030109,0.1981579864135168
0.6737487479891948,0.2065624455669744
0.5968373448265396,0.1991377808744121
0.4653230946671928,0.1837005748127504
0.3018180714480833,0.1644530569587179
0.1433514432270009,0.1319238808569935
0.0464685707348165,0.1072983800731579
0.0040671381309375,0.1042501306392614
0.0,0.115049642919352
0.0,0.1187946350809963
0.0,0.1100418045636648
0.0,0.0992205190733321
0.0,0.0854816234105556
0.0,0.0808003832085002
0.0001517588854827,0.0776432677233931
0.010896287977661,0.0752482145967601
0.0766685889458827,0.0646228879986065
0.2221750083467387,0.0498171050339662
0.4301150332351959,0.0313098763281658
0.6349895286369017,0.0307437728618707
0.7799192642729231,0.047030134122975
0.8551613196952682,0.054759623758927
0.9228154308434758,0.0566974394704755
0.9472789631832944,0.0583304302386343
0.9283394542750478,0.0595932764326772
0.8555862445746198,0.0649277129419961
0.7272285792333141,0.070066190559136
0.5504598294230127,0.0727878418394008
0.3416699547758521,0.0716556349068106
0.1512429052721036,0.0693912210416303
0.0449206301028925,0.0701968298205887
0.0039760827996479,0.0910555652325378
3.0351777096549003e-05,0.1136997038843407
0.0,0.129245775997213
0.0,0.1373018637867967
0.0,0.1355817801776694
0.0,0.1246080822156418
0.0,0.1128723218951402
0.0001517588854827,0.1046202752133774
0.0110480468631438,0.098088312140742
0.0748778340971863,0.0828470649712593
0.2282150119889519,0.0568933983626545
0.4407988587731811,0.028588225047901
0.650317176070659,0.0280874412123323
0.8049291286004796,0.0466817627591012
0.8868485749840653,0.0694347674621146
0.9186572373812488,0.0780787319282355
0.9093088900355116,0.0857864483539453
0.8587731811697575,0.0944304128200661
0.7750933317145718,0.1125674969517505
0.6464321486023007,0.1265894443476746
0.4813488329741706,0.1409815363177146
0.3020912374419522,0.1614919003657899
0.1431693325644216,0.1741203623062184
0.0437369107961271,0.1822853161470127
0.0039760827996479,0.2098937467340184
0.0,0.2394617662428148
0.0,0.2696394356383905
0.0,0.2825074028914823
0.0,0.286317714683853
0.0,0.2713377460372757
0.0,0.2555086221912558
9.105533128964702e-05,0.2413778087441212
0.0078914620451027,0.2247648493293851
0.0591252617840774,0.1866617314056784
0.1726409081251707,0.1350592231318585
0.3376938719762042,0.1064709980839574
0.5042644246820651,0.1214074203100505
0.6358697301727017,0.1518899146490158
0.7362127052538926,0.1754485281309876
0.7919689197802532,0.1921268071764501
0.8126081282059064,0.2053649190036579
0.7766412723464959,0.2204973001219299
0.6908671502716484,0.2337354119491377
0.5848180410963062,0.2371538059571503
0.4560961544298418,0.2383513325204668
0.2989953561781042,0.2368272078035185
0.1459313442802076,0.2316451837658944
0.0463471636264303,0.2184941647796551
0.0040064345767444,0.2260276955234279
0.0,0.2566190559136039
0.0,0.2727965511234976
0.0,0.2753222435115833
0.0,0.2623236369970388
0.0,0.2385908378331301
0.0,0.2074333739766591
0.0001214071083861,0.1838529872844452
0.0103499559899232,0.1834610695000871
0.0727835614775245,0.1680020902281832
0.2168937991319391,0.1221912558787667
0.4190366345949555,0.0808439296289845
0.6157768537347862,0.087767810485978
0.7599477949433939,0.1258491551994426
0.843324126627614,0.1529350287406375
0.8720369077609494,0.1586396098240724
0.8649345919203569,0.1508883469778784
0.8112726500136583,0.1433548162341055
0.71882113697757,0.1324246646925622
0.5892797523294989,0.1331649538407943
0.4113272832124321,0.1445958892179062
0.2451513036088263,0.1557655460721128
0.1130907214617415,0.1675666260233408
0.0363917807387622,0.1646054694304128
0.0030958812638479,0.1659989548859083
3.0351777096549003e-05,0.1507577077164257
0.0,0.1426363002961156
0.0,0.141787145096673
0.0,0.1396098240724612
0.0,0.1304650757707716
0.0,0.1302908900888346
0.0001214071083861,0.1101724438251175
0.0099857346647646,0.0964770945828252
0.0673202416001456,0.1039453056958717
0.1874525753482866,0.0993511583347848
0.3538106656144717,0.0657986413516809
0.5262391112999666,0.0566321198397491
0.6761768901569187,0.0653196307263543
0.7683855889762345,0.0981971781919526
0.8032597808601694,0.1405678453231144
0.7722706164445928,0.1670876153980142
0.7234649588733421,0.2030787319282355
0.6590281360973685,0.2355861348197178
0.5459070628585304,0.2315363177146838
0.3955747108993231,0.2331475352726006
0.2478526117704191,0.2394182198223306
0.1252314323003611,0.195806479707368
0.0416426381764652,0.1522600592231318
0.0032172883722341,0.1422443825117575
0.0,0.1548510712419439
0.0,0.1856166173140568
0.0,0.2181675666260233
0.0,0.2449050688033443
0.0,0.2478444521860303
0.0,0.2589052429890263
9.105533128964702e-05,0.2557481275039192
0.0094090508999301,0.2458413168437554
0.0597626491031049,0.2365223828601289
0.1489665219898625,0.2327773906984845
0.2656084013719003,0.2498040411078209
0.3639481591647191,0.2910860477268768
0.4367924241964367,0.3429933809440864
0.4936109509211764,0.3660294373802473
0.5353446444289314,0.3849068106601637
0.5572282757155431,0.4131031179237067
0.5468176161714269,0.4176537188643093
0.5095456338968647,0.4089879811879463
0.4390688074786779,0.3735194217035359
0.3200291377060127,0.3167131161818498
0.1966795155856375,0.2646098240724612
0.0946064892099432,0.2102421180978923
0.031626551734604,0.1675666260233408
0.0036725650286824,0.1488198920048772
0.0,0.1422443825117575
0.0,0.1476659118620449
0.0,0.1725309179585438
0.0,0.1918873018637868
0.0,0.2097631074725657
0.0,0.2274647273994077
6.0703554193098006e-05,0.228814666434419
0.006525632075758,0.2172966382163386
0.0433119859167754,0.2078470649712593
0.1181291164597687,0.1898841665215119
0.2183506844325735,0.2038625674969517
0.3389686466142593,0.2460372757359345
0.4635626915955929,0.2579472217383731
0.5740735120041278,0.281157463856471
0.6549002944122378,0.3141438773732799
0.6912010198197105,0.3474133426232363
0.6925972015661517,0.3826423967949834
0.6330470149027225,0.401367357603205
0.5526451573739642,0.4262105904894617
0.4140589431511215,0.4307176450095802
0.2587185479709837,0.4055913603901759
0.1236531398913406,0.3795070545201184
0.0381825355874586,0.3403805957150322
0.0029137706012687,0.3220257794809266
0.0,0.3343494164779655
0.0,0.3766112175579167
0.0,0.3989505312663299
0.0,0.4136256749695175
0.0,0.4320675840445915
0.0,0.4582172095453753
6.0703554193098006e-05,0.480643616094757
0.0087109600267095,0.4947744295418916
0.0665007436185388,0.4993468036927364
0.1925516739005068,0.5165258665737676
0.3615503687740917,0.5465293502874063
0.5039305551340031,0.551254136909946
0.5904027680820713,0.5546725309179585
0.6555073299541688,0.5666477965511235
0.687528454791028,0.5659510538233757
0.698090873220627,0.5603335655809092
0.6661608037150575,0.5580473785054868
0.6169302212644551,0.5489679498345236
0.5226272498254773,0.5328993206758404
0.3917200352080614,0.5161339487894095
0.2458190427049503,0.483604772687685
0.1125443894740037,0.4514239679498345
0.0309284608613834,0.3972522208674446
0.0016693477403101,0.3632642396794983
0.0,0.3680761191430064
0.0,0.3764588050862219
0.0,0.3709719561052081
0.0,0.3685986761888172
0.0,0.3628070022644138
0.0,0.3499825814318062
3.0351777096549003e-05,0.3144051558961853
0.0064952802986614,0.2797857516112175
0.0538440525692779,0.2464509667305347
0.1654475369532886,0.2153152760843058
0.3210914499043919,0.2016199268420135
0.4640483200291377,0.2125500783835568
0.5715239627280178,0.228814666434419
0.6413330500500805,0.2468211113046507
0.683218502443318,0.2554215293502874
0.6910492609342277,0.2788712767810486
0.674811060187574,0.2913690994600243
0.6096457947612832,0.2989026302037972
0.5165568944061675,0.3092449050688033
0.3903542052387167,0.3218080473785055
0.2405985370443439,0.3180195087963769
0.1180684129055756,0.3155809092492597
0.0403982153155067,0.3057829646403066
0.0035815096973927,0.2868402717296638
0.0,0.2735368402717296
0.0,0.2733844278000348
0.0,0.2637606688730186
0.0,0.2496516286361261
0.0,0.2295114091621668
0.0,0.2226746211461417
6.0703554193098006e-05,0.2152935028740637
0.0072237229489786,0.1951532834001045
0.0525389261541263,0.1692867096324682
0.14186420614927,0.1333173663124891
0.2721643852247549,0.1189905939731754
0.3944820469238474,0.1236936073854729
0.4909703463137767,0.1283748475875283
0.5585941056848879,0.1353205016547639
0.6043949373235803,0.1407638042152935
0.6082799647919386,0.1501916042501306
0.5800224603150514,0.1558090924925971
0.5404740947582481,0.1561356906462288
0.4756730506571159,0.150452882773036
0.3516860412177133,0.1435507751262846
0.2143138980787325,0.1368446263717122
0.1022551370382735,0.1317279219648145
0.0327799192642729,0.1153109214422574
0.0027013081615928,0.1221041630377982
0.0,0.1088007315798641
0.0,0.1204493990593973
0.0,0.126480578296464
0.0,0.128505486848981
0.0,0.141221041630378
0.0,0.1498650060964988
3.0351777096549003e-05,0.1531963072635429
0.0063738731902752,0.1449007141612959
0.0528727957021883,0.129811879463508
0.1638085409900749,0.0978052604075944
0.3238838133972744,0.091817627591012
0.4838376786960877,0.1158334784880682
0.5813882902843962,0.1447700748998432
0.6271891219230886,0.17773471520641
0.6365981728230188,0.2263325204668176
0.6537165751054724,0.2769770074899843
0.6604850213980028,0.3173663124891134
0.6179318299086412,0.3230926667827904
0.533887759128297,0.320610520815189
0.4177618599569004,0.3202621494513151
0.2731963456460375,0.3142309702142484
0.13412450298965,0.3093102246995297
0.0417033417306583,0.2803300818672705
0.0026406046073997,0.2646315972827033
0.0,0.2697047552691168
0.0,0.3166913429716077
0.0,0.3616094757010973
0.0,0.3999085525169831
0.0,0.449486152238286
0.0,0.4888956627765197
6.0703554193098006e-05,0.4981275039191778
0.0076486478283303,0.5009797944608954
0.062251494825022,0.5128897404633339
0.1828998087838043,0.4934027172966382
0.3471332746532309,0.5020684549730012
0.5082708592588097,0.5464204842361958
0.6304367620724194,0.5844147361086919
0.6926275533432482,0.5894008012541369
0.7156949039366255,0.5787972478662254
0.7133881688772877,0.5692170353596934
0.677633775457553,0.5912950705452011
0.6034540322335873,0.6104990419787494
0.498892160135976,0.632206932590141
0.3629161987434364,0.6346237589270162
0.219595107293532,0.6047944608953144
0.093878046559626,0.5890959763107473
0.02664886029077,0.5431980491203623
0.0011837193067654,0.5250174185681937
0.0,0.5139130813447135
0.0,0.5268028218080474
0.0,0.5329428670963247
0.0,0.5468559484410381
0.0,0.5708282529176102
0.0,0.5301558961853335
0.0,0.5308961853335655
0.0035208061431996,0.5422400278697092
0.0380611284790724,0.5587005748127504
0.113394239232707,0.6002656331649538
0.225453000273166,0.6209284096847238
0.3439766898351898,0.6481231492771294
0.4359729262148298,0.6700487719909424
0.4946732631195557,0.6756009406026825
0.5122469420584576,0.6351898623933112
0.5366497708440829,0.5858299947744295
0.5468176161714269,0.5462027521337746
0.5440252526785443,0.5090794286709632
0.5015631165204723,0.5012192997735586
0.4028894891795914,0.5904241421355164
0.264485385619328,0.635886605121059
0.1231068079036027,0.6643659641177495
0.0355115792029623,0.572635429367706
0.0026406046073997,0.5068803344365093
0.0,0.4864570632294025
0.0,0.4870449399059397
0.0,0.5011757533530744
0.0,0.5381466643441909
0.0,0.5700879637693781
0.0,0.5799730012192997
3.0351777096549003e-05,0.5880944086396098
0.0064952802986614,0.5986544156070371
0.0542082738944365,0.6160947570109737
0.1611072328284821,0.6427669395575684
0.3077063162048138,0.6928670963246821
0.4500561507876286,0.6894922487371538
0.5575621452636051,0.6686117401149625
0.6319543509272468,0.6603596934331998
0.6734755819953259,0.6719865877024909
0.6917777035845449,0.6691342971607733
0.67581266883176,0.6799773558613482
0.6197225847573375,0.681414387737328
0.5476674659301302,0.6781919526214945
0.4263817646523204,0.6486239331126982
0.2664886029077002,0.6349939035011322
0.1289950526603332,0.5922313185856123
0.0415819346222721,0.5387998606514545
0.0029744741554618,0.4860433722348022
0.0,0.4573462811356906
0.0,0.4644878940951054
0.0,0.4450008709284097
0.0,0.4218994948615224
0.0,0.367640654938164
0.0,0.3132294025431109
3.0351777096549003e-05,0.274516634732625
0.0072540747260752,0.2436204493990593
0.0640422496737184,0.2182546594669918
0.2029926852217197,0.1918437554433025
0.4038000424924879,0.2087615398014283
0.5632075758035633,0.2191255878766765
0.6593620056454306,0.2323201532834001
0.7237988284214041,0.248541194913778
0.755971712143746,0.2856645183765894
0.7251343066136522,0.3147535272600592
0.677299905909491,0.3458456714858038
0.6312866118311227,0.3612828775474656
0.5425380156008134,0.3534009754398188
0.4028591374024949,0.3280787319282355
0.2546817616171427,0.3020597456889043
0.1163080098339757,0.254245775997213
0.0315961999575075,0.2255486848981013
0.0014568853006343,0.1962637171224525
0.0,0.1906897753004703
0.0,0.1872278348719735
0.0,0.1826554607211287
0.0,0.1719865877024908
0.0,0.1695044417348893
0.0,0.1690472043198049
3.0351777096549003e-05,0.1665650583522034
0.0038850274683582,0.1635821285490332
0.0403375117613136,0.1521511931719212
0.1226211794700579,0.1315101898623933
0.2416304974656266,0.1091273297334959
0.35769569308283,0.1076685246472739
0.4499347436792424,0.1211679149973872
0.5019576896227275,0.1307045810834349
0.5245090600054633,0.1364527085873541
0.5006829149846723,0.1394138651802821
0.4528788660576077,0.1316843755443302
0.4121164294169424,0.1182938512454276
0.341943120769721,0.1066669569761365
0.2433301969830333,0.1027260059223131
0.1549154703007861,0.0898580386692213
0.0781254742465171,0.0754441734889392
0.0243117734543357,0.0618794635080996
0.0012444228609585,0.0529524473088312
0.0,0.0503614352900191
0.0,0.0520597456889043
0.0,0.049795331823724
0.0,0.0485760320501654
0.0,0.0489026302037972
0.0,0.0531484062010102
3.0351777096549003e-05,0.0597021424838878
0.0036118614744893,0.0788625674969517
0.0379093695935897,0.099743076119143
0.1141833854372173,0.113198920048772
0.2234801347618903,0.1198615223828601
0.3295899474914256,0.1310311792370667
0.4311773454335751,0.1495601811531092
0.5054481439888305,0.1867923706671311
0.5362248459647312,0.221607733844278
0.5573193310468328,0.2453623062184288
0.5611133031839014,0.2609083783313011
0.5450268613227305,0.2657202577948093
0.4802865207757914,0.2645880508622191
0.3716575105472425,0.2544417348893921
0.234133608522779,0.2284445218603031
0.1068079036027559,0.1821329036753179
0.029471575560749,0.1551123497648493
0.0013051264151516,0.1411121755791674
0.0,0.1069935551297683
0.0,0.0859606340358822
0.0,0.0735934506183591
0.0,0.0880944086396098
0.0,0.1174011496255007
0.0,0.1477747779132555
3.0351777096549003e-05,0.1863569064622888
0.0036118614744893,0.2335176798467166
0.0428263574832306,0.2730796028566452
0.1363401827176981,0.2648493293851245
0.2658208638115761,0.2356514544504441
0.4002185327950951,0.2588399233582999
0.5113363887455611,0.3163429716077338
0.5817525116095548,0.3873454102072809
0.6032415697939114,0.4480491203623062
0.5910401554010988,0.4792065842187772
0.5368015297295656,0.5052473436683504
0.471696967857468,0.5269552342797422
0.4035875800528121,0.5344887650235151
0.3043979725012899,0.5163081344713465
0.1935836343217895,0.4817975962375893
0.0959116156250948,0.4097064971259362
0.0324460497162108,0.3240506880334436
0.002488845721917,0.2707934157812228
0.0,0.2467775648841665
0.0,0.2484323288625675
0.0,0.2537667653718864
0.0,0.2523515067061487
0.0,0.2361957847064971
0.0,0.2242422922835742
3.0351777096549003e-05,0.2189296289844974
0.0049473396667374,0.2147491726180108
0.0401250493216377,0.1951968298205887
0.1331228943454639,0.1562227834871973
0.2874009773272225,0.158552516983104
0.4468995659695875,0.1716164431283748
0.5477888730385164,0.1801950879637693
0.602998755577139,0.1834610695000871
0.6267034934895438,0.1813926145270858
0.6438825993261905,0.1739679498345236
0.6335629951133639,0.179389479184811
0.5828755273621271,0.1803692736457063
0.5064497526330166,0.1681980491203623
0.3981546119525298,0.1659771816756662
0.2606610617051628,0.1532616268942692
0.1256563571797128,0.1249129071590315
0.039032385346162,0.0971520641003309
0.0024281421677239,0.08850809963421
0.0,0.100113220693259
0.0,0.1151149625500783
0.0,0.1233670092318411
0.0,0.1241072983800731
0.0,0.1291369099460024
0.0,0.1265894443476746
3.0351777096549003e-05,0.1184680369273645
0.005918596533827,0.1122408987981188
0.0593680760008498,0.0996124368576902
0.196649163808541,0.0782964640306566
0.4054390384557015,0.0718951402194739
0.6047288068716423,0.0862436857690297
0.7299602391720035,0.0914692562271381
0.7775518256593924,0.0993947047552691
0.7957628919173217,0.1149625500783835
0.7954593741463563,0.129071590315276
0.7575803563298631,0.1419177843581257
0.6912920751510001,0.1462724264065494
0.5962606610617052,0.1411121755791674
0.4615594743072207,0.1289409510538233
0.3026679212067866,0.1140480752482146
0.1425319452453941,0.0928191952621494
0.039032385346162,0.0807786099982581
0.0022763832822411,0.0904241421355164
0.0,0.1073854729141264
0.0,0.120405852638913
0.0,0.1254136909946002
0.0,0.1163995819543633
0.0,0.1038364396446612
0.0,0.0937118968820762
3.0351777096549003e-05,0.0825640132381118
0.0062221143047925,0.0755312663299076
0.0591252617840774,0.0706976136561574
0.2050869578413816,0.0538016025082738
0.4231341245029896,0.0352508273819892
0.6259446990621301,0.0369273645706322
0.7861413785777157,0.044264936422226
0.8669074574316327,0.0489244034140393
0.9089143169332564,0.0563490681066016
0.9196588460254348,0.0595932764326772
0.891856618204996,0.0544983452360216
0.8081464169727137,0.0492074551471869
0.6825811151242905,0.0403457585786448
0.5176495583816433,0.0328775474655983
0.3223055209882539,0.0294156070371015
0.1449297356360215,0.0263891308134471
0.0439493732358029,0.0270858735411949
0.0027620117157859,0.0351201881205364
0.0,0.0457019682982058
0.0,0.0616835046159205
0.0,0.0836962201707019
0.0,0.1059266678279045
0.0,0.1256531963072635
0.0,0.1344713464553213
3.0351777096549003e-05,0.1307916739244034
0.0058275412025374,0.1261975265633164
0.0589735028985947,0.1156157463856471
0.1899110692931071,0.0945175056610346
0.3763013324430145,0.0627068454973001
0.5634200382432392,0.0446568542065842
0.7069535921328194,0.0477704232712071
0.7614957355753179,0.0576990071416129
0.75839985431147,0.0671050339662079
0.737669590554527,0.0892048423619578
0.6702886454001882,0.0994817975962375
0.5783531125747412,0.1043807699007141
0.4533037909369594,0.1040759449573245
0.3198773788205299,0.1049686465772513
0.1944334840804929,0.1129811879463508
0.0914802561689987,0.1077556174882424
0.0241296627917564,0.1073419264936422
0.0008194979816068,0.1118489810137606
0.0,0.11174011496255
0.0,0.1034880682807873
0.0,0.0916652151193171
0.0,0.069325901410904
0.0,0.0528871276781048
0.0,0.0453318237240898
3.0351777096549003e-05,0.040019160425013
0.0022763832822411,0.0384297160773384
0.0268613227304458,0.0378853858212854
0.0798251737639238,0.0318759797944609
0.1524873281330622,0.0275648841665215
0.2307949130421586,0.0290890088834697
0.2977205815400491,0.0332259188294722
0.3468297568822654,0.0389958195436335
0.4031323033963638,0.0433069151715728
0.4460800679879807,0.048488939209197
0.4593134428020761,0.0579820588747604
0.4332412662761404,0.0650148057829646
0.3678028348559808,0.072091099111653
0.2837587640756366,0.0719604598502003
0.1951922785079066,0.0706758404459153
0.0999484019789358,0.056784532311444
0.0290770024584939,0.0396054694304128
0.001274774638055,0.0321372583173663
0.0,0.0296768855600069
0.0,0.0312881031179237
0.0,0.0330299599372931
0.0,0.0343798989723044
0.0,0.0386256749695175
0.0,0.042588399233583
3.0351777096549003e-05,0.0439601114788364
0.0029744741554618,0.0421529350287406
0.0297143897775214,0.036687859257969
0.0848939205390475,0.0259101201881205
0.1599842170759098,0.0191168785925796
0.2369259720156615,0.0218603030830865
0.3014234983458281,0.0282616268942692
0.3417306583300452,0.0335089705626197
0.3628858469663399,0.0451358648319108
0.3647676571463259,0.0603335655809092
0.3522930767596443,0.0656026824595018
0.3215163747837435,0.0677800034837136
0.2745014720611892,0.0666042501306392
0.2118250523568154,0.0687380247343668
0.1384648071144565,0.061226267200836
0.069718031990773,0.0536491900365789
0.0219139830637083,0.0506880334436509
0.0010926639754757,0.0479881553736282
0.0,0.0455713290367531
0.0,0.0453753701445741
0.0,0.0453971433548162
0.0,0.0474655983278174
0.0,0.0513630029611565
0.0,0.0516460546943041
3.0351777096549003e-05,0.0529524473088312
0.0034601025890065,0.0534314579341578
0.0409748990803411,0.053104859780526
0.1327283212432088,0.0399102943738024
0.2654566424864176,0.0272600592231318
0.4201900021246244,0.0342710329210938
0.5496099796643094,0.0436770597456889
0.6021792575955323,0.0491421355164605
0.620026102528303,0.0489244034140393
0.6135611740067382,0.0524516634732624
0.5803563298631135,0.0546289844974743
0.5198955898867879,0.0537145096673053
0.4309345312168027,0.0534314579341578
0.3342641211642941,0.0456366486674795
0.2172276686800012,0.0373846019857167
0.1061705162837284,0.0261496255007838
0.0293501684523628,0.0181806305521686
0.0011837193067654,0.0163952273123149
0.0,0.0177887127678104
0.0,0.0169831039888521
0.0,0.0152630203797247
0.0,0.015872670266504
0.0,0.0175492074551471
0.0,0.0181153109214422
3.0351777096549003e-05,0.0207934157812227
0.0036725650286824,0.0229925100156767
0.0494430448902783,0.0248432328862567
0.1742495523112878,0.0266286361261104
0.3699274592527392,0.0243859954711722
0.5735575317934866,0.0286970910991116
0.7044040428567092,0.0342274865006096
0.7457735150393056,0.0391046855948441
0.7427990408838437,0.043524647273994
0.7037666555376817,0.0493816408291238
0.6484353658906729,0.0516896011147883
0.5845752268795338,0.0477268768507228
0.4933984884815006,0.0382555303954015
0.3749355024736698,0.0288930499912907
0.2405378334901508,0.0193563839052429
0.1175524326949342,0.0123889566277651
0.0339029350168452,0.0101680891830691
0.0014568853006343,0.0124107298380073
0.0,0.0171355164605469
0.0,0.0258448005573941
0.0,0.0348371363873889
0.0,0.0396925622713812
0.0,0.0445479881553736
0.0,0.0427625849155199
3.0351777096549003e-05,0.0394530569587179
0.0034601025890065,0.0421093886082564
0.0472273651622302,0.0456584218777216
0.1643245212007163,0.0420876153980142
0.3476189030867757,0.0286753178888695
0.5416881658421101,0.0203144051558961
0.7003369047257717,0.0197483016896011
0.7867484141196467,0.0297422051907333
0.7962485203508666,0.0447874934680369
0.7735757428597444,0.0519726528479358
0.733298934652624,0.0616835046159205
0.6397851094181565,0.0604424316321198
0.5301544905454214,0.0723959240550426
0.4099311014659908,0.0806697439470475
0.255531611375846,0.0884863264239679
0.1213767566090994,0.1125892701619926
0.0341457492336176,0.1081910816930848
0.0012444228609585,0.108604772687685
0.0,0.1079951228009057
0.0,0.102508273819892
0.0,0.0987850548684898
0.0,0.0950400627068455
0.0,0.0917740811705277
0.0,0.0839792719038495
0.0,0.0792980317017941
0.0030048259325583,0.0899669047204319
0.0459829423012717,0.1039017592753875
0.1450207909673111,0.1111304650757707
0.2897987677178499,0.1187293154502699
0.444714238018636,0.128135342274865
0.5750447688712174,0.1410904023689252
0.6736273408808086,0.1446176624281484
0.7296870731781346,0.1473393137084131
0.7456217561538228,0.1591403936596411
0.7233739035420524,0.1861609475701097
0.6830363917807387,0.2128331301167044
0.5857892979633957,0.2130073157986413
0.4465656964215255,0.1957629332868838
0.2816948432330713,0.17588399233583
0.126050930281968,0.1589444347674621
0.0346617294442589,0.132381118272078
0.0015479406319239,0.1218211113046507
0.0,0.1268724960808221
0.0,0.1274821459676014
0.0,0.1269378157115485
0.0,0.1202534401672182
0.0,0.1154633339139522
0.0,0.1161383034314579
0.0,0.1192300992858387
0.0029137706012687,0.1270902281832433
0.0505660606428506,0.1263499390350113
0.1745227183051567,0.0988068280787319
0.3667405226576016,0.0760973697962027
0.5612954138464807,0.0841970040062706
0.6925668497890551,0.099743076119143
0.7696907153913861,0.1137214770945828
0.7988891249582664,0.1359519247517854
0.8065681245636932,0.1494730883121407
0.7730597626491031,0.1630595715032224
0.7134792242085775,0.172574464379028
0.6073390597019456,0.1878374847587528
0.4572798737366073,0.1880769900714161
0.2838194676298297,0.1867052778261627
0.1270525389261541,0.172204319804912
0.0331137888123349,0.1506052952447308
0.0011230157525723,0.1518899146490158
0.0,0.1647361086918655
0.0,0.1719865877024908
0.0,0.1592710329210938
0.0,0.1401323811182721
0.0,0.1297030134122975
0.0,0.1223436683504615
0.0,0.1109127329733496
0.0028834188241721,0.1020074899843232
0.0458008316386924,0.0900322243511583
0.1750083467387015,0.0646446612088486
0.3760281664491456,0.0447004006270684
0.5782013536892585,0.0421093886082564
0.7217956111330318,0.0421964814492248
0.7938507299602392,0.0476180107995122
0.8256593923574226,0.0536491900365789
0.8293926609402981,0.0659728270336178
0.8030473184204935,0.0678017766939557
0.7233435517649558,0.0676493642222609
0.6033629769022977,0.0647535272600592
0.4421646887425259,0.0591795854380769
0.2718305156766928,0.062510886605121
0.12295504901812,0.0669526214945131
0.0309284608613834,0.0691952621494513
0.0009105533128964,0.071350809963421
0.0,0.0773384427800034
0.0,0.0773819892004877
0.0,0.0699355512976833
0.0,0.062140742031005
0.0,0.0547378505486849
0.0,0.0548031701794112
0.0,0.0563708413168437
0.0020942726196618,0.0561095627939383
0.0397911797735757,0.061030308308657
0.1484201900021246,0.0644922487371538
0.322700094090509,0.0674098589095976
0.5204722736516223,0.0779480926667827
0.6969071539138617,0.0882468211113046
0.8220171791058366,0.0959545375370144
0.8668771056545361,0.1003744992161644
0.8540079521655993,0.1109780526040759
0.8047166661608037,0.117814840620101
0.7161198288159771,0.1056871625152412
0.5925880960330228,0.0972609301515415
0.4440161471454154,0.0984366835046159
0.2760494126931131,0.0906418742379376
0.1174917291407411,0.0871363873889566
0.0274076547181837,0.0765981536317714
0.0004856284335447,0.0787754746559832
0.0,0.089422574464379
0.0,0.1037493468036927
0.0,0.118555129768333
0.0,0.1534793589966904
0.0,0.190450269987807
0.0,0.2174272774777913
0.0,0.220323114439993
0.0019425137341791,0.2359780526040759
0.0373630376058518,0.235259536666086
0.1268097247093817,0.208151889914649
0.2466688924636537,0.1624499216164431
0.3749658542507664,0.1551994426058178
0.4964943697453486,0.1829820588747605
0.5891279934440161,0.2275518202403762
0.648496069444866,0.2616486674795332
0.6688621118766503,0.2939601114788364
0.6379943545694601,0.3337179933809441
0.579779646098279,0.3688817279219648
0.4730020942726197,0.3743903501132207
0.3377545755303973,0.3510059223131858
0.2107627401584362,0.3075683678801602
0.0997966430934531,0.2466686988329559
0.0247366983336874,0.1766460546943041
0.0004552766564482,0.1358212854903327
0.0,0.1255007838355687
0.0,0.1163560355338791
0.0,0.0974351158334784
0.0,0.0809745688904372
0.0,0.0692605817801776
0.0,0.0576554607211287
0.0,0.0539540149799686
0.0017907548486963,0.061400452882773
0.0357847451968312,0.0730273471520641
0.1323944516951467,0.0708282529176101
0.2835463016359608,0.0715032224351158
0.4527574589492215,0.0998519421703535
0.5880960330227335,0.1550034837136387
0.6391780738762255,0.192671137432503
0.6414241053813701,0.2047552691168785
0.6096457947612832,0.2158813795506009
0.5681245636932042,0.2075204668176276
0.525541020426746,0.1925840445915345
0.4694812881294199,0.1769291064274516
0.3500773970315962,0.1628853858212854
0.2161957082587185,0.1455103640480752
0.0965490029441223,0.1321633861696568
0.021398002853067,0.12685072287058
0.0002124624396758,0.1403936596411775
0.0,0.175709806653893
0.0,0.2124412123323462
0.0,0.2525474655983278
0.0,0.2712724264065493
0.0,0.3098545549555827
0.0,0.3309527956801951
0.0,0.3325640132381118
0.001274774638055,0.3575161121755791
0.0182110662579294,0.3649625500783836
0.0616748110601875,0.3528130987632816
0.1299966613045193,0.3130334436509319
0.233253406986979,0.3099851942170353
0.3617931829908641,0.3447570109736979
0.4911524569763559,0.374825814318063
0.6063374510577595,0.3957498693607385
0.655355571068686,0.3986457063229403
0.6474034054693902,0.37941996167915
0.5894618629920781,0.3702534401672182
0.4866907457431633,0.3594757010973698
0.3773332928642972,0.328361783661383
0.2431177345433575,0.2918698832955931
0.1085379548972592,0.2332564013238111
0.0260114729717424,0.1589444347674621
0.0005463319877378,0.1150278697091099
0.0,0.1064927712941996
0.0,0.1039017592753875
0.0,0.0898362654589792
0.0,0.0773819892004877
0.0,0.0795375370144574
0.0,0.0843494164779655
0.0,0.0993947047552691
0.0014568853006343,0.1247822678975788
0.0398215315506722,0.1413081344713464
0.1521838103620967,0.1416565058352203
0.3177527544237715,0.1192518724960808
0.4892706467963699,0.092557916739244
0.6165356481621999,0.0933852987284445
0.6967250432512824,0.1137867967253091
0.714116611527605,0.132010973697962
0.6895013203023037,0.1485803866922139
0.6395422952013841,0.1676754920745514
0.5526755091510608,0.1848981013760668
0.4716362643032749,0.1950444173488939
0.3587580052812092,0.2066930848284271
0.218047166661608,0.2153588225047901
0.0936352323428536,0.25185072287058
0.0203660424317843,0.3051079951228009
0.0003035177709654,0.3681414387737328
0.0,0.4062881031179237
0.0,0.4404067235673227
0.0,0.4667523079602856
0.0,0.4767462114614179
0.0,0.4950574812750392
0.0,0.5035490332694652
0.0,0.5092971607733844
0.0011533675296688,0.5028522905417174
0.0311409233010592,0.4943171921268072
0.1268704282635748,0.4414082912384602
0.2788417761859957,0.422574464379028
0.4560354508756488,0.4584131684375544
0.6018453880474702,0.5034619404284968
0.6966946914741858,0.5339444347674621
0.7345130057364859,0.5668437554433026
0.7139952044192187,0.5902064100330953
0.6582389898928582,0.5996995296986588
0.5624487813761496,0.5891177495209894
0.4530306249430904,0.5683025605295244
0.3493186026041824,0.5359040236892527
0.2206574194919112,0.4965162863612611
0.1065650893859835,0.4617444696045985
0.0241903663459495,0.4127547465598328
0.000333869548062,0.384035882250479
0.0,0.369469604598502
0.0,0.3603684027172966
0.0,0.3463029089008883
0.0,0.3250304824943389
0.0,0.3095932764326772
0.0,0.3168655286535446
0.0,0.3252482145967601
0.0012140710838619,0.3354598502003135
0.0330227334810453,0.3474786622539627
0.147448933135035,0.350113220693259
0.338179500409749,0.3663560355338791
0.5467265608401372,0.4359867618881727
0.6791817160894771,0.5069456540672357
0.7413118038061128,0.5204014979968646
0.796491334567639,0.5187249608082215
0.8271466294351534,0.5135211635603554
0.8213797917868091,0.4915519944260582
0.7615867909066076,0.4635298728444522
0.645400188181018,0.4368576902978575
0.4761283273135642,0.4159554084654241
0.2818769538956506,0.3889566277651977
0.1116338361611072,0.3386387388956627
0.0224299632743497,0.281527608430587
0.0002731659938689,0.2542893224176972
0.0,0.2420092318411426
0.0,0.2312968124020205
0.0,0.2255922313185856
0.0,0.2124629855425883
0.0,0.2033182372408987
0.0,0.1975701097369796
0.0,0.192300992858387
0.0013051264151516,0.1995732450792544
0.0355419309800588,0.1872713812924577
0.1662366831577988,0.1539148232015328
0.3748140953652836,0.1372147709458282
0.5887637721188576,0.1395227312314927
0.7509333171457189,0.1315537362828775
0.8568306674355783,0.1280264762236544
0.915531004340304,0.1215162863612611
0.9287340273773028,0.1209719561052081
0.8852702825750448,0.1166173140567845
0.7969769630011837,0.1108256401323811
0.6710170880505054,0.1039235324856296
0.4913345676389352,0.099568890437206
0.2828785625398367,0.0857646751437031
0.1100555437520866,0.0688033443650932
0.0215194099614532,0.0587658944434767
0.0003035177709654,0.0688033443650932
0.0,0.0768594321546768
0.0,0.0844365093189339
0.0,0.0828252917610172
0.0,0.0808439296289845
0.0,0.0767941125239505
0.0,0.0749869360738547
0.0,0.0748780700226441
0.0011533675296688,0.0706322940254311
0.0321728837223419,0.0693041282006619
0.1571007982517376,0.0546943041282006
0.3640088627189122,0.0418916565058352
0.5745591404376726,0.0393877373279916
0.748232008984126,0.0412384601985716
0.8674841411964671,0.041303779829298
0.9312835766534132,0.0371668698832955
0.9426958448417156,0.0332912384601985
0.90545421434425,0.0343145793415781
0.8205299420281057,0.0374934680369273
0.6853127750629799,0.0410207280961505
0.5023522627249826,0.0474220519073332
0.2900719337117188,0.05458543807699
0.1085076031201626,0.0666477965511235
0.0193644337875982,0.0874629855425884
0.0001821106625792,0.1455103640480752
0.0,0.2270510364048075
0.0,0.2968994948615224
0.0,0.3520945828252917
0.0,0.3633513325204668
0.0,0.3667479533182372
0.0,0.362828775474656
0.0,0.3495253440167218
0.0010319604212826,0.3256619055913604
0.0329923817039487,0.2869273645706323
0.1528819012353173,0.2325378853858213
0.3351139709229975,0.165563490681066
0.5128843293774851,0.1281135690646228
0.642577472911039,0.1219299773558613
0.7216742040246457,0.1400670614875457
0.7658360397001245,0.1452273123149277
0.767414332109145,0.1487545723741508
0.7305065711597414,0.1404589792719038
0.6384496312259083,0.1268942692910642
0.5090903572404164,0.1286143529001916
0.3621270525389261,0.1485586134819717
0.201626855252375,0.1599460024385995
0.086411509393875,0.1538712767810486
0.018302121589219,0.144356383905243
0.0003035177709654,0.150452882773036
0.0,0.1477530047030134
0.0,0.1392614527085873
0.0,0.1262846194042849
0.0,0.1160947570109737
0.0,0.1001349939035011
0.0,0.0868097892353248
0.0,0.0853074377286187
0.0006070355419309,0.0804955582651106
0.0211248368591981,0.079102072809615
0.0875345251464473,0.0789278871276781
0.1837496585425076,0.06527608430587
0.2876741433210914,0.0611391743598676
0.3546908671502716,0.0725701097369796
0.3853765137948827,0.0875718515937989
0.3960299875557714,0.1072766068629158
0.4085652714966461,0.1330125413690994
0.3959996357786748,0.1444217035359693
0.3350229155917079,0.1648449747430761
0.2752299147115064,0.1848545549555826
0.2090326888639329,0.1965467688556
0.1329407836828846,0.1944347674621146
0.0634048623546908,0.170723741508448
0.0143867423437642,0.1317714683852987
0.0001214071083861,0.1101288974046333
0.0,0.1034009754398188
0.0,0.1098022992510015
0.0,0.1089966904720432
0.0,0.1008099634210067
0.0,0.1033792022295767
0.0,0.0996124368576902
0.0,0.0922748650060965
0.0004552766564482,0.0866791499738721
0.0169059398427777,0.0774908552516983
0.080219746866179,0.0555652325378853
0.1813518681518802,0.0381031179237066
0.2876134397668983,0.0344669918132729
0.4025252678544329,0.0358169308482842
0.4763711415303366,0.0378636126110433
0.5300027316599387,0.0416303779829298
0.531732782954442,0.0490332694652499
0.4855980817676875,0.0565885734192649
0.4253498042310377,0.0611827207803518
0.330439797250129,0.0797117226963943
0.2344371262937445,0.088682285316147
0.1455064194008559,0.0940602682459501
0.0664096882872492,0.0895532137258317
0.0128084499347436,0.0777521337746037
9.105533128964702e-05,0.082607559658596
0.0,0.092187772165128
0.0,0.0936248040411078
0.0,0.0915998954885908
0.0,0.1016373454102072
0.0,0.106383905242989
0.0,0.1013542936770597
0.0,0.0959109911165302
0.0005159802106413,0.0924708238982755
0.0186056393601845,0.0887476049468733
0.0924818648131848,0.0712419439122104
0.2167723920235529,0.0443738024734366
0.3530215194099614,0.0341621668698833
0.457097763074028,0.0422182546594669
0.5218684553980636,0.058461069500087
0.5344340911160348,0.0789496603379202
0.5234770995841806,0.0881161818498519
0.4975566819437278,0.0888129245775997
0.453728715816311,0.0869186552865354
0.3948159164719094,0.0841752307960285
0.3215163747837435,0.0693694478313882
0.2069080644671745,0.0612480404110782
0.0867757307190336,0.0512976833304302
0.0144777976750538,0.0422400278697091
3.0351777096549003e-05,0.0461156592928061
0.0,0.0620536491900365
0.0,0.0982189514021947
0.0,0.1381727921964814
0.0,0.1825465946699181
0.0,0.2179062881031179
0.0,0.2473654415607037
0.0,0.2737545723741508
0.0005463319877378,0.2997953318237241
0.0259507694175493,0.3274690820414562
0.1372507360305946,0.3150365789932067
0.325522809360488,0.2670484236195785
0.5415364069566273,0.246146141787145
0.7342701915197135,0.2716207977704232
0.8554648374662337,0.2959850200313534
0.8933742070598234,0.2768463682285316
0.8985947127204298,0.2378940951053823
0.865268461468419,0.2101550252569238
0.7964306310134458,0.1854424316321198
0.6715937718153397,0.1649973872147709
0.4937323580295626,0.1438773732799164
0.2795095152821197,0.1054258839923358
0.0991592557744256,0.0756401323811182
0.0149634261085986,0.0628374847587528
6.0703554193098006e-05,0.080952795680195
0.0,0.1136561574638564
0.0,0.1485368402717296
0.0,0.1865310921442257
0.0,0.2254615920571329
0.0,0.2557916739244034
0.0,0.2506531963072635
0.0,0.2349329385124542
0.0005159802106413,0.2139435638390524
0.0256776034236804,0.1863786796725309
0.1475703402434212,0.1514109040236892
0.3571493610950921,0.0834784880682807
0.5766837648344311,0.0418045636648667
0.7560627674750356,0.0411731405678453
0.8767110814338179,0.0449399059397317
0.9395392600236744,0.0420222957672879
0.9488572555923148,0.0383861696568542
0.9096124078064772,0.0335089705626197
0.8197407958235955,0.029132555303954
0.6771784988011048,0.0264762236544156
0.4864479315263909,0.0268899146490158
0.2699487054967068,0.0324203100505138
0.0935138252344674,0.0442867096324682
0.0139314656873159,0.0646446612088486
6.0703554193098006e-05,0.0987850548684898
0.0,0.1295070545201184
0.0,0.1423097021424839
0.0,0.1403718864309353
0.0,0.1323593450618359
0.0,0.1116530221215816
0.0,0.0901846368228531
0.0,0.0736369970388434
0.0004249248793516,0.0600505138477617
0.0241296627917564,0.057894966033792
0.140650135065408,0.0522339313708413
0.3410325674568246,0.0317888869534924
0.5544359122226606,0.0141308134471346
0.7302941087200656,0.015676711374325
0.8486660393966067,0.0311139174359867
0.9049989376878016,0.0409554084654241
0.9148329134670836,0.0384297160773384
0.8819922906486175,0.0339008883469778
0.7910887182444533,0.0334654241421355
0.6518347649254864,0.0414126458805086
0.466112240871703,0.0511888172792196
0.258293623091632,0.0587441212332346
0.0905089993019091,0.0614875457237415
0.0126263392721643,0.0781658247692039
6.0703554193098006e-05,0.1096934331997909
0.0,0.1334697787841839
0.0,0.1401759275387563
0.0,0.1327294896359519
0.0,0.120035708064797
0.0,0.094952969865877
0.0,0.0738765023515067
0.0,0.0533008186727051
0.000333869548062,0.0385821285490332
0.0229762952620875,0.0322025779480926
0.134731538531581,0.0244295418916565
0.3296506510456187,0.0085786448353945
0.5394117825598689,0.0016547639784009
0.7148754059550186,0.0
0.8306674355783531,0.0033095279568019
0.8864540018818102,0.007577077164257
0.8834491759492519,0.0092536143529001
0.8441739763863174,0.0092536143529001
0.7508119100373327,0.0102769552342797
0.6157161501805931,0.0153283400104511
0.4366710170880505,0.0237110259536666
0.2403557228275715,0.038168437554433
0.0844689956596958,0.0545636648667479
0.0110176950860472,0.0815406723567322
3.0351777096549003e-05,0.1144835394530569
0.0,0.1361478836439644
0.0,0.1416347326249782
0.0,0.1304868489810137
0.0,0.1184027172966382
0.0,0.1036840271729663
0.0,0.0984802299251001
0.0,0.0949747430761191
0.0002731659938689,0.0951707019682982
0.0213069475217774,0.0985890959763107
0.1224087170303821,0.0915781222783487
0.2923179652168634,0.0689339836265459
0.4767960664096883,0.0473785054868489
0.6361428961665706,0.0399320675840445
0.7422527088961058,0.0458543807699007
0.8069930494430448,0.057350635777739
0.8019850062221143,0.0739635951924751
0.7583087989801803,0.0940820414561923
0.6616687407047682,0.11174011496255
0.5320059489483109,0.1298336526737502
0.3691686648253255,0.1437467340184637
0.1965277567001548,0.1605338791151367
0.069110996448842,0.1831126981362132
0.0098339757792818,0.197091099111653
6.0703554193098006e-05,0.2118751088660512
0.0,0.2045593102246995
0.0,0.1911034662950705
0.0,0.1735542588399233
0.0,0.1686335133252046
0.0,0.1650627068454973
0.0,0.1568324333739766
0.0,0.1538712767810486
0.0001821106625792,0.1622975091447483
0.0176647342701915,0.1723567322766068
0.1045011685434182,0.1748171050339662
0.2524053783349015,0.1548946176624281
0.4247731204662033,0.1303997561400453
0.5860017604030716,0.1085394530569587
0.6877712690078004,0.103074377286187
0.7413421555832094,0.1069935551297683
0.7525419613318359,0.1226267200836091
0.7296870731781346,0.1325335307437728
0.6581175827844721,0.1506706148754572
0.5392600236743862,0.1735324856296812
0.3769994233162351,0.2061923009928583
0.2059368076000849,0.2239156941299425
0.0741797432239657,0.2125283051733147
0.0093786991228336,0.2374368576902978
0.0,0.280787319282355
0.0,0.2970954537537014
0.0,0.3010581780177669
0.0,0.2749956453579515
0.0,0.2576641700052255
0.0,0.2681806305521686
0.0,0.2675492074551472
0.0,0.2589052429890263
0.0002124624396758,0.2506967427277478
0.0187877500227638,0.2509580212506532
0.1169453971530033,0.2128984497474307
0.2903754514826843,0.14196133077861
0.4954927611011624,0.1149190036578993
0.6619722584757337,0.1288974046333391
0.7812243906880748,0.1651280264762236
0.8479679485233861,0.2108735411949137
0.854766746593013,0.246320327469082
0.7826509242116126,0.2607341926493642
0.6584211005554376,0.2625849155199442
0.504476887121741,0.2766068629158683
0.33790633441588,0.2986413516808918
0.1758581964974049,0.3330430238634384
0.0612498861808358,0.3515284793589966
0.0071023158405924,0.3814013238111827
0.0,0.4290411078209371
0.0,0.4201358648319108
0.0,0.4116007664170005
0.0,0.3915911862044939
0.0,0.3666390872670266
0.0,0.3541848110085351
0.0,0.3344582825291761
0.0,0.3176929106427452
0.0002124624396758,0.3060877895836962
0.0190002124624396,0.2901715728967078
0.1187058002246031,0.2434244905068803
0.3026679212067866,0.1776258491551994
0.5111846298600783,0.132555303954015
0.6851913679545938,0.1311182720780352
0.8028045042037212,0.1607733844278
0.8680001214071084,0.1841360390175927
0.8696391173703221,0.1981579864135168
0.8156129541384648,0.2090228183243337
0.6827328740097732,0.2090010451140916
0.5359820317479589,0.2191691342971607
0.3602452423589401,0.2445131510189862
0.1873008164628039,0.2803954014979968
0.0666525025040216,0.308090924925971
0.0079218138221992,0.3295375370144574
0.0,0.369099460024386
0.0,0.365223828601289
0.0,0.3447134645532137
0.0,0.3199137780874412
0.0,0.3081780177669395
0.0,0.302908900888347
0.0,0.2891700052255704
0.0,0.2634558439296289
0.0001821106625792,0.2322983800731579
0.0183628251434121,0.2109606340358822
0.0993110146599083,0.1696568542065842
0.2274562175615382,0.1167914997387214
0.3612772027802228,0.0928191952621494
0.4713023947552129,0.0961287232189514
0.5243573011199806,0.1086700923184114
0.5442073633411236,0.121690472043198
0.5339181109053935,0.1343624804041107
0.5018969860685343,0.1549599372931545
0.4329984520593681,0.1702882773036056
0.3471636264303275,0.1829385124542762
0.2473062797826812,0.1854642048423619
0.1431693325644216,0.1949790977181675
0.0559990287431329,0.1934767462114614
0.0060096518651167,0.1967862741682633
0.0,0.2096106950008709
0.0,0.2037537014457411
0.0,0.1897535272600592
0.0,0.1697221738373105
0.0,0.1429193520292632
0.0,0.1291586831562445
0.0,0.1131553736282877
0.0,0.1079515763804215
9.105533128964702e-05,0.1109345061835917
0.0123228215011988,0.1103030830865702
0.0627371232585667,0.0849155199442605
0.1551582845175585,0.0671485803866922
0.2705253892615412,0.0508186727051036
0.3770297750933317,0.0412384601985716
0.456156857984035,0.0368620449399059
0.5148571948887607,0.0379724786622539
0.5520684736091298,0.043328688381815
0.5474246517133579,0.0448963595192475
0.4928218047166661,0.0504703013412297
0.3928430509606337,0.0574595018289496
0.270677148147024,0.0605730708935725
0.1543691383130482,0.0663429716077338
0.055786566303457,0.0635124542762584
0.0059489483109236,0.0572635429367706
0.0,0.0614222260930151
0.0,0.0672792196481449
0.0,0.0686509318933983
0.0,0.0625979794460895
0.0,0.0554563664866748
0.0,0.0487502177321024
0.0,0.0407159031527608
0.0,0.0392135516460546
6.0703554193098006e-05,0.0422835742901933
0.0113212128570127,0.0480099285838704
0.0733602452423589,0.0478792893224176
0.183051567669287,0.0367749520989374
0.3169939599963577,0.0286535446786274
0.4620147509636689,0.0280656680020902
0.5738306977873554,0.0276302037972478
0.6288281178863022,0.0303736282877547
0.6365981728230188,0.0319195262149451
0.5901903056423954,0.0340315276084305
0.5201991076577533,0.0412166869883295
0.4259264879958722,0.0514718690123671
0.2953227911494218,0.0644051558961853
0.1664491455974747,0.0715903152760843
0.0609767201869669,0.0759014109040236
0.0061310589735028,0.0789061139174359
0.0,0.0837833130116704
0.0,0.0964553213725831
0.0,0.0967601463159728
0.0,0.0907942867096324
0.0,0.0891830691517157
0.0,0.082781745340533
0.0,0.0754877199094234
0.0,0.0734628113569064
9.105533128964702e-05,0.0793851245427625
0.0145081494521504,0.0883339139522731
0.1018605639360184,0.083892179062881
0.2658512155886727,0.0545418916565058
0.4686314383707166,0.0317888869534924
0.654748535526755,0.052190384950357
0.7915136431238049,0.0841970040062706
0.8537651379488269,0.1021163560355338
0.8458736759037242,0.1070806479707368
0.7992229945063284,0.1099329385124542
0.6992442407502959,0.1106950008709284
0.5544662639997572,0.1183156244556697
0.3710504750053116,0.1314448702316669
0.1901538835098795,0.1408508970562619
0.0594287795550429,0.1501262846194042
0.0052508574377029,0.1807829646403065
0.0,0.2298815537362828
0.0,0.2650670614875457
0.0,0.2674621146141787
0.0,0.2629986065145445
0.0,0.2377416826336875
0.0,0.1973523776345584
0.0,0.1657159031527608
0.0,0.1500609649886779
6.0703554193098006e-05,0.1338399233582999
0.0134458372537712,0.1174664692562271
0.0859865845145233,0.1031614701271555
0.2063920842565332,0.0635995471172269
0.3293167814975566,0.0437641525866573
0.4263210610981273,0.0514065493816408
0.4828967736060946,0.0667131161818498
0.5425380156008134,0.0687597979446089
0.5804473851944031,0.0571764500958021
0.5571372203842535,0.0616617314056784
0.4834431055938325,0.0720475526911687
0.394573102255137,0.0741813272948963
0.2699790572738034,0.0755748127503919
0.1459313442802076,0.0851332520466817
0.0519622423892918,0.0867444696045985
0.0046438218957719,0.092383731057307
0.0,0.0813011670440689
0.0,0.0754877199094234
0.0,0.0754441734889392
0.0,0.0723523776345584
0.0,0.0706758404459153
0.0,0.0779480926667827
0.0,0.0799512280090576
0.0,0.0835655809092492
3.0351777096549003e-05,0.0869839749172618
0.0098643275563784,0.0895532137258317
0.0728746168088141,0.0799947744295418
0.1963456460375755,0.0625326598153631
0.3599720763650711,0.0484453927887127
0.5093635232342854,0.0563926145270858
0.6054572495219596,0.0693694478313882
0.6321971651440191,0.0816277651977007
0.6351412875223844,0.0960416303779829
0.5843020608856648,0.1058613481971781
0.5288493641302698,0.0981536317714683
0.4396454912435123,0.0980012192997735
0.2958084195829666,0.0872234802299251
0.1647190943029714,0.0661252395053126
0.0538440525692779,0.0532572722522208
0.0040064345767444,0.050339662079777
0.0,0.0493816408291238
0.0,0.040759449573245
0.0,0.0409771816756662
0.0,0.041499738721477
0.0,0.0384950357080648
0.0,0.0367531788886953
0.0,0.040389304999129
0.0,0.0479010625326598
3.0351777096549003e-05,0.0500566103466295
0.0109266397547576,0.0509710851767984
0.1003126233040944,0.0449616791499738
0.2866118311227122,0.027847935899669
0.5106079460952438,0.0178322591882947
0.6885907669894072,0.0209458282529176
0.7828330348741919,0.0227965511234976
0.7939417852915288,0.0291107820937118
0.7784016754180957,0.031897753004703
0.7323276777855343,0.0322243511583347
0.6561447172731963,0.0293067409858909
0.544723343551765,0.030242989026302
0.3807933954533038,0.0340968472391569
0.1987737882052994,0.0417392440341403
0.05760767292925,0.0548902630203797
0.0032476401493307,0.0816495384079428
0.0,0.1183809440863961
0.0,0.1674795331823724
0.0,0.2149451315101898
0.0,0.2538320850026128
0.0,0.2802212158160599
0.0,0.2860564361609475
0.0,0.2786970910991116
0.0,0.2428366138303431
3.0351777096549003e-05,0.2218690123671834
0.0098643275563784,0.2324290193346107
0.0721461741584969,0.2180151541543285
0.1874829271253832,0.1788233757185159
0.3488633259477342,0.1409379898972304
0.5310346920812213,0.1405242989026302
0.70677148147024,0.1444434767462114
0.7865663034570675,0.1448571677408117
0.7807084104774334,0.1428540323985368
0.735514614380672,0.1345584392962898
0.6417276231523356,0.1176624281484062
0.518408352809057,0.0993511583347848
0.35338574073512,0.0790367531788887
0.182444532127356,0.0660599198745863
0.0515676692870367,0.0657550949311966
0.0026709563844963,0.0961504964291935
0.0,0.1450748998432328
0.0,0.2080212506531963
0.0,0.2726876850722871
0.0,0.3335438076990071
0.0,0.3684027172966382
0.0,0.3603248562968124
0.0,0.3591055565232537
0.0,0.3814013238111827
6.0703554193098006e-05,0.379986065145445
0.0105017148754059,0.3935507751262846
0.0856830667435578,0.4148885211635603
0.2436337147539988,0.3800731579864135
0.417185176192066,0.3189775300470301
0.5575317934865086,0.2943302560529524
0.6486478283303487,0.2942867096324682
0.724679029957204,0.2954624629855426
0.7514189455792637,0.2979663821633861
0.7086532916502262,0.3138608256401324
0.6081282059064558,0.3311052081518899
0.4685403830394269,0.3167566626023341
0.3169636082192612,0.2959414736108692
0.1580113515646341,0.2670701968298206
0.0441314838983822,0.2532659815363177
0.0027013081615928,0.2557916739244034
0.0,0.2477138129245776
0.0,0.2423793764152586
0.0,0.2414213551646054
0.0,0.2401802821808047
0.0,0.2398972304476572
0.0,0.2465162863612611
0.0,0.2591665215119317
0.0,0.2896272426406549
3.0351777096549003e-05,0.3080473785054868
0.0067987980696269,0.3527913255530395
0.0422800254954927,0.3674229228357429
0.1162776580568792,0.3599329385124543
0.1930980058882447,0.362828775474656
0.2972653048836009,0.4022600592231318
0.3801863599113728,0.4578035185507751
0.4302364403435821,0.4886343842536143
0.4636537469268825,0.4987153805957151
0.4675691261723373,0.5098850374499216
0.4506935381066561,0.5263238111827208
0.3868030473184205,0.5117575335307437
0.2800558472698576,0.4909858909597631
0.1568883358120618,0.4626589444347674
0.0485628433544784,0.3911339487894095
0.0022460315051446,0.3682720780351855
0.0,0.3658334784880683
0.0,0.3969909423445392
0.0,0.3980142832259188
0.0,0.3885647099808396
0.0,0.3742814840620101
0.0,0.3493293851245427
0.0,0.3493729315450269
0.0,0.3522905417174708
3.0351777096549003e-05,0.3647883643964466
0.0078307584909096,0.3736065145445044
0.063799435456946,0.3716686988329559
0.1876346860108659,0.3981013760668873
0.3639481591647191,0.4658596063403588
0.5046286460072237,0.5038103117923707
0.5634807417974322,0.5381466643441909
0.5804473851944031,0.5497517854032399
0.5775943181473275,0.559549730012193
0.5539502837891158,0.5541935202926319
0.49524994688439,0.5421964814492248
0.4261996539897411,0.533552516983104
0.3091328497283516,0.4985847413342623
0.1669044222539229,0.4463290367531788
0.0463775154035268,0.3688817279219648
0.0018211066257929,0.3221128723218951
0.0,0.3025169831039888
0.0,0.287428148406201
0.0,0.2642179062881031
0.0,0.2478009057655461
0.0,0.2377634558439296
0.0,0.2324725657550949
0.0,0.2042327120710677
0.0,0.1898406201010277
3.0351777096549003e-05,0.1894051558961853
0.0089234224663854,0.1807829646403065
0.0756366285246001,0.1688294722173837
0.1991076577533614,0.1506923880856993
0.3382402039639421,0.1529132555303954
0.4623789722888275,0.179019334610695
0.5284851428051113,0.2106340358822504
0.5327343915986281,0.2275735934506183
0.5161319695268158,0.228248562968124
0.4953713539927762,0.2431632119839749
0.463289525601724,0.2681588573419265
0.3873493793061583,0.2597108517679846
0.278416851306644,0.2502395053126633
0.1496949646401796,0.2351724438251175
0.0431298752541961,0.1988547291412646
0.0015479406319239,0.1767331475352726
0.0,0.163908726702665
0.0,0.1635821285490332
0.0,0.1619709109911165
0.0,0.1437902804389479
0.0,0.1302908900888346
0.0,0.1136997038843407
0.0,0.1044243163211983
0.0,0.0969125587876676
0.0,0.0871799338094408
0.0082253315931647,0.0781222783487197
0.0973077973715361,0.0781658247692039
0.2742283060673202,0.0823898275561748
0.4454123288918566,0.0921006793241595
0.5705223540838316,0.1257838355687162
0.621907912708289,0.1701358648319108
0.6335326433362674,0.2150322243511583
0.611618660272559,0.2469082041456192
0.5332503718092695,0.2595148928758056
0.4268370413087686,0.2973131858561226
0.3396363857103833,0.3380073157986413
0.2352869760524478,0.3844713464553214
0.1137584605578656,0.4180238634384253
0.0290162989043008,0.4371625152412471
0.0008498497587033,0.4690602682459501
0.0,0.5503178888695349
0.0,0.6015284793589967
0.0,0.6390872670266504
0.0,0.6729881553736283
0.0,0.7000087092840969
0.0,0.7148362654589793
0.0,0.724547117226964
0.0,0.7341926493642222
0.0,0.740049642919352
0.0063435214131787,0.7756706148754572
0.066015115184994,0.8013847761713987
0.1974079582359547,0.8438860825640132
0.3256138646917777,0.9087920222957672
0.4148784411327283,0.9294983452360216
0.4787082283667709,0.930674098589096
0.5151910644368228,0.9304128200661904
0.5398367074392205,0.9416260233408814
0.5195617203387258,0.9358996690472045
0.4572495219595107,0.9291717470823898
0.3629161987434364,0.9402978575161122
0.2348620511730962,0.9392091970040064
0.1104501168543418,0.9218994948615225
0.0252526785443287,0.8913952273123149
0.0005159802106413,0.8509188294722174
0.0,0.8021250653196307
0.0,0.75370144574116
0.0,0.7174490506880334
0.0,0.696524995645358
0.0,0.6574856296812401
0.0,0.5917305347500436
0.0,0.5357516112175579
0.0,0.5073593450618359
0.0,0.4674925971085176
0.0061614107505994,0.4472217383731057
0.0807964306310134,0.4125152412471695
0.235408383160834,0.3816843755443302
0.4008559201141227,0.3613481971781919
0.517528151273257,0.3517244382511757
0.5710079825173764,0.309745688904372
0.5569854614987707,0.2751262846194043
0.5315506722918627,0.2434680369273645
0.4978601997146933,0.21165737676363
0.4730020942726197,0.1726397840097543
0.4297811636871338,0.130726354293677
0.3286490424014326,0.0911862044939905
0.169120101981971,0.0593102246995297
0.0379700731477828,0.0406941299425187
0.0006070355419309,0.0512105904894617
0.0,0.0901193171921268
0.0,0.1242597108517679
0.0,0.1660425013063926
0.0,0.220323114439993
0.0,0.2686596411774952
0.0,0.3160381466643442
0.0,0.3601724438251176
0.0,0.3961417871450967
0.0,0.4236631248911339
0.0048562843354478,0.4297813969691691
0.0481986220293198,0.4050252569238808
0.1571615018059307,0.3579733495906636
0.2958691231371597,0.3395749869360738
0.4132394451695146,0.3247909771816756
0.51934925789905,0.3247038843407072
0.5606580265274532,0.3328035185507751
0.5388047470179379,0.3221781919526215
0.4839590858044738,0.3201097369796202
0.3965156159893162,0.2948528130987632
0.2959601784684493,0.2739287580560878
0.1780435244483564,0.2309484410381466
0.0835280905697028,0.2028609998258143
0.0202142835463016,0.1806523253788538
0.0004856284335447,0.1827643267723393
0.0,0.1827425535620972
0.0,0.1834392962898449
0.0,0.2020336178366138
0.0,0.2073898275561748
0.0,0.2243511583347849
0.0,0.2433591708761539
0.0,0.2566190559136039
0.0,0.243925274342449
0.0,0.2266373454102072
0.0046438218957719,0.2261365615746385
0.0442225392296719,0.2239156941299425
0.1431996843415182,0.1992466469256227
0.2792059975111542,0.1833522034488765
0.3973047621938264,0.1926929106427451
0.4883297417063769,0.2225004354642048
0.5140680486842505,0.2389174359867618
0.4863872279721978,0.2419874586309005
0.444714238018636,0.230839574986936
0.3703220323549944,0.214988677930674
0.2752906182656994,0.1972217383731057
0.1816553859228457,0.1757533530743772
0.0924818648131848,0.1470562619752656
0.0243421252314323,0.1123279916390872
0.0005766837648344,0.094952969865877
0.0,0.0882903675317888
0.0,0.0835002612785229
0.0,0.0728531614701271
0.0,0.0615093189339836
0.0,0.0570458108343494
0.0,0.0529306740985891
0.0,0.0533879115136735
0.0,0.0567409858909597
0.0,0.0600069674272774
0.0045527665644823,0.0575683678801602
0.0377879624852035,0.0624673401846368
0.1206483139587822,0.0626197526563316
0.2198379215103044,0.0647970736805434
0.2929250007587944,0.0676493642222609
0.3451300573648587,0.0673445392788712
0.37229489786627,0.0806044243163212
0.349348954381279,0.0989810137606688
0.3139284305096063,0.1255443302560529
0.2670349348954381,0.154698658770249
0.2046013294078368,0.1879898972304476
0.1361580720551188,0.2173619578470649
0.062585364373084,0.242640654938164
0.014872370777309,0.2522861870754224
0.0003945731022551,0.2625631423097021
0.0,0.2868184985194217
0.0,0.2867096324682111
0.0,0.2866443128374847
0.0,0.2671137432503048
0.0,0.2374150844800557
0.0,0.2076728792893224
0.0,0.1855512976833304
0.0,0.1718559484410381
0.0,0.1680891830691517
0.0039153792454548,0.1612523950531266
0.0325978086016936,0.1458587354119491
0.1122105199259416,0.120950182894966
0.2210216408170698,0.097914126458805
0.32673688044435,0.0839574986936073
0.422436033629769,0.0767723393137084
0.5047500531156099,0.0705452011844626
0.5214738822958084,0.0728967078906114
0.4882993899292803,0.0654067235673227
0.4138768324885422,0.0672356732276606
0.3247640149330743,0.0659510538233757
0.2071205269068504,0.0591360390175927
0.0953956354144535,0.0549773558613482
0.0215194099614532,0.0494034140393659
0.0002124624396758,0.0474002786970911
0.0,0.0535403239853684
0.0,0.0662341055565232
0.0,0.0677364570632294
0.0,0.067300992858387
0.0,0.0660816930848284
0.0,0.0668002090228183
0.0,0.067300992858387
0.0,0.0634471346455321
0.0,0.0620318759797944
0.004370655901903,0.071176624281484
0.0429174128145202,0.0841534575857864
0.1419552614805596,0.0752917610172443
0.2672777491122105,0.0468559484410381
0.3907184265638753,0.0516678279045462
0.468874252587489,0.0600505138477617
0.5161319695268158,0.0667784358125762
0.5261784077457735,0.0773602159902456
0.5044465353446445,0.0849372931545027
0.4392205663641606,0.0912515241247169
0.3448265395938932,0.093842536143529
0.2238747078641454,0.0960851767984671
0.1048046863143837,0.0909249259710851
0.0214587064072601,0.0806915171572896
0.0001821106625792,0.0924490506880334
0.0,0.1025735934506183
0.0,0.1020945828252917
0.0,0.0843276432677233
0.0,0.0688468907855774
0.0,0.0607254833652673
0.0,0.0503614352900191
0.0,0.046093886082564
0.0,0.0417174708238982
0.0,0.0414779655112349
0.0033083437035238,0.0471607733844278
0.0493519895589886,0.0507968994948615
0.1698788964093847,0.0412166869883295
0.3325947734239839,0.0285446786274168
0.5110025191974991,0.0273689252743424
0.6418490302607218,0.0316582476920397
0.7146022399611497,0.03135342274865
0.7144808328527635,0.0410642745166347
0.6617294442589614,0.051254136909946
0.569884966764804,0.0582433373976659
0.4456247913315325,0.0637084131684375
0.2871885148875466,0.0640567845323114
0.1311500288341882,0.060115833478488
0.0260114729717424,0.0537798292980317
0.0001214071083861,0.0530395401497996
0.0,0.055325727225222
0.0,0.0568498519421703
0.0,0.0601593798989723
0.0,0.0563708413168437
0.0,0.0635995471172269
0.0,0.0780569587179933
0.0,0.1025518202403762
0.0,0.1324028914823201
0.0,0.1570066190559136
0.0036725650286824,0.1816321198397491
0.0709928066288281,0.2035359693433199
0.237229489786627,0.2185594844103814
0.4299632743497131,0.2049730012192997
0.5867909066075819,0.204646403065668
0.6489209943242177,0.235259536666086
0.6476765714632592,0.278588225047901
0.6101921267490211,0.3354380769900714
0.5409597231917929,0.3864962550078383
0.440738155218988,0.4240985890959763
0.3198470270434334,0.4383382685943215
0.1906395119434243,0.4309789235324856
0.0783682884632895,0.4231841142658073
0.0122014143928127,0.4362044939905939
6.0703554193098006e-05,0.4592840968472391
0.0,0.5067061487545723
0.0,0.5042022295767288
0.0,0.4787275735934506
0.0,0.4537754746559833
0.0,0.4319369447831388
0.0,0.399516634732625
0.0,0.3861696568542065
0.0,0.3846455321372583
0.0,0.3742161644312837
0.0030351777096549,0.3525518202403762
0.0369988162806932,0.3174316321198397
0.1351868151880292,0.2852290541717471
0.268856041521231,0.2469735237763455
0.4211309072146174,0.229903326946525
0.5555285761981364,0.2341055565232538
0.650377879624852,0.2543110956279393
0.6756609099462774,0.2659815363177147
0.6390870185449358,0.2561182720780351
0.5486690745743164,0.2418785925796899
0.4190669863720521,0.2249172618010799
0.2652138282696452,0.1973959240550426
0.114274440768507,0.1685464204842361
0.0177861413785777,0.1585960634035882
3.0351777096549003e-05,0.1657376763630029
0.0,0.1711592057132903
0.0,0.1870536491900365
0.0,0.1841360390175927
0.0,0.1737719909423445
0.0,0.166499738721477
0.0,0.1595540846542414
0.0,0.1534358125762062
0.0,0.1708761539801428
0.0,0.1893180630552168
0.0029137706012687,0.2183852987284445
0.0416729899535617,0.261801079951228
0.1389200837709047,0.280242989026302
0.2452727107172125,0.27508273819892
0.3467690533280723,0.2769770074899843
0.4343339302516162,0.2911078209371189
0.5001062312198379,0.3186727051036405
0.5369229368379519,0.3367226963943563
0.501714875405955,0.3490027869709109
0.4203721127872037,0.3460851767984672
0.3130785807509029,0.3361348197178191
0.1825962910128388,0.3275779480926667
0.0759401462955656,0.309919874586309
0.0138707621331228,0.2658508970562619
6.0703554193098006e-05,0.2296420484236195
0.0,0.2287275735934506
0.0,0.2311443999303257
0.0,0.2316234105556523
0.0,0.2405504267549207
0.0,0.2434462637171224
0.0,0.2417261801079951
0.0,0.2359780526040759
0.0,0.2208892179062881
0.0,0.2292719038495035
0.0027316599386894,0.2202577948092667
0.0561507876286156,0.2156854206584218
0.2105502777187604,0.1712680717645009
0.4064406470998877,0.1439862393311269
0.5688226545664249,0.1507141612959414
0.6328345524630468,0.1737502177321024
0.6043949373235803,0.1878157115485107
0.559595714329074,0.1821982233060442
0.4814095365283637,0.1759493119665563
0.4031626551734604,0.1632555303954015
0.3127750629799374,0.1377373279916391
0.1982881597717546,0.1179454798815537
0.0868971378274198,0.0924055042675492
0.0130816159286126,0.066930848284271
3.0351777096549003e-05,0.0662123323462811
0.0,0.0739853684027173
0.0,0.0872017070196829
0.0,0.0867444696045985
0.0,0.0828252917610172
0.0,0.085917087615398
0.0,0.09107733844278
0.0,0.0908813795506009
0.0,0.0806915171572896
0.0,0.0769465249956453
0.0022460315051446,0.0715467688556
0.0535101830212158,0.0689993032572722
0.2057546969375057,0.0580691517157289
0.4007041612286399,0.0431980491203623
0.589674325431754,0.0486195784706497
0.6944183081919446,0.0683025605295244
0.7327222508877895,0.0867880160250827
0.7166358090266185,0.1040323985368402
0.669560202749871,0.1185986761888172
0.5930737244665675,0.1308787667653718
0.4503900203356906,0.1415911862044939
0.2914984672352566,0.1451837658944434
0.1247761556439129,0.1458151889914649
0.0164810149634261,0.1617749520989374
0.0,0.1864439993032572
0.0,0.2269857167740811
0.0,0.2531788886953492
0.0,0.2869273645706323
0.0,0.3251611217557916
0.0,0.3649407768681414
0.0,0.3865833478488068
0.0,0.4045462462985542
0.0,0.4195697613656157
0.0,0.4424316321198397
0.0020032172883722,0.4556479707368054
0.0504446535344644,0.4345279568019509
0.1868758915834522,0.3957716425709806
0.3692597201566152,0.364679498345236
0.5329165022612073,0.3585612262672008
0.6506813973958175,0.4018463682285316
0.7130846511063222,0.4192213900017418
0.7242844568549489,0.39566277651977
0.6780283485598082,0.3728444521860303
0.589674325431754,0.339618533356558
0.4591009803624002,0.2907376763630029
0.2827571554314505,0.2555303954014979
0.107809512246942,0.2165563490681065
0.0119586001760403,0.1886866399581954
0.0,0.180129768333043
0.0,0.1832868838181501
0.0,0.1884689078557742
0.0,0.2095236021599024
0.0,0.2237415084480055
0.0,0.2316887301863786
0.0,0.2327773906984845
0.0,0.232864483539453
0.0,0.2416173140567845
0.0,0.2460808221564187
0.0016693477403101,0.2575988503744992
0.0503839499802713,0.2809397317540498
0.2025070567881749,0.2940254311095628
0.3929644580690199,0.2966164431283748
0.5592314930039154,0.307894966033792
0.674871763741767,0.3224830168960111
0.7233131999878593,0.3357864483539453
0.7137220384253498,0.3606079080299599
0.6530791877864449,0.3607603205016547
0.5567426472819984,0.3811400452882773
0.4180046741736729,0.384601985716774
0.2500075879442741,0.3777434244905068
0.0954563389686466,0.36430935377112
0.0102892524357301,0.3562968124020205
0.0,0.3721259362480404
0.0,0.3876502351506706
0.0,0.4151497996864657
0.0,0.4209850200313534
0.0,0.3597587528305173
0.0,0.3332607559658596
0.0,0.3134471346455321
0.0,0.27765197700749
0.0,0.256096498867793
0.0,0.2483887824420832
0.0016693477403101,0.2458630900539975
0.0433119859167754,0.2142266155721999
0.1703645248429295,0.1569195262149451
0.3343248247184873,0.111174011496255
0.4759765684280814,0.098458456714858
0.5625094849303427,0.0875718515937989
0.6263696239414818,0.0828906113917436
0.6648556772999059,0.084262323636997
0.6493155674264728,0.0791891656505835
0.5848483928734027,0.0689122104163037
0.4621361580720551,0.0549991290715903
0.2853067047075606,0.0387998606514544
0.1108446899565969,0.0238416652151193
0.0119586001760403,0.0170048771990942
0.0,0.0200313534227486
0.0,0.0240811705277826
0.0,0.0268028218080473
0.0,0.0284793589966904
0.0,0.0349024560181153
0.0,0.0477704232712071
0.0,0.0630334436509318
0.0,0.0818454973001219
0.0,0.0907289670789061
0.0,0.094038495035708
0.0016389959632136,0.097543981884689
0.0408534919719549,0.0927974220519073
0.1723677421313018,0.0892266155721999
0.3477099584180654,0.0670397143354816
0.5355571068686071,0.0636866399581954
0.6926579051203448,0.0833913952273123
0.7786141378577716,0.1103466295070545
0.7896318329438189,0.1364527085873541
0.7387622545300028,0.1479054171747082
0.6327738489088536,0.1474699529698658
0.4770995841806538,0.1489069848458456
0.2858833884723951,0.1394356383905243
0.1022551370382735,0.1229315450269987
0.0096518651167025,0.1209284096847239
0.0,0.129615920571329
0.0,0.1345584392962898
0.0,0.1533269465249956
0.0,0.1616660860477268
0.0,0.1608169308482842
0.0,0.1555478139696917
0.0,0.1659118620449399
0.0,0.1774081170527782
0.0,0.1956322940254311
0.0,0.2142701619926842
0.0012444228609585,0.2475614004528827
0.0527513885938021,0.2830299599372931
0.2114001274774638,0.3055434593276432
0.4138464807114456,0.2808961853335656
0.6044252891006768,0.2768899146490158
0.7326008437794033,0.3321503222435116
0.7823777582177437,0.4080735063577774
0.7722099128903998,0.4333739766591186
0.7054056515008954,0.4672095453753701
0.6036664946732632,0.4580212506531963
0.4519986645218077,0.4254703013412297
0.2659726226970589,0.389566277651977
0.0941208607763984,0.34919874586309
0.0084984975870337,0.3126415258665738
0.0,0.2874934680369274
0.0,0.2730142832259188
0.0,0.250195958892179
0.0,0.2154894617662428
0.0,0.1838094408639609
0.0,0.1870318759797944
0.0,0.1993772861870754
0.0,0.2180587005748127
0.0,0.2329733495906636
0.0,0.2518289496603379
0.0010926639754757,0.2761931719212681
0.0479558078125474,0.2874934680369274
0.2064224360336297,0.2893877373279916
0.4179743223965763,0.2637824420832607
0.6067927277142077,0.2685072287058004
0.7375178316690443,0.3140567845323114
0.8088141560688379,0.3319979097718167
0.8203174795884299,0.3203710155025256
0.7716635809026618,0.3212419439122104
0.6674355783531126,0.3138390524298902
0.4997116581175828,0.2718820762933286
0.2866421828998088,0.2517636300296115
0.0993413664370048,0.2145096673053474
0.0091358849060612,0.1960459850200313
0.0,0.1935638390524298
0.0,0.1970257794809266
0.0,0.1921921268071764
0.0,0.1766025082738199
0.0,0.1539365964117749
0.0,0.1432459501828949
0.0,0.1306392614527085
0.0,0.1143964466120884
0.0,0.0978488068280787
0.0,0.0860259536666086
0.0008802015357999,0.0806697439470475
0.0492002306735059,0.0837397665911862
0.2122196254590706,0.0851985716774081
0.445655143108629,0.0714596760146316
0.6458251130603697,0.0482058874760494
0.776094940358758,0.0410860477268768
0.8408959844598901,0.044068977530047
0.8423528697605245,0.0410860477268768
0.7908155522505843,0.034292806131336
0.6761465383798222,0.0277608430587005
0.5049018120010926,0.0280003483713638
0.2907093210307463,0.0307655460721128
0.0952135247518742,0.0371450966730534
0.0071933711718821,0.0575465946699181
0.0,0.0831736631248911
0.0,0.1129594147361087
0.0,0.1339270161992684
0.0,0.142157289670789
0.0,0.1352769552342797
0.0,0.1276345584392962
0.0,0.1186639958195436
0.0,0.1123933112698136
0.0,0.1042065842187772
0.0,0.0988939209197004
0.0006373873190275,0.0940820414561923
0.0453759067593407,0.0924925971085176
0.2035693689865541,0.0754441734889392
0.4181260812820591,0.044264936422226
0.611011624730628,0.0196394356383905
0.7419795429022369,0.0173097021424838
0.8120617962181685,0.0189862393311269
0.8234133608522779,0.0212506531963072
0.7766716241235925,0.0253875631423097
0.6673141712447264,0.0278261626894269
0.5016238200746653,0.0259754398188468
0.2887061037423741,0.0241029437380247
0.0920265881567365,0.0222522208674446
0.0057668376483443,0.0281745340533008
0.0,0.0388216338616965
0.0,0.0493163211983974
0.0,0.0522774777913255
0.0,0.0545418916565058
0.0,0.0500566103466295
0.0,0.051450095802125
0.0,0.0521250653196307
0.0,0.0588094408639609
0.0,0.0607037101550252
0.0,0.0653631771468385
0.0005159802106413,0.0734192649364222
0.0407017330864722,0.0862001393485455
0.1828391052296112,0.0882685943215467
0.3640695662731052,0.0745296986587702
0.5233556924757945,0.0666042501306392
0.6359000819497982,0.0908378331301167
0.6917473518074483,0.1296594669918132
0.6837041308768629,0.1842666782790454
0.6248823868637509,0.2258317366312489
0.5198652381096913,0.2639348545549556
0.374116004492063,0.2972696394356384
0.2078489695571675,0.3411208848632642
0.0658937080766078,0.3787449921616443
0.0040064345767444,0.4003875631423097
0.0,0.4159771816756663
0.0,0.4259928583870406
0.0,0.4320458108343494
0.0,0.4274952098937467
0.0,0.4282137258317366
0.0,0.4133643964466121
0.0,0.3909815363177146
0.0,0.375195958892179
0.0,0.3596498867793067
0.0,0.3473697962027521
0.0005463319877378,0.3464988677930674
0.0318693659513764,0.3328470649712594
0.1575257231310893,0.2767592753875631
0.3342337693871976,0.2323201532834001
0.5055999028743133,0.2161208848632642
0.6284942483382402,0.2046246298554258
0.7047075606276747,0.1738373105730709
0.7307797371536103,0.161143529001916
0.7044343946338059,0.1488416652151193
0.6217865055999029,0.1517157289670789
0.4702097307797371,0.1711374325030482
0.2606307099280663,0.194151715728967
0.0779130118068412,0.2042544852813098
0.0042492487935168,0.2398319108169308
0.0,0.3184985194217035
0.0,0.370405852638913
0.0,0.3528130987632816
0.0,0.3339792719038495
0.0,0.3165171572896708
0.0,0.2979228357429019
0.0,0.278392266155722
0.0,0.2610390175927539
0.0,0.2501088660512106
0.0,0.244469604598502
0.0004249248793516,0.2385255182024037
0.040580325978086,0.2299251001567671
0.2017179105836646,0.189709980839575
0.4213433696542932,0.1269595889217906
0.6211187665037788,0.0971302908900888
0.7700245849394483,0.1122626720083609
0.859076698940723,0.1390437206061661
0.8778948007405833,0.1476223654415607
0.8273894436519258,0.1567017941125239
0.707378517012171,0.165019160425013
0.5220505660606428,0.1763194565406723
0.2903147479284912,0.1853117923706671
0.0837102012322821,0.1916913429716077
0.0038243239141651,0.2484758752830517
0.0,0.3393790280438948
0.0,0.3746734018463682
0.0,0.3620231666956976
0.0,0.3511801079951228
0.0,0.3385080996342101
0.0,0.3221999651628636
0.0,0.3001219299773559
0.0,0.276737502177321
0.0,0.2665040933635255
0.0,0.2579472217383731
0.0003035177709654,0.2567496951750566
0.0368470573952104,0.2542022295767288
0.1992290648617476,0.2339966904720432
0.4191276899262451,0.1690472043198049
0.6134094151212554,0.1155286535446786
0.7495371353992777,0.1030090576554607
0.8203174795884299,0.1161383034314579
0.8267824081099948,0.1282877547465598
0.7717546362339515,0.1340794286709632
0.6481925516739006,0.1476441386518028
0.4682368652684615,0.1584436509318934
0.2542264849606944,0.1664126458805086
0.0725103954836555,0.1838747604946873
0.0028834188241721,0.2498911339487894
0.0,0.3252046681762759
0.0,0.3568193694478314
0.0,0.3378984497474308
0.0,0.3055652325378853
0.0,0.2673750217732102
0.0,0.2310355338791151
0.0,0.1946742727747779
0.0,0.1707455147186901
0.0,0.1555260407594495
0.0,0.1426145270858735
0.0002428142167723,0.1423532485629681
0.036543539624245,0.1479271903849503
0.1982274562175615,0.1454014979968646
0.4191580417033417,0.0976528479358996
0.6250341457492337,0.0574159554084654
0.7663520199107657,0.0585699355512976
0.8379215103044283,0.0711548510712419
0.8466628221082344,0.0665824769203971
0.7904816827025223,0.0644922487371538
0.6694691474185813,0.0750958021250653
0.4866603939660667,0.0992858387040585
0.2618144292348317,0.1204929454798815
0.0700519015388351,0.1345584392962898
0.0023674386135308,0.1842231318585612
0.0,0.2443171921268071
0.0,0.275627068454973
0.0,0.2607341926493642
0.0,0.2268550775126284
0.0,0.1826336875108866
0.0,0.1394791848110085
0.0,0.1053387911513673
0.0,0.079646403065668
0.0,0.0614439993032572
0.0,0.0521686117401149
0.0002428142167723,0.0460503396620797
0.0336601208000728,0.047574464379028
0.1924909703463137,0.0438294722173837
0.4137857771572525,0.0305478139696916
0.613834340000607,0.0096673053475004
0.7524509060005463,0.005356209719561
0.8202264242571402,0.0114527085873541
0.8235651197377607,0.0127808744121233
0.7627705102133729,0.0084044591534575
0.6424560658026528,0.006640829123846
0.4650499286733238,0.0052908900888346
0.2442711020730263,0.0054868489810137
0.0628585303669529,0.0101245427625849
0.0019425137341791,0.0231231492771294
0.0,0.042414213551646
0.0,0.0607254833652673
0.0,0.068041282006619
0.0,0.0665389304999129
0.0,0.0603117923706671
0.0,0.0525387563142309
0.0,0.0408683156244556
0.0,0.0303300818672705
0.0,0.0225352726005922
0.0,0.0164823201532834
0.0001517588854827,0.015502525692388
0.0301089628797766,0.0161339487894095
0.1702734695116399,0.0169395575683678
0.3838285731629587,0.0107777390698484
0.5820256776034237,0.0028740637519595
0.7207029471575561,0.0015894443476746
0.7838042917412814,0.00812140742031
0.7752147388229581,0.0216861174011496
0.7050717819528334,0.0327469082041456
0.5758642668528242,0.036513673576032
0.404467781588612,0.0316582476920397
0.2061189182626643,0.0247343668350461
0.0510820408534919,0.019922487371538
0.0015479406319239,0.0200095802125065
0.0,0.0302647622365441
0.0,0.0445479881553736
0.0,0.0549991290715903
0.0,0.0677582302734715
0.0,0.0772295767287929
0.0,0.0866791499738721
0.0,0.0958021250653196
0.0,0.1067975962375892
0.0,0.1314013238111827
0.0,0.1574203100505138
0.0001517588854827,0.1794330256052952
0.0255258445381977,0.1946742727747779
0.1009803624002185,0.1869447831388259
0.2227213403344765,0.1469256227138129
0.3402737730294108,0.1058178017766939
0.4439857953683188,0.1125457237415084
0.5249946884390081,0.1426145270858735
0.5506722918626885,0.1699181327294896
0.5113970922997542,0.1841142658073506
0.4229216620633138,0.1958935725483365
0.3089810908428688,0.2104380769900714
0.1651440191823231,0.2345845671485804
0.0419765077245272,0.2332564013238111
0.0005463319877378,0.2406592928061313
0.0,0.2833130116704407
0.0,0.3286012889740463
0.0,0.3549251001567671
0.0,0.3899799686465772
0.0,0.4531875979794461
0.0,0.510712419439122
0.0,0.5670614875457237
0.0,0.5952360215990246
0.0,0.6271773210242118
0.0,0.6324899843232886
3.0351777096549003e-05,0.672378505486849
0.0171791058366467,0.6580517331475353
0.1032870974595562,0.5960198571677408
0.2486417579749294,0.55900539975614
0.3991258688196193,0.5563708413168438
0.519076091905181,0.5453100505138477
0.5943181473275261,0.5082302734715206
0.6098582572009591,0.4799686465772513
0.5645127022187149,0.4754398188468908
0.4695116399065165,0.4422139000174185
0.3160227031292682,0.4085960634035882
0.1508483321698485,0.3432328862567497
0.0339029350168452,0.2606035533879115
0.0004552766564482,0.2517636300296115
0.0,0.2712724264065493
0.0,0.264936422226093
0.0,0.2573375718515938
0.0,0.2807002264413865
0.0,0.3004703013412297
0.0,0.3349590663647448
0.0,0.3492640654938164
0.0,0.3517026650409336
0.0,0.3456497125936248
0.0,0.3392048423619578
3.0351777096549003e-05,0.3170832607559659
0.0088020153579992,0.3229620275213377
0.0428263574832306,0.333347848806828
0.1151849940814034,0.3338050862219126
0.1871490575773211,0.356754049817105
0.2404164263817646,0.3569064622887998
0.2722554405560445,0.3367226963943563
0.2939873129571736,0.3022774777913255
0.2676419704373691,0.2739505312663299
0.2346192369563238,0.2587746037275736
0.1832943818860594,0.2450574812750391
0.1031049867969769,0.2209327643267723
0.0265881567365769,0.1922139000174185
0.0004552766564482,0.1977878418394008
0.0,0.214988677930674
0.0,0.2324507925448528
0.0,0.2305347500435464
0.0,0.2195175056610346
0.0,0.2025779480926667
0.0,0.1955669743947047
0.0,0.1950444173488939
0.0,0.19284532311444
0.0,0.1835263891308134
0.0,0.1811313360041804
3.0351777096549003e-05,0.1836788016025082
0.0067077427383373,0.1863351332520466
0.036543539624245,0.1904938164082912
0.0869274896045163,0.1917348893920919
0.1330014872370777,0.1945000870928409
0.1676632166813366,0.2035795157638042
0.1711840228245363,0.2265067061487545
0.1663580902661851,0.2803954014979968
0.1418945579263666,0.3632206932590141
0.1053813700792181,0.4276911687859258
0.0638601390111391,0.4678409684723915
0.0277415242662457,0.5144138651802822
0.004977691443834,0.5393006444870232
0.0001214071083861,0.5671921268071765
0.0,0.5797552691168786
0.0,0.5836091273297335
0.0,0.5470519073332172
0.0,0.5105817801776694
0.0,0.4942300992858387
0.0,0.4596760146315973
0.0,0.4244469604598502
0.0,0.3925056610346629
0.0,0.3447352377634558
0.0,0.3144487023166695
3.0351777096549003e-05,0.292784358125762
0.0122014143928127,0.2385037449921616
0.0871399520441921,0.1866399581954363
0.2130087716635809,0.1451402194739592
0.3136856162928339,0.1163560355338791
0.3813093756639451,0.1060573070893572
0.4171548244149695,0.1047944608953144
0.415030200018211,0.1069717819195262
0.3868637508726136,0.0976746211461417
0.3221537621027711,0.0850897056261975
0.2373812486721097,0.07596673053475
0.1264455033842231,0.080952795680195
0.0271951922785079,0.0901193171921268
0.0001517588854827,0.0968907855774255
0.0,0.1002220867444696
0.0,0.1134166521511931
0.0,0.1161818498519421
0.0,0.124085525169831
0.0,0.1234758752830517
0.0,0.112654589792719
0.0,0.1085829994774429
0.0,0.1026824595018289
0.0,0.0842405504267549
0.0,0.0816059919874586
6.0703554193098006e-05,0.0796246298554258
0.0154794063192399,0.0840010451140916
0.114274440768507,0.0778827730360564
0.2647585516131969,0.0601376066887301
0.3864084742161653,0.0493380944086396
0.4726682247245576,0.0484018463682285
0.5269372021731873,0.0526258491551994
0.512550459829423,0.0541717470823898
0.4310255865480924,0.049599372931545
0.3225786869821228,0.0490332694652499
0.2162260600358151,0.0491639087267026
0.1073845873675903,0.0478357429019334
0.0217925759553221,0.0446350809963421
6.0703554193098006e-05,0.0458326075596585
0.0,0.0566974394704755
0.0,0.0641438773732799
0.0,0.066386518028218
0.0,0.0626415258665737
0.0,0.0596803692736457
0.0,0.0614657725134993
0.0,0.064535795157638
0.0,0.0655155896185333
0.0,0.0690428496777565
0.0,0.0699137780874412
3.0351777096549003e-05,0.0673880856993555
0.0101981971044404,0.0729838007315798
0.0818587428293926,0.0751828949660338
0.1916107688105138,0.0716338616965685
0.2856709260327192,0.0678017766939557
0.3618842383221538,0.0721564187423793
0.3944516951467508,0.0753570806479707
0.4034661729444259,0.0769465249956453
0.3723252496433666,0.0802778261626894
0.2956566606974838,0.076707019682982
0.1966188120314444,0.0745079254485281
0.0910856830667435,0.0656244556697439
0.0153883509879503,0.0597021424838878
6.0703554193098006e-05,0.0604642048423619
0.0,0.05900539975614
0.0,0.051820240376241
0.0,0.0445044417348893
0.0,0.0369709109911165
0.0,0.0345323114439993
0.0,0.0304607211287232
0.0,0.02950269987807
0.0,0.0345540846542414
0.0,0.0379071590315276
0.0,0.042784358125762
3.0351777096549003e-05,0.0501437031875979
0.0105320666525025,0.057524821459676
0.0788235651197377,0.0661252395053126
0.2039335903117127,0.0684549730012193
0.3430357847451968,0.0740506880334436
0.4467781588612013,0.0842187772165128
0.5009864327556378,0.0804302386343842
0.5165568944061675,0.0793851245427625
0.4955534646553555,0.0796899494861522
0.4316629738671199,0.073375718515938
0.3117127507815582,0.0705669743947047
0.1500288341882417,0.0806479707368054
0.024493884116915,0.0958456714858038
3.0351777096549003e-05,0.1373454102072809
0.0,0.1826772339313708
0.0,0.2290106253265981
0.0,0.2547465598327817
0.0,0.2619752656331649
0.0,0.269922487371538
0.0,0.2756923880856993
