Time,Solar,Wind
2020-01-01 00:00:00+00:00,0.0,0.14923358299947745
2020-01-01 01:00:00+00:00,0.0,0.15752917610172443
2020-01-01 02:00:00+00:00,0.0,0.15920571329036753
2020-01-01 03:00:00+00:00,0.0,0.16467078906113916
2020-01-01 04:00:00+00:00,0.0,0.16475788190210763
2020-01-01 05:00:00+00:00,0.0,0.1585742901933461
2020-01-01 06:00:00+00:00,0.0,0.156527608430587
2020-01-01 07:00:00+00:00,0.011381916411205876,0.15504703013412297
2020-01-01 08:00:00+00:00,0.09436367499317085,0.15609214422574463
2020-01-01 09:00:00+00:00,0.20554223449782985,0.15513412297509144
2020-01-01 10:00:00+00:00,0.29468540383039427,0.1531527608430587
2020-01-01 11:00:00+00:00,0.33584241357331474,0.15480752482145968
2020-01-01 12:00:00+00:00,0.30889003551157923,0.16621668698832956
2020-01-01 13:00:00+00:00,0.21322123410325675,0.15668002090228184
2020-01-01 14:00:00+00:00,0.07697210671684827,0.15321808047378505
2020-01-01 15:00:00+00:00,0.0037029168057789784,0.17860564361609477
2020-01-01 16:00:00+00:00,0.0,0.2229141264588051
2020-01-01 17:00:00+00:00,0.0,0.26441386518028215
2020-01-01 18:00:00+00:00,0.0,0.28951837658944435
2020-01-01 19:00:00+00:00,0.0,0.29927277477791325
2020-01-01 20:00:00+00:00,0.0,0.3020161992684201
2020-01-01 21:00:00+00:00,0.0,0.27344974743076117
2020-01-01 22:00:00+00:00,0.0,0.2636300296115659
2020-01-01 23:00:00+00:00,0.0,0.26278087441212333
2020-01-02 00:00:00+00:00,0.0,0.25404981710503394
2020-01-02 01:00:00+00:00,0.0,0.25307002264413864
2020-01-02 02:00:00+00:00,0.0,0.24562358474133425
2020-01-02 03:00:00+00:00,0.0,0.2484105556523254
2020-01-02 04:00:00+00:00,0.0,0.25971085176798464
2020-01-02 05:00:00+00:00,0.0,0.28607820937118966
2020-01-02 06:00:00+00:00,0.0,0.3057176450095802
2020-01-02 07:00:00+00:00,0.013051264151516072,0.30874412123323464
2020-01-02 08:00:00+00:00,0.09536528363735697,0.3195218603030831
2020-01-02 09:00:00+00:00,0.1861170971560385,0.3177364570632294
2020-01-02 10:00:00+00:00,0.248065074210095,0.305499912907159
2020-01-02 11:00:00+00:00,0.2613591525783835,0.2889958195436335
2020-01-02 12:00:00+00:00,0.21965581084772515,0.28991029437380245
2020-01-02 13:00:00+00:00,0.1386165659999393,0.30876589444347674
2020-01-02 14:00:00+00:00,0.04258354326645825,0.3384645532137258
2020-01-02 15:00:00+00:00,0.0016086441861170972,0.3727573593450618
2020-01-02 16:00:00+00:00,0.0,0.4216599895488591
2020-01-02 17:00:00+00:00,0.0,0.4669047204319805
2020-01-02 18:00:00+00:00,0.0,0.49584131684375543
2020-01-02 19:00:00+00:00,0.0,0.5124760494687337
2020-01-02 20:00:00+00:00,0.0,0.527281832433374
2020-01-02 21:00:00+00:00,0.0,0.5262802647622365
2020-01-02 22:00:00+00:00,0.0,0.5318324333739767
2020-01-02 23:00:00+00:00,0.0,0.5568498519421703
2020-01-03 00:00:00+00:00,0.0,0.5866791499738722
2020-01-03 01:00:00+00:00,0.0,0.6025518202403762
2020-01-03 02:00:00+00:00,0.0,0.6222783487197352
2020-01-03 03:00:00+00:00,0.0,0.6464901585089705
2020-01-03 04:00:00+00:00,0.0,0.6679149973872147
2020-01-03 05:00:00+00:00,0.0,0.7036666086047727
2020-01-03 06:00:00+00:00,0.0,0.7201924751785403
2020-01-03 07:00:00+00:00,0.007739703159619996,0.723284271032921
2020-01-03 08:00:00+00:00,0.05138555862445746,0.7105904894617663
2020-01-03 09:00:00+00:00,0.09500106231219838,0.7135298728444521
2020-01-03 10:00:00+00:00,0.12080007284426503,0.7147056261975265
2020-01-03 11:00:00+00:00,0.1232585667890855,0.6847674621146141
2020-01-03 12:00:00+00:00,0.08695784138161289,0.6926929106427452
2020-01-03 13:00:00+00:00,0.049837617992533466,0.7034924229228358
2020-01-03 14:00:00+00:00,0.01824141803502595,0.7044068977530047
2020-01-03 15:00:00+00:00,0.0009409050899930191,0.7335176798467166
2020-01-03 16:00:00+00:00,0.0,0.7512410729838007
2020-01-03 17:00:00+00:00,0.0,0.7786099982581431
2020-01-03 18:00:00+00:00,0.0,0.770836962201707
2020-01-03 19:00:00+00:00,0.0,0.7503483713638739
2020-01-03 20:00:00+00:00,0.0,0.7285751611217558
2020-01-03 21:00:00+00:00,0.0,0.7142483887824421
2020-01-03 22:00:00+00:00,0.0,0.7024908552516983
2020-01-03 23:00:00+00:00,0.0,0.6872496080822156
2020-01-04 00:00:00+00:00,0.0,0.6617967253091795
2020-01-04 01:00:00+00:00,0.0,0.6339705626197526
2020-01-04 02:00:00+00:00,0.0,0.6287667653718865
2020-01-04 03:00:00+00:00,0.0,0.6577686814143877
2020-01-04 04:00:00+00:00,0.0,0.6975483365267375
2020-01-04 05:00:00+00:00,0.0,0.744469604598502
2020-01-04 06:00:00+00:00,0.0,0.7659597631074726
2020-01-04 07:00:00+00:00,0.0033993990348134885,0.7870797770423271
2020-01-04 08:00:00+00:00,0.03168725528879716,0.819325901410904
2020-01-04 09:00:00+00:00,0.06650074361853886,0.8404023689252743
2020-01-04 10:00:00+00:00,0.08504567942453031,0.8660729838007316
2020-01-04 11:00:00+00:00,0.08674537894193705,0.8812924577599721
2020-01-04 12:00:00+00:00,0.06753270403982153,0.8792675492074551
2020-01-04 13:00:00+00:00,0.04158193462227214,0.8629811879463508
2020-01-04 14:00:00+00:00,0.015752572313108934,0.8282529176101724
2020-01-04 15:00:00+00:00,0.0008498497587033721,0.8163429716077338
2020-01-04 16:00:00+00:00,0.0,0.7881466643441909
2020-01-04 17:00:00+00:00,0.0,0.744295418916565
2020-01-04 18:00:00+00:00,0.0,0.6848110085350984
2020-01-04 19:00:00+00:00,0.0,0.6260015676711375
2020-01-04 20:00:00+00:00,0.0,0.5467035359693433
2020-01-04 21:00:00+00:00,0.0,0.46794983452360217
2020-01-04 22:00:00+00:00,0.0,0.41329907681588574
2020-01-04 23:00:00+00:00,0.0,0.36291586831562445
2020-01-05 00:00:00+00:00,0.0,0.3225483365267375
2020-01-05 01:00:00+00:00,0.0,0.2881248911339488
2020-01-05 02:00:00+00:00,0.0,0.2647622365441561
2020-01-05 03:00:00+00:00,0.0,0.24869360738547291
2020-01-05 04:00:00+00:00,0.0,0.24211809789235325
2020-01-05 05:00:00+00:00,0.0,0.23258143180630553
2020-01-05 06:00:00+00:00,0.0,0.221977878418394
2020-01-05 07:00:00+00:00,0.005402616323185723,0.21215816059919873
2020-01-05 08:00:00+00:00,0.0593377242237533,0.208151889914649
2020-01-05 09:00:00+00:00,0.12580811606519562,0.202621494513151
2020-01-05 10:00:00+00:00,0.1606823079491304,0.20963246821111303
2020-01-05 11:00:00+00:00,0.1618356754787993,0.21035098414910294
2020-01-05 12:00:00+00:00,0.13026982729838832,0.21690472043198047
2020-01-05 13:00:00+00:00,0.0821319088232616,0.22877112001393485
2020-01-05 14:00:00+00:00,0.029107354235590494,0.25239505312663296
2020-01-05 15:00:00+00:00,0.001638995963213646,0.292588399233583
2020-01-05 16:00:00+00:00,0.0,0.33208500261278523
2020-01-05 17:00:00+00:00,0.0,0.3543154502699878
2020-01-05 18:00:00+00:00,0.0,0.35692823549904196
2020-01-05 19:00:00+00:00,0.0,0.3760668873018638
2020-01-05 20:00:00+00:00,0.0,0.3896969169134297
2020-01-05 21:00:00+00:00,0.0,0.3883469778784184
2020-01-05 22:00:00+00:00,0.0,0.3863220693259014
2020-01-05 23:00:00+00:00,0.0,0.39374673401846366
2020-01-06 00:00:00+00:00,0.0,0.3813360041804564
2020-01-06 01:00:00+00:00,0.0,0.37166869883295595
2020-01-06 02:00:00+00:00,0.0,0.3636997038843407
2020-01-06 03:00:00+00:00,0.0,0.36197962027521335
2020-01-06 04:00:00+00:00,0.0,0.35248650060964987
2020-01-06 05:00:00+00:00,0.0,0.3356775823027347
2020-01-06 06:00:00+00:00,0.0,0.31444870231666955
2020-01-06 07:00:00+00:00,0.009591161562509484,0.29931632119839746
2020-01-06 08:00:00+00:00,0.07163019394785565,0.29796638216338617
2020-01-06 09:00:00+00:00,0.14860230066470392,0.29650757707716424
2020-01-06 10:00:00+00:00,0.21291771633229126,0.2820283922661557
2020-01-06 11:00:00+00:00,0.241873311682399,0.2824203100505138
2020-01-06 12:00:00+00:00,0.2283060673202416,0.2803300818672705
2020-01-06 13:00:00+00:00,0.16720794002488845,0.27564884166521514
2020-01-06 14:00:00+00:00,0.07172124927914529,0.278392266155722
2020-01-06 15:00:00+00:00,0.0059793000880201536,0.3160381466643442
2020-01-06 16:00:00+00:00,0.0,0.3588878244208326
2020-01-06 17:00:00+00:00,0.0,0.39283225918829473
2020-01-06 18:00:00+00:00,0.0,0.41425709806653893
2020-01-06 19:00:00+00:00,0.0,0.43663995819543633
2020-01-06 20:00:00+00:00,0.0,0.4547552691168786
2020-01-06 21:00:00+00:00,0.0,0.462201707019683
2020-01-06 22:00:00+00:00,0.0,0.4694739592405504
2020-01-06 23:00:00+00:00,0.0,0.48007751262846193
2020-01-07 00:00:00+00:00,0.0,0.4698223306044243
2020-01-07 01:00:00+00:00,0.0,0.462201707019683
2020-01-07 02:00:00+00:00,0.0,0.4672530917958544
2020-01-07 03:00:00+00:00,0.0,0.4654459153457586
2020-01-07 04:00:00+00:00,0.0,0.4588486326423968
2020-01-07 05:00:00+00:00,0.0,0.4451968298205887
2020-01-07 06:00:00+00:00,0.0,0.41830691517157287
2020-01-07 07:00:00+00:00,0.0036118614744893316,0.37421616443128375
2020-01-07 08:00:00+00:00,0.027771876043342338,0.31192300992858385
2020-01-07 09:00:00+00:00,0.0549367165447537,0.2798292980317018
2020-01-07 10:00:00+00:00,0.08000728442650318,0.2644356383905243
2020-01-07 11:00:00+00:00,0.09815764713023947,0.30806915171572896
2020-01-07 12:00:00+00:00,0.09770237047379124,0.34460459850200315
2020-01-07 13:00:00+00:00,0.0714784350623729,0.3598676188817279
2020-01-07 14:00:00+00:00,0.028166449145597475,0.36761888172792195
2020-01-07 15:00:00+00:00,0.0024584939448204692,0.39529263194565406
2020-01-07 16:00:00+00:00,0.0,0.4503135342274865
2020-01-07 17:00:00+00:00,0.0,0.4975614004528828
2020-01-07 18:00:00+00:00,0.0,0.5388651802821808
2020-01-07 19:00:00+00:00,0.0,0.5769465249956454
2020-01-07 20:00:00+00:00,0.0,0.5992205190733322
2020-01-07 21:00:00+00:00,0.0,0.5989374673401846
2020-01-07 22:00:00+00:00,0.0,0.6202752133774604
2020-01-07 23:00:00+00:00,0.0,0.6476223654415607
2020-01-08 00:00:00+00:00,0.0,0.6675230796028566
2020-01-08 01:00:00+00:00,0.0,0.6786927364570632
2020-01-08 02:00:00+00:00,0.0,0.6777129419961679
2020-01-08 03:00:00+00:00,0.0,0.6692867096324682
2020-01-08 04:00:00+00:00,0.0,0.6682851419613308
2020-01-08 05:00:00+00:00,0.0,0.6692649364222261
2020-01-08 06:00:00+00:00,0.0,0.6797378505486849
2020-01-08 07:00:00+00:00,0.0028530670470756064,0.679389479184811
2020-01-08 08:00:00+00:00,0.020001821106625794,0.6801079951228008
2020-01-08 09:00:00+00:00,0.04325128236258233,0.6713987110259536
2020-01-08 10:00:00+00:00,0.059914407988587735,0.6460546943041282
2020-01-08 11:00:00+00:00,0.06228184660211855,0.6051863786796725
2020-01-08 12:00:00+00:00,0.05275138859380217,0.5591142658073506
2020-01-08 13:00:00+00:00,0.03742374116004492,0.5069674272774778
2020-01-08 14:00:00+00:00,0.016632773848908853,0.44423880856993553
2020-01-08 15:00:00+00:00,0.0008802015357999211,0.3835786448353945
2020-01-08 16:00:00+00:00,0.0,0.3378984497474308
2020-01-08 17:00:00+00:00,0.0,0.31126981362132033
2020-01-08 18:00:00+00:00,0.0,0.29304563664866745
2020-01-08 19:00:00+00:00,0.0,0.27303605643616097
2020-01-08 20:00:00+00:00,0.0,0.24915084480055738
2020-01-08 21:00:00+00:00,0.0,0.22008360912732974
2020-01-08 22:00:00+00:00,0.0,0.1884035882250479
2020-01-08 23:00:00+00:00,0.0,0.16138303431457934
2020-01-09 00:00:00+00:00,0.0,0.14514021947395925
2020-01-09 01:00:00+00:00,0.0,0.14712158160599198
2020-01-09 02:00:00+00:00,0.0,0.1670005225570458
2020-01-09 03:00:00+00:00,0.0,0.19926842013586482
2020-01-09 04:00:00+00:00,0.0,0.23970127155547813
2020-01-09 05:00:00+00:00,0.0,0.30092753875631423
2020-01-09 06:00:00+00:00,0.0,0.37859257968994947
2020-01-09 07:00:00+00:00,0.005250857437702977,0.4697787841839401
2020-01-09 08:00:00+00:00,0.040671381309375663,0.5580909249259711
2020-01-09 09:00:00+00:00,0.09585091207090175,0.6121538059571503
2020-01-09 10:00:00+00:00,0.1340334476583604,0.6519770074899843
2020-01-09 11:00:00+00:00,0.15822381400430996,0.6816974394704756
2020-01-09 12:00:00+00:00,0.15066622150726924,0.7006836788016025
2020-01-09 13:00:00+00:00,0.1063526269463077,0.6892527434244905
2020-01-09 14:00:00+00:00,0.04221932194129966,0.6861174011496255
2020-01-09 15:00:00+00:00,0.0042492487935168605,0.6673053475004355
2020-01-09 16:00:00+00:00,0.0,0.6525648841665215
2020-01-09 17:00:00+00:00,0.0,0.6406113917435987
2020-01-09 18:00:00+00:00,0.0,0.6188164082912384
2020-01-09 19:00:00+00:00,0.0,0.5954755269116878
2020-01-09 20:00:00+00:00,0.0,0.5443955756836788
2020-01-09 21:00:00+00:00,0.0,0.4859562793938338
2020-01-09 22:00:00+00:00,0.0,0.47025779480926666
2020-01-09 23:00:00+00:00,0.0,0.462571851593799
2020-01-10 00:00:00+00:00,0.0,0.4753744992161644
2020-01-10 01:00:00+00:00,0.0,0.499259710851768
2020-01-10 02:00:00+00:00,0.0,0.5109954711722696
2020-01-10 03:00:00+00:00,0.0,0.5113438425361435
2020-01-10 04:00:00+00:00,0.0,0.5332041456192301
2020-01-10 05:00:00+00:00,0.0,0.578165824769204
2020-01-10 06:00:00+00:00,0.0,0.5859388608256402
2020-01-10 07:00:00+00:00,0.012535283940874739,0.5896838529872844
2020-01-10 08:00:00+00:00,0.07940024888457219,0.5857211287232189
2020-01-10 09:00:00+00:00,0.1460527513885938,0.5823898275561749
2020-01-10 10:00:00+00:00,0.19604212826661002,0.5938643093537711
2020-01-10 11:00:00+00:00,0.20317479588429901,0.6266112175579167
2020-01-10 12:00:00+00:00,0.16059125261784077,0.6243032572722522
2020-01-10 13:00:00+00:00,0.09305854857801925,0.6203623062184288
2020-01-10 14:00:00+00:00,0.03627037363037606,0.6308569935551298
2020-01-10 15:00:00+00:00,0.0029137706012687045,0.6608822504790106
2020-01-10 16:00:00+00:00,0.0,0.6452708587354119
2020-01-10 17:00:00+00:00,0.0,0.595148928758056
2020-01-10 18:00:00+00:00,0.0,0.5283269465249957
2020-01-10 19:00:00+00:00,0.0,0.5031788886953492
2020-01-10 20:00:00+00:00,0.0,0.4794678627416826
2020-01-10 21:00:00+00:00,0.0,0.43002090228183243
2020-01-10 22:00:00+00:00,0.0,0.40665824769203973
2020-01-10 23:00:00+00:00,0.0,0.3919831039888521
2020-01-11 00:00:00+00:00,0.0,0.36015067061487543
2020-01-11 01:00:00+00:00,0.0,0.3485890959763107
2020-01-11 02:00:00+00:00,0.0,0.3583870405852639
2020-01-11 03:00:00+00:00,0.0,0.3627416826336875
2020-01-11 04:00:00+00:00,0.0,0.36374325030482496
2020-01-11 05:00:00+00:00,0.0,0.38660512105904893
2020-01-11 06:00:00+00:00,0.0,0.35943215467688555
2020-01-11 07:00:00+00:00,0.006495280298661487,0.3604772687685072
2020-01-11 08:00:00+00:00,0.0666525025040216,0.3674882424664693
2020-01-11 09:00:00+00:00,0.15184994081403466,0.37676363002961155
2020-01-11 10:00:00+00:00,0.22302485810544206,0.3978836439644661
2020-01-11 11:00:00+00:00,0.2415090903572404,0.4273210242118098
2020-01-11 12:00:00+00:00,0.2126445503384223,0.4638129245775997
2020-01-11 13:00:00+00:00,0.15103044283242784,0.4835394530569587
2020-01-11 14:00:00+00:00,0.0626764197043737,0.4940341403936596
2020-01-11 15:00:00+00:00,0.006677390961240781,0.5308961853335655
2020-01-11 16:00:00+00:00,0.0,0.5720040062706845
2020-01-11 17:00:00+00:00,0.0,0.6062532659815363
2020-01-11 18:00:00+00:00,0.0,0.6249782267897579
2020-01-11 19:00:00+00:00,0.0,0.6491029437380247
2020-01-11 20:00:00+00:00,0.0,0.6519116878592579
2020-01-11 21:00:00+00:00,0.0,0.6319456540672357
2020-01-11 22:00:00+00:00,0.0,0.6350592231318586
2020-01-11 23:00:00+00:00,0.0,0.6293328688381815
2020-01-12 00:00:00+00:00,0.0,0.6239548859083783
2020-01-12 01:00:00+00:00,0.0,0.623889566277652
2020-01-12 02:00:00+00:00,0.0,0.6324028914823201
2020-01-12 03:00:00+00:00,0.0,0.6377808744121233
2020-01-12 04:00:00+00:00,0.0,0.645466817627591
2020-01-12 05:00:00+00:00,0.0,0.6667610172443825
2020-01-12 06:00:00+00:00,0.0,0.6820458108343495
2020-01-12 07:00:00+00:00,0.012747746380550581,0.690254311095628
2020-01-12 08:00:00+00:00,0.08622939873129572,0.6969822330604424
2020-01-12 09:00:00+00:00,0.16629738671199198,0.715141090402369
2020-01-12 10:00:00+00:00,0.20869881931587095,0.714052429890263
2020-01-12 11:00:00+00:00,0.20951831729747777,0.7335612262672008
2020-01-12 12:00:00+00:00,0.1827784016754181,0.7354119491377809
2020-01-12 13:00:00+00:00,0.12216590281360974,0.7426624281484062
2020-01-12 14:00:00+00:00,0.04913952711931283,0.7473001219299773
2020-01-12 15:00:00+00:00,0.004431359456096154,0.7636953492422923
2020-01-12 16:00:00+00:00,0.0,0.7825727225222087
2020-01-12 17:00:00+00:00,0.0,0.7806349068106602
2020-01-12 18:00:00+00:00,0.0,0.78135342274865
2020-01-12 19:00:00+00:00,0.0,0.7857298380073158
2020-01-12 20:00:00+00:00,0.0,0.7810703710155025
2020-01-12 21:00:00+00:00,0.0,0.7296638216338617
2020-01-12 22:00:00+00:00,0.0,0.6720736805434593
2020-01-12 23:00:00+00:00,0.0,0.5978488068280787
2020-01-13 00:00:00+00:00,0.0,0.5377765197700749
2020-01-13 01:00:00+00:00,0.0,0.4647273994077687
2020-01-13 02:00:00+00:00,0.0,0.4027390698484585
2020-01-13 03:00:00+00:00,0.0,0.367814840620101
2020-01-13 04:00:00+00:00,0.0,0.35087528305173316
2020-01-13 05:00:00+00:00,0.0,0.3360477268768507
2020-01-13 06:00:00+00:00,0.0,0.31984845845671483
2020-01-13 07:00:00+00:00,0.005341912768992625,0.32605382337571853
2020-01-13 08:00:00+00:00,0.043979725012899505,0.30778609998258144
2020-01-13 09:00:00+00:00,0.10359061523052175,0.2978575161121756
2020-01-13 10:00:00+00:00,0.15312471545208972,0.29141264588050864
2020-01-13 11:00:00+00:00,0.16839165933165387,0.2840097543981885
2020-01-13 12:00:00+00:00,0.1550368774091723,0.27196916913429714
2020-01-13 13:00:00+00:00,0.11639906516526542,0.2685943215467689
2020-01-13 14:00:00+00:00,0.05445108811120891,0.27401585089705627
2020-01-13 15:00:00+00:00,0.006859501623820075,0.3131858561226267
2020-01-13 16:00:00+00:00,0.0,0.3889130813447135
2020-01-13 17:00:00+00:00,0.0,0.4665563490681066
2020-01-13 18:00:00+00:00,0.0,0.5248214596760146
2020-01-13 19:00:00+00:00,0.0,0.5767505661034663
2020-01-13 20:00:00+00:00,0.0,0.6205147186901236
2020-01-13 21:00:00+00:00,0.0,0.6326423967949835
2020-01-13 22:00:00+00:00,0.0,0.6749912907159031
2020-01-13 23:00:00+00:00,0.0,0.7014675143703187
2020-01-14 00:00:00+00:00,0.0,0.7440341403936597
2020-01-14 01:00:00+00:00,0.0,0.7831605991987458
2020-01-14 02:00:00+00:00,0.0,0.8087223480229925
2020-01-14 03:00:00+00:00,0.0,0.8140350113220693
2020-01-14 04:00:00+00:00,0.0,0.8367444696045985
2020-01-14 05:00:00+00:00,0.0,0.886801079951228
2020-01-14 06:00:00+00:00,0.0,0.8912428148406201
2020-01-14 07:00:00+00:00,0.013263726591191915,0.8856253265981536
2020-01-14 08:00:00+00:00,0.08149452150423407,0.8759144748301689
2020-01-14 09:00:00+00:00,0.1658724618326403,0.8472609301515416
2020-01-14 10:00:00+00:00,0.22250887789480076,0.822831388259885
2020-01-14 11:00:00+00:00,0.25201080523264635,0.8115093189339836
2020-01-14 12:00:00+00:00,0.22281239566576624,0.7900409336352552
2020-01-14 13:00:00+00:00,0.143078277233132,0.77323201532834
2020-01-14 14:00:00+00:00,0.055027771876043345,0.7799381640829124
2020-01-14 15:00:00+00:00,0.005706134094151213,0.8080256052952447
2020-01-14 16:00:00+00:00,0.0,0.8409466991813273
2020-01-14 17:00:00+00:00,0.0,0.8492205190733322
2020-01-14 18:00:00+00:00,0.0,0.8627416826336874
2020-01-14 19:00:00+00:00,0.0,0.8719952969865877
2020-01-14 20:00:00+00:00,0.0,0.8650278697091099
2020-01-14 21:00:00+00:00,0.0,0.835917087615398
2020-01-14 22:00:00+00:00,0.0,0.8449747430761191
2020-01-14 23:00:00+00:00,0.0,0.832781745340533
2020-01-15 00:00:00+00:00,0.0,0.8157986413516809
2020-01-15 01:00:00+00:00,0.0,0.8039322417697266
2020-01-15 02:00:00+00:00,0.0,0.7880160250827382
2020-01-15 03:00:00+00:00,0.0,0.7858169308482843
2020-01-15 04:00:00+00:00,0.0,0.7858169308482843
2020-01-15 05:00:00+00:00,0.0,0.8126415258665738
2020-01-15 06:00:00+00:00,0.0,0.8068716251524125
2020-01-15 07:00:00+00:00,0.01951619267308101,0.7842492597108518
2020-01-15 08:00:00+00:00,0.13127143594257443,0.7529829298031702
2020-01-15 09:00:00+00:00,0.262603575439342,0.7565101898623933
2020-01-15 10:00:00+00:00,0.3630679576289192,0.7449486152238286
2020-01-15 11:00:00+00:00,0.40228245363766046,0.722152064100331
2020-01-15 12:00:00+00:00,0.3701399216924151,0.7202142483887825
2020-01-15 13:00:00+00:00,0.2657905120344796,0.7235890959763107
2020-01-15 14:00:00+00:00,0.11970740886878926,0.7267462114614178
2020-01-15 15:00:00+00:00,0.01405287279570219,0.7534619404284968
2020-01-15 16:00:00+00:00,0.0,0.7783269465249957
2020-01-15 17:00:00+00:00,0.0,0.7896272426406549
2020-01-15 18:00:00+00:00,0.0,0.7963987110259536
2020-01-15 19:00:00+00:00,0.0,0.7923053475004355
2020-01-15 20:00:00+00:00,0.0,0.7662863612611043
2020-01-15 21:00:00+00:00,0.0,0.7158160599198746
2020-01-15 22:00:00+00:00,0.0,0.6685464204842362
2020-01-15 23:00:00+00:00,0.0,0.6065798641351681
2020-01-16 00:00:00+00:00,0.0,0.5514718690123672
2020-01-16 01:00:00+00:00,0.0,0.5116486674795332
2020-01-16 02:00:00+00:00,0.0,0.47337136387388956
2020-01-16 03:00:00+00:00,0.0,0.44186552865354467
2020-01-16 04:00:00+00:00,0.0,0.41525866573767634
2020-01-16 05:00:00+00:00,0.0,0.4011931719212681
2020-01-16 06:00:00+00:00,0.0,0.3837746037275736
2020-01-16 07:00:00+00:00,0.008862718912192308,0.3715380595715032
2020-01-16 08:00:00+00:00,0.1017695086047288,0.33066974394704757
2020-01-16 09:00:00+00:00,0.23085561659635173,0.28451053823375716
2020-01-16 10:00:00+00:00,0.3527483534160925,0.23234192649364221
2020-01-16 11:00:00+00:00,0.4241357331471758,0.20414561923009927
2020-01-16 12:00:00+00:00,0.41241994718790786,0.19108169308482842
2020-01-16 13:00:00+00:00,0.3055513400309588,0.19073332172095453
2020-01-16 14:00:00+00:00,0.14359425744377333,0.2082825291761017
2020-01-16 15:00:00+00:00,0.018635991137281087,0.2893441909075074
2020-01-16 16:00:00+00:00,0.0,0.40151977007489986
2020-01-16 17:00:00+00:00,0.0,0.504245775997213
2020-01-16 18:00:00+00:00,0.0,0.5677582302734715
2020-01-16 19:00:00+00:00,0.0,0.6023994077686814
2020-01-16 20:00:00+00:00,0.0,0.6120231666956976
2020-01-16 21:00:00+00:00,0.0,0.5928409684723915
2020-01-16 22:00:00+00:00,0.0,0.6049686465772514
2020-01-16 23:00:00+00:00,0.0,0.6143311269813622
2020-01-17 00:00:00+00:00,0.0,0.6055565232537885
2020-01-17 01:00:00+00:00,0.0,0.5959109911165302
2020-01-17 02:00:00+00:00,0.0,0.586461417871451
2020-01-17 03:00:00+00:00,0.0,0.5643616094757011
2020-01-17 04:00:00+00:00,0.0,0.5536927364570632
2020-01-17 05:00:00+00:00,0.0,0.5664082912384601
2020-01-17 06:00:00+00:00,0.0,0.5658421877721651
2020-01-17 07:00:00+00:00,0.02039639420888093,0.5632947221738372
2020-01-17 08:00:00+00:00,0.14213737214313898,0.532093711896882
2020-01-17 09:00:00+00:00,0.2710413694721826,0.4901802821808047
2020-01-17 10:00:00+00:00,0.34522111269614836,0.43154502699878067
2020-01-17 11:00:00+00:00,0.3565119737760646,0.38758491551994423
2020-01-17 12:00:00+00:00,0.29562630892038727,0.37550078383556873
2020-01-17 13:00:00+00:00,0.1875436306795763,0.3722130290890089
2020-01-17 14:00:00+00:00,0.07393692900719337,0.37941996167915
2020-01-17 15:00:00+00:00,0.005827541202537409,0.41295070545201185
2020-01-17 16:00:00+00:00,0.0,0.44976920397143355
2020-01-17 17:00:00+00:00,0.0,0.4854554955582651
2020-01-17 18:00:00+00:00,0.0,0.5288059571503222
2020-01-17 19:00:00+00:00,0.0,0.5663211983974917
2020-01-17 20:00:00+00:00,0.0,0.6044678627416826
2020-01-17 21:00:00+00:00,0.0,0.6094321546768855
2020-01-17 22:00:00+00:00,0.0,0.6204493990593973
2020-01-17 23:00:00+00:00,0.0,0.6209284096847238
2020-01-18 00:00:00+00:00,0.0,0.6133513325204668
2020-01-18 01:00:00+00:00,0.0,0.6125021773210242
2020-01-18 02:00:00+00:00,0.0,0.6032267897578819
2020-01-18 03:00:00+00:00,0.0,0.5841970040062707
2020-01-18 04:00:00+00:00,0.0,0.5610520815188992
2020-01-18 05:00:00+00:00,0.0,0.5544983452360216
2020-01-18 06:00:00+00:00,0.0,0.5411731405678453
2020-01-18 07:00:00+00:00,0.007496888942847604,0.5290672356732277
2020-01-18 08:00:00+00:00,0.06331380702340123,0.5107777390698485
2020-01-18 09:00:00+00:00,0.13017877196709868,0.4793154502699878
2020-01-18 10:00:00+00:00,0.18150362703736303,0.4906375195958892
2020-01-18 11:00:00+00:00,0.18620815248732814,0.48671834175230794
2020-01-18 12:00:00+00:00,0.16086441861170972,0.4681675666260233
2020-01-18 13:00:00+00:00,0.11639906516526542,0.4189165650583522
2020-01-18 14:00:00+00:00,0.057971894254408594,0.37482581431806306
2020-01-18 15:00:00+00:00,0.009560809785412936,0.3542719038495036
2020-01-18 16:00:00+00:00,0.0,0.3615006096498868
2020-01-18 17:00:00+00:00,0.0,0.3778305173314753
2020-01-18 18:00:00+00:00,0.0,0.37338878244208323
2020-01-18 19:00:00+00:00,0.0,0.3592579689949486
2020-01-18 20:00:00+00:00,0.0,0.35187685072287056
2020-01-18 21:00:00+00:00,0.0,0.3375283051733147
2020-01-18 22:00:00+00:00,0.0,0.3306044243163212
2020-01-18 23:00:00+00:00,0.0,0.31634297160773384
2020-01-19 00:00:00+00:00,0.0,0.3123584741334262
2020-01-19 01:00:00+00:00,0.0,0.307524821459676
2020-01-19 02:00:00+00:00,0.0,0.30055739418219823
2020-01-19 03:00:00+00:00,0.0,0.29831475352726006
2020-01-19 04:00:00+00:00,0.0,0.2988155373628288
2020-01-19 05:00:00+00:00,0.0,0.29707368054345934
2020-01-19 06:00:00+00:00,0.0,0.28895227312314925
2020-01-19 07:00:00+00:00,0.0069809087322062705,0.2908900888346978
2020-01-19 08:00:00+00:00,0.05496706832185024,0.27543110956279393
2020-01-19 09:00:00+00:00,0.11818982001396182,0.2595366660860477
2020-01-19 10:00:00+00:00,0.16924150909035723,0.22981623410555652
2020-01-19 11:00:00+00:00,0.1873008164628039,0.22576641700052255
2020-01-19 12:00:00+00:00,0.18323367833186632,0.2314492248737154
2020-01-19 13:00:00+00:00,0.1385558624457462,0.23288625674969518
2020-01-19 14:00:00+00:00,0.06562054208273894,0.22983800731579865
2020-01-19 15:00:00+00:00,0.00971256867089568,0.24126894269291063
2020-01-19 16:00:00+00:00,0.0,0.2566190559136039
2020-01-19 17:00:00+00:00,0.0,0.2572287058003832
2020-01-19 18:00:00+00:00,0.0,0.23717557916739243
2020-01-19 19:00:00+00:00,0.0,0.21409597631074725
2020-01-19 20:00:00+00:00,0.0,0.1903196307263543
2020-01-19 21:00:00+00:00,0.0,0.1744687336700923
2020-01-19 22:00:00+00:00,0.0,0.15715903152760843
2020-01-19 23:00:00+00:00,0.0,0.14143877373279917
2020-01-20 00:00:00+00:00,0.0,0.12308395749869361
2020-01-20 01:00:00+00:00,0.0,0.11354729141264588
2020-01-20 02:00:00+00:00,0.0,0.11764065493816409
2020-01-20 03:00:00+00:00,0.0,0.12336700923184113
2020-01-20 04:00:00+00:00,0.0,0.12695958892179063
2020-01-20 05:00:00+00:00,0.0,0.13327381989200487
2020-01-20 06:00:00+00:00,0.0,0.14006706148754572
2020-01-20 07:00:00+00:00,0.010623121983792151,0.13593015154154328
2020-01-20 08:00:00+00:00,0.07621331228943455,0.14000174185681938
2020-01-20 09:00:00+00:00,0.17488693963031535,0.14037188643093537
2020-01-20 10:00:00+00:00,0.25204115700974294,0.13009493119665563
2020-01-20 11:00:00+00:00,0.28469966916562967,0.1361914300644487
2020-01-20 12:00:00+00:00,0.26412116429416943,0.15228183243337398
2020-01-20 13:00:00+00:00,0.194494187634686,0.17675492074551472
2020-01-20 14:00:00+00:00,0.09833975779281877,0.19547988155373627
2020-01-20 15:00:00+00:00,0.01708805050535709,0.22010538233757185
2020-01-20 16:00:00+00:00,0.0,0.2562489113394879
2020-01-20 17:00:00+00:00,0.0,0.289823201532834
2020-01-20 18:00:00+00:00,0.0,0.31662602334088136
2020-01-20 19:00:00+00:00,0.0,0.32827469082041455
2020-01-20 20:00:00+00:00,0.0,0.34066364744817973
2020-01-20 21:00:00+00:00,0.0,0.3527042327120711
2020-01-20 22:00:00+00:00,0.0,0.35292196481449223
2020-01-20 23:00:00+00:00,0.0,0.3721477094582825
2020-01-21 00:00:00+00:00,0.0,0.3908726702665041
2020-01-21 01:00:00+00:00,0.0,0.3941386518028218
2020-01-21 02:00:00+00:00,0.0,0.3954885908378331
2020-01-21 03:00:00+00:00,0.0,0.41258056087789585
2020-01-21 04:00:00+00:00,0.0,0.4075074028914823
2020-01-21 05:00:00+00:00,0.0,0.4177408117052778
2020-01-21 06:00:00+00:00,0.0,0.4228575161121756
2020-01-21 07:00:00+00:00,0.023249461255956536,0.3998214596760146
2020-01-21 08:00:00+00:00,0.1313624912738641,0.3567322766068629
2020-01-21 09:00:00+00:00,0.2608431723677421,0.3161470127155548
2020-01-21 10:00:00+00:00,0.3564512702218715,0.27290541717470823
2020-01-21 11:00:00+00:00,0.3916289798767718,0.24451315101898624
2020-01-21 12:00:00+00:00,0.36385710383342945,0.23343058700574812
2020-01-21 13:00:00+00:00,0.27686891067472,0.2343668350461592
2020-01-21 14:00:00+00:00,0.13931465687315991,0.24105121059048945
2020-01-21 15:00:00+00:00,0.02227820438886697,0.2566190559136039
2020-01-21 16:00:00+00:00,3.0351777096549003e-05,0.2839662079777042
2020-01-21 17:00:00+00:00,0.0,0.30972391569412994
2020-01-21 18:00:00+00:00,0.0,0.3183461069500087
2020-01-21 19:00:00+00:00,0.0,0.314165650583522
2020-01-21 20:00:00+00:00,0.0,0.3042370667131162
2020-01-21 21:00:00+00:00,0.0,0.30602246995296983
2020-01-21 22:00:00+00:00,0.0,0.32250479010625327
2020-01-21 23:00:00+00:00,0.0,0.33047378505486846
2020-01-22 00:00:00+00:00,0.0,0.3279698658770249
2020-01-22 01:00:00+00:00,0.0,0.33106166173140567
2020-01-22 02:00:00+00:00,0.0,0.3195654067235673
2020-01-22 03:00:00+00:00,0.0,0.328361783661383
2020-01-22 04:00:00+00:00,0.0,0.32910207280961506
2020-01-22 05:00:00+00:00,0.0,0.3275997213029089
2020-01-22 06:00:00+00:00,0.0,0.31375195958892177
2020-01-22 07:00:00+00:00,0.008771663580902662,0.30933199790977184
2020-01-22 08:00:00+00:00,0.05429932922572617,0.27625849155199445
2020-01-22 09:00:00+00:00,0.10055543752086685,0.2493903501132207
2020-01-22 10:00:00+00:00,0.13412450298965004,0.23560790802995993
2020-01-22 11:00:00+00:00,0.14917898442953836,0.2224568890437206
2020-01-22 12:00:00+00:00,0.1403466172944426,0.20978488068280787
2020-01-22 13:00:00+00:00,0.10823443712629374,0.19217035359693432
2020-01-22 14:00:00+00:00,0.059580538440525695,0.16919961679149972
2020-01-22 15:00:00+00:00,0.011655082405074818,0.15073593450618358
2020-01-22 16:00:00+00:00,3.0351777096549003e-05,0.13601724438251175
2020-01-22 17:00:00+00:00,0.0,0.11801079951228009
2020-01-22 18:00:00+00:00,0.0,0.10392353248562967
2020-01-22 19:00:00+00:00,0.0,0.09551907333217209
2020-01-22 20:00:00+00:00,0.0,0.08702752133774604
2020-01-22 21:00:00+00:00,0.0,0.07204755269116879
2020-01-22 22:00:00+00:00,0.0,0.0565450269987807
2020-01-22 23:00:00+00:00,0.0,0.05014370318759798
2020-01-23 00:00:00+00:00,0.0,0.04441734889392092
2020-01-23 01:00:00+00:00,0.0,0.045593102246995296
2020-01-23 02:00:00+00:00,0.0,0.05517331475352726
2020-01-23 03:00:00+00:00,0.0,0.06418742379376416
2020-01-23 04:00:00+00:00,0.0,0.07071938686639959
2020-01-23 05:00:00+00:00,0.0,0.0791673924403414
2020-01-23 06:00:00+00:00,0.0,0.0853074377286187
2020-01-23 07:00:00+00:00,0.007678999605426898,0.08491551994426058
2020-01-23 08:00:00+00:00,0.04844143624609221,0.08519857167740812
2020-01-23 09:00:00+00:00,0.09667041005250858,0.08245514718690124
2020-01-23 10:00:00+00:00,0.14301757367893891,0.08633077860999826
2020-01-23 11:00:00+00:00,0.1734907578838741,0.0999825814318063
2020-01-23 12:00:00+00:00,0.17767930312319785,0.11424403414039366
2020-01-23 13:00:00+00:00,0.13986098886089782,0.12051471869012367
2020-01-23 14:00:00+00:00,0.0761222569581449,0.12121146141787145
2020-01-23 15:00:00+00:00,0.014538501229246973,0.12617575335307438
2020-01-23 16:00:00+00:00,0.0,0.1311400452882773
2020-01-23 17:00:00+00:00,0.0,0.13621320327469083
2020-01-23 18:00:00+00:00,0.0,0.12937641525866572
2020-01-23 19:00:00+00:00,0.0,0.12652412471694827
2020-01-23 20:00:00+00:00,0.0,0.12493468036927363
2020-01-23 21:00:00+00:00,0.0,0.12347587528305173
2020-01-23 22:00:00+00:00,0.0,0.1259797944608953
2020-01-23 23:00:00+00:00,0.0,0.1315972827033618
2020-01-24 00:00:00+00:00,0.0,0.13266417000522557
2020-01-24 01:00:00+00:00,0.0,0.13421006793241597
2020-01-24 02:00:00+00:00,0.0,0.1407420310050514
2020-01-24 03:00:00+00:00,0.0,0.15276084305870058
2020-01-24 04:00:00+00:00,0.0,0.16756662602334088
2020-01-24 05:00:00+00:00,0.0,0.18235063577773908
2020-01-24 06:00:00+00:00,0.0,0.18809876328165825
2020-01-24 07:00:00+00:00,0.016875588065681246,0.1822635429367706
2020-01-24 08:00:00+00:00,0.08404407078034419,0.1756662602334088
2020-01-24 09:00:00+00:00,0.17042522839712265,0.1668698832955931
2020-01-24 10:00:00+00:00,0.24691170668042614,0.15837833130116705
2020-01-24 11:00:00+00:00,0.2872492184417398,0.17059310224699528
2020-01-24 12:00:00+00:00,0.2762922269098856,0.18759797944608952
2020-01-24 13:00:00+00:00,0.210914499043919,0.19565406723567322
2020-01-24 14:00:00+00:00,0.1068989589340456,0.19493555129768333
2020-01-24 15:00:00+00:00,0.019607248004370657,0.19541456192300993
2020-01-24 16:00:00+00:00,3.0351777096549003e-05,0.1947831388259885
2020-01-24 17:00:00+00:00,0.0,0.19750479010625327
2020-01-24 18:00:00+00:00,0.0,0.20534314579341578
2020-01-24 19:00:00+00:00,0.0,0.20506009406026823
2020-01-24 20:00:00+00:00,0.0,0.21100418045636649
2020-01-24 21:00:00+00:00,0.0,0.21180978923532484
2020-01-24 22:00:00+00:00,0.0,0.2091099111653022
2020-01-24 23:00:00+00:00,0.0,0.20386256749695175
2020-01-25 00:00:00+00:00,0.0,0.19426058178017766
2020-01-25 01:00:00+00:00,0.0,0.18663995819543633
2020-01-25 02:00:00+00:00,0.0,0.18132729489635951
2020-01-25 03:00:00+00:00,0.0,0.16909075074028915
2020-01-25 04:00:00+00:00,0.0,0.1543502874063752
2020-01-25 05:00:00+00:00,0.0,0.1547204319804912
2020-01-25 06:00:00+00:00,0.0,0.15297857516112176
2020-01-25 07:00:00+00:00,0.010896287977661092,0.14871102595366661
2020-01-25 08:00:00+00:00,0.055877621634746716,0.1382163386169657
2020-01-25 09:00:00+00:00,0.1123015752572313,0.1331649538407943
2020-01-25 10:00:00+00:00,0.15424773120466204,0.1371276781048598
2020-01-25 11:00:00+00:00,0.17400673809451545,0.1408726702665041
2020-01-25 12:00:00+00:00,0.161046529274289,0.14113394878940952
2020-01-25 13:00:00+00:00,0.12161957082587185,0.13656157463856472
2020-01-25 14:00:00+00:00,0.06559019030564239,0.13116181849851943
2020-01-25 15:00:00+00:00,0.014143928126991836,0.13248998432328862
2020-01-25 16:00:00+00:00,6.0703554193098006e-05,0.13070458108343494
2020-01-25 17:00:00+00:00,0.0,0.13610433722348023
2020-01-25 18:00:00+00:00,0.0,0.1424403414039366
2020-01-25 19:00:00+00:00,0.0,0.1517157289670789
2020-01-25 20:00:00+00:00,0.0,0.15657115485107123
2020-01-25 21:00:00+00:00,0.0,0.15816059919874587
2020-01-25 22:00:00+00:00,0.0,0.15948876502351506
2020-01-25 23:00:00+00:00,0.0,0.15654938164082913
2020-01-26 00:00:00+00:00,0.0,0.15202055391046856
2020-01-26 01:00:00+00:00,0.0,0.14298467165998954
2020-01-26 02:00:00+00:00,0.0,0.14439993032572723
2020-01-26 03:00:00+00:00,0.0,0.14167827904546246
2020-01-26 04:00:00+00:00,0.0,0.14670789061139175
2020-01-26 05:00:00+00:00,0.0,0.14659902456018115
2020-01-26 06:00:00+00:00,0.0,0.15681066016373454
2020-01-26 07:00:00+00:00,0.013445837253771208,0.1613612611043372
2020-01-26 08:00:00+00:00,0.06923240355722828,0.16680456366486673
2020-01-26 09:00:00+00:00,0.13436731720642245,0.17113743250304825
2020-01-26 10:00:00+00:00,0.1947977054056515,0.1743380944086396
2020-01-26 11:00:00+00:00,0.22232676723222144,0.17327120710677582
2020-01-26 12:00:00+00:00,0.2162260600358151,0.16443128374847588
2020-01-26 13:00:00+00:00,0.17245879746259143,0.15371886430935378
2020-01-26 14:00:00+00:00,0.09475824809542599,0.15611391743598677
2020-01-26 15:00:00+00:00,0.023067350593377244,0.1752961156592928
2020-01-26 16:00:00+00:00,9.105533128964702e-05,0.21773210242118096
2020-01-26 17:00:00+00:00,0.0,0.26119143006444867
2020-01-26 18:00:00+00:00,0.0,0.29485281309876327
2020-01-26 19:00:00+00:00,0.0,0.3361565929280613
2020-01-26 20:00:00+00:00,0.0,0.3662036230621843
2020-01-26 21:00:00+00:00,0.0,0.3768942692910643
2020-01-26 22:00:00+00:00,0.0,0.39853684027172964
2020-01-26 23:00:00+00:00,0.0,0.4327643267723393
2020-01-27 00:00:00+00:00,0.0,0.45704145619230097
2020-01-27 01:00:00+00:00,0.0,0.47877112001393485
2020-01-27 02:00:00+00:00,0.0,0.5093189339836265
2020-01-27 03:00:00+00:00,0.0,0.5306566800209023
2020-01-27 04:00:00+00:00,0.0,0.5472478662253962
2020-01-27 05:00:00+00:00,0.0,0.5713943563839052
2020-01-27 06:00:00+00:00,3.0351777096549003e-05,0.5786666086047727
2020-01-27 07:00:00+00:00,0.018362825143412146,0.5787972478662254
2020-01-27 08:00:00+00:00,0.085470604303882,0.5725483365267375
2020-01-27 09:00:00+00:00,0.1692111573132607,0.5504267549207456
2020-01-27 10:00:00+00:00,0.24266245788690927,0.5181153109214423
2020-01-27 11:00:00+00:00,0.26041824748839043,0.4984541020728096
2020-01-27 12:00:00+00:00,0.2222964154551249,0.46929977355861346
2020-01-27 13:00:00+00:00,0.14386742343764228,0.4516417000522557
2020-01-27 14:00:00+00:00,0.06294958569824263,0.4342231318585612
2020-01-27 15:00:00+00:00,0.00943940267702674,0.4307394182198223
2020-01-27 16:00:00+00:00,3.0351777096549003e-05,0.4418873018637868
2020-01-27 17:00:00+00:00,0.0,0.4411252395053126
2020-01-27 18:00:00+00:00,0.0,0.4569325901410904
2020-01-27 19:00:00+00:00,0.0,0.4641395227312315
2020-01-27 20:00:00+00:00,0.0,0.477334088137955
2020-01-27 21:00:00+00:00,0.0,0.4981492771294199
2020-01-27 22:00:00+00:00,0.0,0.531157463856471
2020-01-27 23:00:00+00:00,0.0,0.5738982755617488
2020-01-28 00:00:00+00:00,0.0,0.6266112175579167
2020-01-28 01:00:00+00:00,0.0,0.663734541020728
2020-01-28 02:00:00+00:00,0.0,0.6767331475352726
2020-01-28 03:00:00+00:00,0.0,0.7034706497125937
2020-01-28 04:00:00+00:00,0.0,0.712027521337746
2020-01-28 05:00:00+00:00,0.0,0.7072156418742379
2020-01-28 06:00:00+00:00,3.0351777096549003e-05,0.6944129942518725
2020-01-28 07:00:00+00:00,0.010380307767019759,0.6716164431283749
2020-01-28 08:00:00+00:00,0.0488056575712508,0.6295723741508448
2020-01-28 09:00:00+00:00,0.08853613379063344,0.6035098414910294
2020-01-28 10:00:00+00:00,0.11831122712234801,0.6178366138303432
2020-01-28 11:00:00+00:00,0.13922360154187027,0.6549163908726703
2020-01-28 12:00:00+00:00,0.135338574073512,0.7087397665911862
2020-01-28 13:00:00+00:00,0.12632409627583696,0.7697047552691169
2020-01-28 14:00:00+00:00,0.07530275897653807,0.8130769900714161
2020-01-28 15:00:00+00:00,0.017786141378577716,0.847543981884689
2020-01-28 16:00:00+00:00,0.00012140710838619601,0.8602159902456018
2020-01-28 17:00:00+00:00,0.0,0.8741943912210416
2020-01-28 18:00:00+00:00,0.0,0.8982755617488243
2020-01-28 19:00:00+00:00,0.0,0.8876284619404284
2020-01-28 20:00:00+00:00,0.0,0.8593450618359171
2020-01-28 21:00:00+00:00,0.0,0.791499738721477
2020-01-28 22:00:00+00:00,0.0,0.7587963769378157
2020-01-28 23:00:00+00:00,0.0,0.7440776868141439
2020-01-29 00:00:00+00:00,0.0,0.7230229925100157
2020-01-29 01:00:00+00:00,0.0,0.7181240202055391
2020-01-29 02:00:00+00:00,0.0,0.7228923532485629
2020-01-29 03:00:00+00:00,0.0,0.7340184636822853
2020-01-29 04:00:00+00:00,0.0,0.7567061487545723
2020-01-29 05:00:00+00:00,0.0,0.7796551123497648
2020-01-29 06:00:00+00:00,3.0351777096549003e-05,0.7955713290367532
2020-01-29 07:00:00+00:00,0.00971256867089568,0.8118576902978575
2020-01-29 08:00:00+00:00,0.04810756669803017,0.8167784358125761
2020-01-29 09:00:00+00:00,0.08971985309739886,0.8283835568716251
2020-01-29 10:00:00+00:00,0.12207484748232009,0.8279698658770249
2020-01-29 11:00:00+00:00,0.14204631681184934,0.8252917610172443
2020-01-29 12:00:00+00:00,0.13892008377090478,0.8178017766939557
2020-01-29 13:00:00+00:00,0.11667223115913437,0.8019073332172095
2020-01-29 14:00:00+00:00,0.07336024524235894,0.7925230796028566
2020-01-29 15:00:00+00:00,0.02039639420888093,0.7756923880856993
2020-01-29 16:00:00+00:00,0.00012140710838619601,0.7645227312314927
2020-01-29 17:00:00+00:00,0.0,0.7673750217732103
2020-01-29 18:00:00+00:00,0.0,0.762911513673576
2020-01-29 19:00:00+00:00,0.0,0.7604293677059746
2020-01-29 20:00:00+00:00,0.0,0.7591229750914474
2020-01-29 21:00:00+00:00,0.0,0.7267026650409336
2020-01-29 22:00:00+00:00,0.0,0.7153588225047901
2020-01-29 23:00:00+00:00,0.0,0.7105251698310399
2020-01-30 00:00:00+00:00,0.0,0.7198005573941821
2020-01-30 01:00:00+00:00,0.0,0.737284445218603
2020-01-30 02:00:00+00:00,0.0,0.7466033792022295
2020-01-30 03:00:00+00:00,0.0,0.7661774952098938
2020-01-30 04:00:00+00:00,0.0,0.7873628287754746
2020-01-30 05:00:00+00:00,0.0,0.8168437554433026
2020-01-30 06:00:00+00:00,3.0351777096549003e-05,0.8133164953840795
2020-01-30 07:00:00+00:00,0.019060916016632776,0.8089400801254136
2020-01-30 08:00:00+00:00,0.0914802561689987,0.7948963595192475
2020-01-30 09:00:00+00:00,0.17655628737062556,0.7781527608430587
2020-01-30 10:00:00+00:00,0.2648496069444866,0.7636953492422923
2020-01-30 11:00:00+00:00,0.29380520229459434,0.7612567496951751
2020-01-30 12:00:00+00:00,0.26011472971742494,0.7289235324856297
2020-01-30 13:00:00+00:00,0.18044131483898382,0.6720954537537014
2020-01-30 14:00:00+00:00,0.09248186481318481,0.6266547639784009
2020-01-30 15:00:00+00:00,0.022521018605639362,0.6061226267200835
2020-01-30 16:00:00+00:00,9.105533128964702e-05,0.6429193520292632
2020-01-30 17:00:00+00:00,0.0,0.6829602856645184
2020-01-30 18:00:00+00:00,0.0,0.7414213551646055
2020-01-30 19:00:00+00:00,0.0,0.8178235499041978
2020-01-30 20:00:00+00:00,0.0,0.8634166521511931
2020-01-30 21:00:00+00:00,0.0,0.8761539801428322
2020-01-30 22:00:00+00:00,0.0,0.901193171921268
2020-01-30 23:00:00+00:00,0.0,0.9305216861174012
2020-01-31 00:00:00+00:00,0.0,0.9383164953840795
2020-01-31 01:00:00+00:00,0.0,0.9356166173140568
2020-01-31 02:00:00+00:00,0.0,0.9303039540149799
2020-01-31 03:00:00+00:00,0.0,0.8957280961504964
2020-01-31 04:00:00+00:00,0.0,0.8925274342449051
2020-01-31 05:00:00+00:00,0.0,0.876306392614527
2020-01-31 06:00:00+00:00,6.0703554193098006e-05,0.8321503222435116
2020-01-31 07:00:00+00:00,0.010896287977661092,0.8003614352900191
2020-01-31 08:00:00+00:00,0.05955018666342914,0.7850984149102943
2020-01-31 09:00:00+00:00,0.12832731356420918,0.7920658421877721
2020-01-31 10:00:00+00:00,0.1937353932072723,0.8009275387563142
2020-01-31 11:00:00+00:00,0.22208395301544906,0.8018855600069674
2020-01-31 12:00:00+00:00,0.2071205269068504,0.7788930499912907
2020-01-31 13:00:00+00:00,0.15339788144595867,0.7458630900539975
2020-01-31 14:00:00+00:00,0.08131241084165478,0.7146620797770423
2020-01-31 15:00:00+00:00,0.02227820438886697,0.6890132381118272
2020-01-31 16:00:00+00:00,0.00021246243967584303,0.7047117226963944
2020-01-31 17:00:00+00:00,0.0,0.7373497648493293
2020-01-31 18:00:00+00:00,0.0,0.7718820762933287
2020-01-31 19:00:00+00:00,0.0,0.7806566800209023
2020-01-31 20:00:00+00:00,0.0,0.7888869534924229
2020-01-31 21:00:00+00:00,0.0,0.7797639784009754
2020-01-31 22:00:00+00:00,0.0,0.7851419613307786
2020-01-31 23:00:00+00:00,0.0,0.7962245253440167
2020-02-01 00:00:00+00:00,0.0,0.8019291064274516
2020-02-01 01:00:00+00:00,0.0,0.806980491203623
2020-02-01 02:00:00+00:00,0.0,0.8083522034488765
2020-02-01 03:00:00+00:00,0.0,0.8092449050688033
2020-02-01 04:00:00+00:00,0.0,0.8027782616268943
2020-02-01 05:00:00+00:00,0.0,0.8142527434244905
2020-02-01 06:00:00+00:00,0.00021246243967584303,0.7970954537537014
2020-02-01 07:00:00+00:00,0.02707378517012171,0.781157463856471
2020-02-01 08:00:00+00:00,0.09727744559443956,0.7669177843581257
2020-02-01 09:00:00+00:00,0.16993959996357788,0.7582738198920048
2020-02-01 10:00:00+00:00,0.20869881931587095,0.7503265981536318
2020-02-01 11:00:00+00:00,0.19497981606823078,0.7642179062881032
2020-02-01 12:00:00+00:00,0.14541536406956626,0.7880813447134646
2020-02-01 13:00:00+00:00,0.08996266731417124,0.8021032921093886
2020-02-01 14:00:00+00:00,0.04646857073481652,0.8098763281658248
2020-02-01 15:00:00+00:00,0.011958600176040307,0.8293198049120362
2020-02-01 16:00:00+00:00,0.00018211066257929403,0.8550992858387041
2020-02-01 17:00:00+00:00,0.0,0.8847108517679847
2020-02-01 18:00:00+00:00,0.0,0.9102508273819891
2020-02-01 19:00:00+00:00,0.0,0.9357254833652674
2020-02-01 20:00:00+00:00,0.0,0.9373367009231841
2020-02-01 21:00:00+00:00,0.0,0.9185464204842362
2020-02-01 22:00:00+00:00,0.0,0.8566451837658944
2020-02-01 23:00:00+00:00,0.0,0.8425796899494862
2020-02-02 00:00:00+00:00,0.0,0.8172574464379028
2020-02-02 01:00:00+00:00,0.0,0.7945479881553736
2020-02-02 02:00:00+00:00,0.0,0.7719909423445392
2020-02-02 03:00:00+00:00,0.0,0.7644356383905243
2020-02-02 04:00:00+00:00,0.0,0.731013760668873
2020-02-02 05:00:00+00:00,0.0,0.6778435812576206
2020-02-02 06:00:00+00:00,0.00021246243967584303,0.6511496255007838
2020-02-02 07:00:00+00:00,0.018332473366315598,0.5861565929280613
2020-02-02 08:00:00+00:00,0.05839681913376028,0.516221041630378
2020-02-02 09:00:00+00:00,0.08434758855130968,0.4616138303431458
2020-02-02 10:00:00+00:00,0.0930281968009227,0.4126676537188643
2020-02-02 11:00:00+00:00,0.09579020851670865,0.3620231666956976
2020-02-02 12:00:00+00:00,0.0820712052690685,0.3279698658770249
2020-02-02 13:00:00+00:00,0.0608856648556773,0.30915781222783484
2020-02-02 14:00:00+00:00,0.032749567487176376,0.31407855774255355
2020-02-02 15:00:00+00:00,0.008043220930585486,0.3358953144051559
2020-02-02 16:00:00+00:00,9.105533128964702e-05,0.3492205190733322
2020-02-02 17:00:00+00:00,0.0,0.3725178540323985
2020-02-02 18:00:00+00:00,0.0,0.3979707368054346
2020-02-02 19:00:00+00:00,0.0,0.4276258491551994
2020-02-02 20:00:00+00:00,0.0,0.4517723393137084
2020-02-02 21:00:00+00:00,0.0,0.47252220867444694
2020-02-02 22:00:00+00:00,0.0,0.47093276432677234
2020-02-02 23:00:00+00:00,0.0,0.45159815363177147
2020-02-03 00:00:00+00:00,0.0,0.4681457934157812
2020-02-03 01:00:00+00:00,0.0,0.4711287232189514
2020-02-03 02:00:00+00:00,0.0,0.5040933635255181
2020-02-03 03:00:00+00:00,0.0,0.5433722348022992
2020-02-03 04:00:00+00:00,0.0,0.5657768681414388
2020-02-03 05:00:00+00:00,0.0,0.6300513847761714
2020-02-03 06:00:00+00:00,0.00012140710838619601,0.6491682633687511
2020-02-03 07:00:00+00:00,0.007193371171882114,0.6377808744121233
2020-02-03 08:00:00+00:00,0.040914195526148056,0.6411774952098938
2020-02-03 09:00:00+00:00,0.08732206270677148,0.6646707890611392
2020-02-03 10:00:00+00:00,0.12019303730233405,0.6782572722522209
2020-02-03 11:00:00+00:00,0.13221234103256746,0.6956758404459153
2020-02-03 12:00:00+00:00,0.11676328649042401,0.7164039365964118
2020-02-03 13:00:00+00:00,0.0853491971954958,0.7300992858387041
2020-02-03 14:00:00+00:00,0.049200230673505936,0.7260059223131858
2020-02-03 15:00:00+00:00,0.014113576349895287,0.7057786099982581
2020-02-03 16:00:00+00:00,0.00021246243967584303,0.6829820588747605
2020-02-03 17:00:00+00:00,0.0,0.6636039017592754
2020-02-03 18:00:00+00:00,0.0,0.6232145967601463
2020-02-03 19:00:00+00:00,0.0,0.5507533530743772
2020-02-03 20:00:00+00:00,0.0,0.4754615920571329
2020-02-03 21:00:00+00:00,0.0,0.40698484584567146
2020-02-03 22:00:00+00:00,0.0,0.399886779306741
2020-02-03 23:00:00+00:00,0.0,0.39947308831214073
2020-02-04 00:00:00+00:00,0.0,0.4392309702142484
2020-02-04 01:00:00+00:00,0.0,0.4855643616094757
2020-02-04 02:00:00+00:00,0.0,0.5231231492771294
2020-02-04 03:00:00+00:00,0.0,0.5797770423271207
2020-02-04 04:00:00+00:00,0.0,0.6362132032746908
2020-02-04 05:00:00+00:00,0.0,0.6847674621146141
2020-02-04 06:00:00+00:00,0.000151758885482745,0.7017505661034663
2020-02-04 07:00:00+00:00,0.022672777491122106,0.6911470127155548
2020-02-04 08:00:00+00:00,0.0973685009257292,0.6703318237240898
2020-02-04 09:00:00+00:00,0.18038061128479072,0.6467078906113918
2020-02-04 10:00:00+00:00,0.2547121133942392,0.6027260059223132
2020-02-04 11:00:00+00:00,0.27826509242116126,0.6075596585960634
2020-02-04 12:00:00+00:00,0.2616323185722524,0.621864657725135
2020-02-04 13:00:00+00:00,0.2116429416942362,0.6206671311618185
2020-02-04 14:00:00+00:00,0.13023947552129178,0.6070371015502526
2020-02-04 15:00:00+00:00,0.03620967007618296,0.5751175753353074
2020-02-04 16:00:00+00:00,0.0006677390961240781,0.6130900539975613
2020-02-04 17:00:00+00:00,0.0,0.6620362306218429
2020-02-04 18:00:00+00:00,0.0,0.678475004354642
2020-02-04 19:00:00+00:00,0.0,0.6934985194217035
2020-02-04 20:00:00+00:00,0.0,0.7112654589792718
2020-02-04 21:00:00+00:00,0.0,0.7153588225047901
2020-02-04 22:00:00+00:00,0.0,0.697831388259885
2020-02-04 23:00:00+00:00,0.0,0.6835481623410555
2020-02-05 00:00:00+00:00,0.0,0.6513455843929629
2020-02-05 01:00:00+00:00,0.0,0.6102813098763281
2020-02-05 02:00:00+00:00,0.0,0.5617052778261626
2020-02-05 03:00:00+00:00,0.0,0.5093842536143529
2020-02-05 04:00:00+00:00,0.0,0.4511626894269291
2020-02-05 05:00:00+00:00,0.0,0.387171224525344
2020-02-05 06:00:00+00:00,0.00039457310225513703,0.30935377112001394
2020-02-05 07:00:00+00:00,0.0440404285670926,0.25357080647970737
2020-02-05 08:00:00+00:00,0.1669954775852126,0.1881640829123846
2020-02-05 09:00:00+00:00,0.31268400764864784,0.14191778435812577
2020-02-05 10:00:00+00:00,0.41153974565210794,0.11213203274690821
2020-02-05 11:00:00+00:00,0.4698455094545786,0.10076641700052255
2020-02-05 12:00:00+00:00,0.4788903390293502,0.13529872844452187
2020-02-05 13:00:00+00:00,0.40862597505083925,0.1727704232712071
2020-02-05 14:00:00+00:00,0.2601450814945215,0.19652499564535794
2020-02-05 15:00:00+00:00,0.08322457279873736,0.21747082389827554
2020-02-05 16:00:00+00:00,0.0021853279509515284,0.2622800905765546
2020-02-05 17:00:00+00:00,0.0,0.3126415258665738
2020-02-05 18:00:00+00:00,0.0,0.3495035708064797
2020-02-05 19:00:00+00:00,0.0,0.38264239679498346
2020-02-05 20:00:00+00:00,0.0,0.40816059919874587
2020-02-05 21:00:00+00:00,0.0,0.4065058352203449
2020-02-05 22:00:00+00:00,0.0,0.4078340010451141
2020-02-05 23:00:00+00:00,0.0,0.40946699181327295
2020-02-06 00:00:00+00:00,0.0,0.4051776693955757
2020-02-06 01:00:00+00:00,0.0,0.4048292980317018
2020-02-06 02:00:00+00:00,0.0,0.40600505138477616
2020-02-06 03:00:00+00:00,0.0,0.4109257968994949
2020-02-06 04:00:00+00:00,0.0,0.41329907681588574
2020-02-06 05:00:00+00:00,0.0,0.3972739940776868
2020-02-06 06:00:00+00:00,0.001031960421282666,0.3533792022295767
2020-02-06 07:00:00+00:00,0.05080887485962303,0.29300209022818324
2020-02-06 08:00:00+00:00,0.1629586912313716,0.24858474133426234
2020-02-06 09:00:00+00:00,0.2530124138768325,0.22199965162863614
2020-02-06 10:00:00+00:00,0.3164476280086199,0.20577860999825814
2020-02-06 11:00:00+00:00,0.3354478404710596,0.20288277303605642
2020-02-06 12:00:00+00:00,0.3189668255076335,0.20841316843755442
2020-02-06 13:00:00+00:00,0.25677603423680456,0.22106340358822504
2020-02-06 14:00:00+00:00,0.1596199957507512,0.22935899669047205
2020-02-06 15:00:00+00:00,0.05581691808055362,0.2282267897578819
2020-02-06 16:00:00+00:00,0.002094272619661881,0.22287058003832086
2020-02-06 17:00:00+00:00,0.0,0.2207585786448354
2020-02-06 18:00:00+00:00,0.0,0.20397143354816233
2020-02-06 19:00:00+00:00,0.0,0.18424490506880334
2020-02-06 20:00:00+00:00,0.0,0.16551994426058178
2020-02-06 21:00:00+00:00,0.0,0.14178714509667306
2020-02-06 22:00:00+00:00,0.0,0.1219952969865877
2020-02-06 23:00:00+00:00,0.0,0.10975875283051734
2020-02-07 00:00:00+00:00,0.0,0.10381466643441908
2020-02-07 01:00:00+00:00,0.0,0.09447395924055042
2020-02-07 02:00:00+00:00,0.0,0.07949399059397318
2020-02-07 03:00:00+00:00,0.0,0.06721390001741857
2020-02-07 04:00:00+00:00,0.0,0.06568977530047031
2020-02-07 05:00:00+00:00,0.0,0.0666477965511235
2020-02-07 06:00:00+00:00,0.0007891462045102741,0.07263542936770598
2020-02-07 07:00:00+00:00,0.046316811849333776,0.0860259536666086
2020-02-07 08:00:00+00:00,0.16131969526815795,0.10594844103814666
2020-02-07 09:00:00+00:00,0.2856709260327192,0.12510886605121058
2020-02-07 10:00:00+00:00,0.3792454548213798,0.13697526563316495
2020-02-07 11:00:00+00:00,0.4186420614927004,0.1280264762236544
2020-02-07 12:00:00+00:00,0.40380004249248796,0.12478226789757882
2020-02-07 13:00:00+00:00,0.3347193978207424,0.1444870231666957
2020-02-07 14:00:00+00:00,0.21416213919324978,0.17531788886953492
2020-02-07 15:00:00+00:00,0.074635019880414,0.22189078557742553
2020-02-07 16:00:00+00:00,0.0030351777096549004,0.28670963246821113
2020-02-07 17:00:00+00:00,0.0,0.3624150844800557
2020-02-07 18:00:00+00:00,0.0,0.4099677756488417
2020-02-07 19:00:00+00:00,0.0,0.4423880856993555
2020-02-07 20:00:00+00:00,0.0,0.4692344539278871
2020-02-07 21:00:00+00:00,0.0,0.4695610520815189
2020-02-07 22:00:00+00:00,0.0,0.4731971781919526
2020-02-07 23:00:00+00:00,0.0,0.4755704581083435
2020-02-08 00:00:00+00:00,0.0,0.4675143703187598
2020-02-08 01:00:00+00:00,0.0,0.4634210067932416
2020-02-08 02:00:00+00:00,0.0,0.4536883818150148
2020-02-08 03:00:00+00:00,0.0,0.45201184462637173
2020-02-08 04:00:00+00:00,0.0,0.44541456192300993
2020-02-08 05:00:00+00:00,0.0,0.45603988852116356
2020-02-08 06:00:00+00:00,0.00182110662579294,0.4564535795157638
2020-02-08 07:00:00+00:00,0.0824961301484202,0.44436944783138826
2020-02-08 08:00:00+00:00,0.24020396394208882,0.4052647622365442
2020-02-08 09:00:00+00:00,0.38045952590524174,0.3454102072809615
2020-02-08 10:00:00+00:00,0.46219686162624823,0.3070022644138652
2020-02-08 11:00:00+00:00,0.485901599538653,0.2830517331475353
2020-02-08 12:00:00+00:00,0.4396151394664158,0.2685507751262846
2020-02-08 13:00:00+00:00,0.3286490424014326,0.26369534924229227
2020-02-08 14:00:00+00:00,0.1796825204115701,0.2573593450618359
2020-02-08 15:00:00+00:00,0.05120344796187817,0.27412471694826684
2020-02-08 16:00:00+00:00,0.002063920842565332,0.3227225222086744
2020-02-08 17:00:00+00:00,0.0,0.3734541020728096
2020-02-08 18:00:00+00:00,0.0,0.40887911513673575
2020-02-08 19:00:00+00:00,0.0,0.4471999651628636
2020-02-08 20:00:00+00:00,0.0,0.4732407246124368
2020-02-08 21:00:00+00:00,0.0,0.4736761888172792
2020-02-08 22:00:00+00:00,0.0,0.4854990419787493
2020-02-08 23:00:00+00:00,0.0,0.5075335307437728
2020-02-09 00:00:00+00:00,0.0,0.526737502177321
2020-02-09 01:00:00+00:00,0.0,0.5393224176972653
2020-02-09 02:00:00+00:00,0.0,0.5751828949660338
2020-02-09 03:00:00+00:00,0.0,0.6138521163560355
2020-02-09 04:00:00+00:00,0.0,0.6693738024734367
2020-02-09 05:00:00+00:00,0.0,0.7335394530569587
2020-02-09 06:00:00+00:00,0.002063920842565332,0.7970519073332172
2020-02-09 07:00:00+00:00,0.07172124927914529,0.8338704058526389
2020-02-09 08:00:00+00:00,0.21282666100100162,0.7702490855251698
2020-02-09 09:00:00+00:00,0.35860624639572647,0.7285533879115137
2020-02-09 10:00:00+00:00,0.43985795368318814,0.7154023689252743
2020-02-09 11:00:00+00:00,0.4526360518408353,0.7085655809092493
2020-02-09 12:00:00+00:00,0.405681852672474,0.713312140742031
2020-02-09 13:00:00+00:00,0.289252435730112,0.7529176101724439
2020-02-09 14:00:00+00:00,0.15148571948887607,0.8206758404459153
2020-02-09 15:00:00+00:00,0.03933590311712751,0.8687510886605121
2020-02-09 16:00:00+00:00,0.0012747746380550582,0.921093886082564
2020-02-09 17:00:00+00:00,0.0,0.9349634210067932
2020-02-09 18:00:00+00:00,0.0,0.9447613656157464
2020-02-09 19:00:00+00:00,0.0,0.8481536317714684
2020-02-09 20:00:00+00:00,0.0,0.8319761365615747
2020-02-09 21:00:00+00:00,0.0,0.8175622713812924
2020-02-09 22:00:00+00:00,0.0,0.8036274168263369
2020-02-09 23:00:00+00:00,0.0,0.8010146315972827
2020-02-10 00:00:00+00:00,0.0,0.7925013063926145
2020-02-10 01:00:00+00:00,0.0,0.7982276606862916
2020-02-10 02:00:00+00:00,0.0,0.8051297683330431
2020-02-10 03:00:00+00:00,0.0,0.8199573245079255
2020-02-10 04:00:00+00:00,0.0,0.8294286709632468
2020-02-10 05:00:00+00:00,0.0,0.9082259188294722
2020-02-10 06:00:00+00:00,0.00121407108386196,0.9080299599372932
2020-02-10 07:00:00+00:00,0.02552584453819771,0.8948571677408117
2020-02-10 08:00:00+00:00,0.08477251343066136,0.8956627765197701
2020-02-10 09:00:00+00:00,0.17136613348711568,0.9038712767810486
2020-02-10 10:00:00+00:00,0.2578990499893769,0.9178714509667305
2020-02-10 11:00:00+00:00,0.29838832063617327,0.9179149973872147
2020-02-10 12:00:00+00:00,0.30309284608613835,0.920179411252395
2020-02-10 13:00:00+00:00,0.2884329377485052,0.933809440863961
2020-02-10 14:00:00+00:00,0.178073876225453,0.9343102246995297
2020-02-10 15:00:00+00:00,0.05454214344249856,0.9218559484410381
2020-02-10 16:00:00+00:00,0.002579901053206665,0.9152368925274342
2020-02-10 17:00:00+00:00,0.0,0.8923967949834524
2020-02-10 18:00:00+00:00,0.0,0.859149102943738
2020-02-10 19:00:00+00:00,0.0,0.8545767287928933
2020-02-10 20:00:00+00:00,0.0,0.8474351158334785
2020-02-10 21:00:00+00:00,0.0,0.8266634732624978
2020-02-10 22:00:00+00:00,0.0,0.8579515763804215
2020-02-10 23:00:00+00:00,0.0,0.8749782267897579
2020-02-11 00:00:00+00:00,0.0,0.9010625326598154
2020-02-11 01:00:00+00:00,0.0,0.9252090228183243
2020-02-11 02:00:00+00:00,0.0,0.9407768681414388
2020-02-11 03:00:00+00:00,0.0,0.9390567845323115
2020-02-11 04:00:00+00:00,0.0,0.9361609475701097
2020-02-11 05:00:00+00:00,0.0,0.9689949486152238
2020-02-11 06:00:00+00:00,0.0013354781922481562,0.9624847587528305
2020-02-11 07:00:00+00:00,0.03684705739521049,0.9490506880334436
2020-02-11 08:00:00+00:00,0.108082678240811,0.9439339836265459
2020-02-11 09:00:00+00:00,0.18496372962636962,0.9436944783138825
2020-02-11 10:00:00+00:00,0.25143412146781197,0.9477007489984323
2020-02-11 11:00:00+00:00,0.27635293046407866,0.9466991813272949
2020-02-11 12:00:00+00:00,0.26603332625125203,0.9469169134297161
2020-02-11 13:00:00+00:00,0.23431571918535832,0.9619404284967775
2020-02-11 14:00:00+00:00,0.1642638176465232,0.9599155199442606
2020-02-11 15:00:00+00:00,0.060764257747291106,0.9529045462462985
2020-02-11 16:00:00+00:00,0.0037636203599720765,0.9498998432328862
2020-02-11 17:00:00+00:00,0.0,0.9424751785403239
2020-02-11 18:00:00+00:00,0.0,0.9375544330256053
2020-02-11 19:00:00+00:00,0.0,0.9294547988155374
2020-02-11 20:00:00+00:00,0.0,0.91704406897753
2020-02-11 21:00:00+00:00,0.0,0.8733016896011148
2020-02-11 22:00:00+00:00,0.0,0.876306392614527
2020-02-11 23:00:00+00:00,0.0,0.8917435986761888
2020-02-12 00:00:00+00:00,0.0,0.8894574116007664
2020-02-12 01:00:00+00:00,0.0,0.8837746037275735
2020-02-12 02:00:00+00:00,0.0,0.8891525866573767
2020-02-12 03:00:00+00:00,0.0,0.8952708587354119
2020-02-12 04:00:00+00:00,0.0,0.8962506531963073
2020-02-12 05:00:00+00:00,0.0,0.9048510712419439
2020-02-12 06:00:00+00:00,0.0017907548486963912,0.9005182024037623
2020-02-12 07:00:00+00:00,0.04686314383707166,0.9079210938860826
2020-02-12 08:00:00+00:00,0.1376756609099463,0.9076162689426929
2020-02-12 09:00:00+00:00,0.22615109114638662,0.8959893746734018
2020-02-12 10:00:00+00:00,0.26487995872158315,0.8975134993903501
2020-02-12 11:00:00+00:00,0.2652138282696452,0.8965119317192126
2020-02-12 12:00:00+00:00,0.2588399550793699,0.8885647099808396
2020-02-12 13:00:00+00:00,0.2042674598597748,0.8722130290890089
2020-02-12 14:00:00+00:00,0.13749355024736698,0.8632860128897405
2020-02-12 15:00:00+00:00,0.05560445564087777,0.8301036404807525
2020-02-12 16:00:00+00:00,0.004127841685130664,0.835002612785229
2020-02-12 17:00:00+00:00,0.0,0.8197613656157464
2020-02-12 18:00:00+00:00,0.0,0.8123584741334262
2020-02-12 19:00:00+00:00,0.0,0.8085263891308134
2020-02-12 20:00:00+00:00,0.0,0.792414213551646
2020-02-12 21:00:00+00:00,0.0,0.7510886605121059
2020-02-12 22:00:00+00:00,0.0,0.7329080299599373
2020-02-12 23:00:00+00:00,0.0,0.7048205887476049
2020-02-13 00:00:00+00:00,0.0,0.6744469604598502
2020-02-13 01:00:00+00:00,0.0,0.6396315972827034
2020-02-13 02:00:00+00:00,0.0,0.5954537537014457
2020-02-13 03:00:00+00:00,0.0,0.536687859257969
2020-02-13 04:00:00+00:00,0.0,0.4908334784880683
2020-02-13 05:00:00+00:00,0.0,0.46792806131336
2020-02-13 06:00:00+00:00,0.003126233040944547,0.4796855948441038
2020-02-13 07:00:00+00:00,0.05918596533827056,0.488939209197004
2020-02-13 08:00:00+00:00,0.15257838346435185,0.5117139871102595
2020-02-13 09:00:00+00:00,0.2092755030807054,0.5430456366486675
2020-02-13 10:00:00+00:00,0.2534676905332807,0.5733103988852116
2020-02-13 11:00:00+00:00,0.23055209882538621,0.6222565755094931
2020-02-13 12:00:00+00:00,0.182110662579294,0.6604250130639261
2020-02-13 13:00:00+00:00,0.1067168482714663,0.6783443650931893
2020-02-13 14:00:00+00:00,0.057152396272801775,0.6721825465946699
2020-02-13 15:00:00+00:00,0.021033781527908458,0.6354293677059746
2020-02-13 16:00:00+00:00,0.0020032172883722344,0.5868097892353249
2020-02-13 17:00:00+00:00,0.0,0.5283269465249957
2020-02-13 18:00:00+00:00,0.0,0.4683635255182024
2020-02-13 19:00:00+00:00,0.0,0.3946176624281484
2020-02-13 20:00:00+00:00,0.0,0.331497125936248
2020-02-13 21:00:00+00:00,0.0,0.2975962375892702
2020-02-13 22:00:00+00:00,0.0,0.2826162689426929
2020-02-13 23:00:00+00:00,0.0,0.27146838529872847
2020-02-14 00:00:00+00:00,0.0,0.27375457237415085
2020-02-14 01:00:00+00:00,0.0,0.2837049294547988
2020-02-14 02:00:00+00:00,0.0,0.2805478139696917
2020-02-14 03:00:00+00:00,0.0,0.28355251698310396
2020-02-14 04:00:00+00:00,0.0,0.27941560703710155
2020-02-14 05:00:00+00:00,0.0,0.27654154328514197
2020-02-14 06:00:00+00:00,0.0010926639754757642,0.25304824943389653
2020-02-14 07:00:00+00:00,0.02919840956688014,0.2234149102943738
2020-02-14 08:00:00+00:00,0.08556165963517164,0.20334001045114092
2020-02-14 09:00:00+00:00,0.1318784714845054,0.19391221041630377
2020-02-14 10:00:00+00:00,0.16198743436428203,0.19315014805782965
2020-02-14 11:00:00+00:00,0.17594925182869456,0.1945436335133252
2020-02-14 12:00:00+00:00,0.17467447719063953,0.19073332172095453
2020-02-14 13:00:00+00:00,0.1431996843415182,0.18315624455669743
2020-02-14 14:00:00+00:00,0.09776307402798434,0.17420745514718688
2020-02-14 15:00:00+00:00,0.039851883327768844,0.17525256923880855
2020-02-14 16:00:00+00:00,0.0032172883722341944,0.18444086396098242
2020-02-14 17:00:00+00:00,0.0,0.21470562619752656
2020-02-14 18:00:00+00:00,0.0,0.2515676711374325
2020-02-14 19:00:00+00:00,0.0,0.28799425187249605
2020-02-14 20:00:00+00:00,0.0,0.3266199268420136
2020-02-14 21:00:00+00:00,0.0,0.3594974743076119
2020-02-14 22:00:00+00:00,0.0,0.39537972478662253
2020-02-14 23:00:00+00:00,0.0,0.42137693781571156
2020-02-15 00:00:00+00:00,0.0,0.4409510538233757
2020-02-15 01:00:00+00:00,0.0,0.45821720954537537
2020-02-15 02:00:00+00:00,0.0,0.48255965859606337
2020-02-15 03:00:00+00:00,0.0,0.5107777390698485
2020-02-15 04:00:00+00:00,0.0,0.5268245950182895
2020-02-15 05:00:00+00:00,0.0,0.5520815188991465
2020-02-15 06:00:00+00:00,0.004127841685130664,0.5636866399581955
2020-02-15 07:00:00+00:00,0.0743922056636416,0.5627939383382686
2020-02-15 08:00:00+00:00,0.1948584089598446,0.5523210242118097
2020-02-15 09:00:00+00:00,0.3295595957143291,0.5403893049991291
2020-02-15 10:00:00+00:00,0.4481136370534495,0.5219691691342971
2020-02-15 11:00:00+00:00,0.5075120648313959,0.5321808047378506
2020-02-15 12:00:00+00:00,0.49270039760828,0.549599372931545
2020-02-15 13:00:00+00:00,0.4300543296810028,0.5555434593276433
2020-02-15 14:00:00+00:00,0.2950496251555529,0.5572853161470127
2020-02-15 15:00:00+00:00,0.11958600176040307,0.5656026824595018
2020-02-15 16:00:00+00:00,0.010896287977661092,0.6430282180804737
2020-02-15 17:00:00+00:00,0.0,0.7356950008709284
2020-02-15 18:00:00+00:00,0.0,0.8065450269987807
2020-02-15 19:00:00+00:00,0.0,0.8399886779306741
2020-02-15 20:00:00+00:00,0.0,0.8656375195958892
2020-02-15 21:00:00+00:00,0.0,0.8550339662079777
2020-02-15 22:00:00+00:00,0.0,0.8577556174882425
2020-02-15 23:00:00+00:00,0.0,0.7644356383905243
2020-02-16 00:00:00+00:00,0.0,0.7434898101376066
2020-02-16 01:00:00+00:00,0.0,0.7665258665737676
2020-02-16 02:00:00+00:00,0.0,0.7797422051907333
2020-02-16 03:00:00+00:00,0.0,0.7720344887650235
2020-02-16 04:00:00+00:00,0.0,0.7592318411426581
2020-02-16 05:00:00+00:00,0.0,0.7811356906462289
2020-02-16 06:00:00+00:00,0.0036725650286824293,0.80530395401498
2020-02-16 07:00:00+00:00,0.03988223510486539,0.8426232363699704
2020-02-16 08:00:00+00:00,0.08352809056970285,0.8677059745688904
2020-02-16 09:00:00+00:00,0.1292075151000091,0.8677495209893746
2020-02-16 10:00:00+00:00,0.18365860321121802,0.8778958369622016
2020-02-16 11:00:00+00:00,0.2162867635900082,0.8594539278871277
2020-02-16 12:00:00+00:00,0.23416396029987555,0.8351332520466818
2020-02-16 13:00:00+00:00,0.21361580720551188,0.8263151018986239
2020-02-16 14:00:00+00:00,0.15764713023947552,0.8313882598850374
2020-02-16 15:00:00+00:00,0.066895316720794,0.856928235499042
2020-02-16 16:00:00+00:00,0.006829149846723526,0.8890437206061662
2020-02-16 17:00:00+00:00,0.0,0.9327425535620971
2020-02-16 18:00:00+00:00,0.0,0.9302821808047378
2020-02-16 19:00:00+00:00,0.0,0.9154546246298554
2020-02-16 20:00:00+00:00,0.0,0.914823201532834
2020-02-16 21:00:00+00:00,0.0,0.9370318759797944
2020-02-16 22:00:00+00:00,0.0,0.8754136909946002
2020-02-16 23:00:00+00:00,0.0,0.840903152760843
2020-02-17 00:00:00+00:00,0.0,0.8137301863786797
2020-02-17 01:00:00+00:00,0.0,0.790367531788887
2020-02-17 02:00:00+00:00,0.0,0.7888216338616966
2020-02-17 03:00:00+00:00,0.0,0.7726441386518028
2020-02-17 04:00:00+00:00,0.0,0.8258578644835395
2020-02-17 05:00:00+00:00,0.0,0.8474351158334785
2020-02-17 06:00:00+00:00,0.0029744741554618022,0.7857733844278
2020-02-17 07:00:00+00:00,0.038455701581327585,0.7299686465772514
2020-02-17 08:00:00+00:00,0.11287825902206575,0.7085655809092493
2020-02-17 09:00:00+00:00,0.19218745257534828,0.7100679324159553
2020-02-17 10:00:00+00:00,0.2497951255045983,0.7212811356906462
2020-02-17 11:00:00+00:00,0.2571402555619631,0.7320806479707368
2020-02-17 12:00:00+00:00,0.22026284638965613,0.7485194217035359
2020-02-17 13:00:00+00:00,0.15804170334173065,0.7503919177843581
2020-02-17 14:00:00+00:00,0.09651865116702583,0.734323288625675
2020-02-17 15:00:00+00:00,0.04722736516223025,0.7198223306044244
2020-02-17 16:00:00+00:00,0.005736485871247762,0.745209893746734
2020-02-17 17:00:00+00:00,0.0,0.7639566277651977
2020-02-17 18:00:00+00:00,0.0,0.7877112001393485
2020-02-17 19:00:00+00:00,0.0,0.8097674621146141
2020-02-17 20:00:00+00:00,0.0,0.8233539453056958
2020-02-17 21:00:00+00:00,0.0,0.8141438773732799
2020-02-17 22:00:00+00:00,0.0,0.8168219822330605
2020-02-17 23:00:00+00:00,0.0,0.8135995471172269
2020-02-18 00:00:00+00:00,0.0,0.8334567148580386
2020-02-18 01:00:00+00:00,0.0,0.8398144922487372
2020-02-18 02:00:00+00:00,0.0,0.8400975439818846
2020-02-18 03:00:00+00:00,0.0,0.8465859606340359
2020-02-18 04:00:00+00:00,0.0,0.8366138303431457
2020-02-18 05:00:00+00:00,0.0,0.8528348719735238
2020-02-18 06:00:00+00:00,0.005706134094151213,0.8704711722696394
2020-02-18 07:00:00+00:00,0.0743922056636416,0.8729968646577251
2020-02-18 08:00:00+00:00,0.17816493155674265,0.8776127852290542
2020-02-18 09:00:00+00:00,0.27592800558472697,0.8870623584741334
2020-02-18 10:00:00+00:00,0.3609736850092573,0.8782224351158334
2020-02-18 11:00:00+00:00,0.34470513248550705,0.8680761191430064
2020-02-18 12:00:00+00:00,0.3203023036998816,0.8569500087092841
2020-02-18 13:00:00+00:00,0.26982729838832065,0.8291673924403414
2020-02-18 14:00:00+00:00,0.17746684068352203,0.7940907507402891
2020-02-18 15:00:00+00:00,0.07949130421586184,0.7662645880508622
2020-02-18 16:00:00+00:00,0.008316386924454426,0.7661992684201359
2020-02-18 17:00:00+00:00,0.0,0.7751916042501307
2020-02-18 18:00:00+00:00,0.0,0.8031266329907681
2020-02-18 19:00:00+00:00,0.0,0.8292980317017941
2020-02-18 20:00:00+00:00,0.0,0.8456932590141091
2020-02-18 21:00:00+00:00,0.0,0.8349155199442606
2020-02-18 22:00:00+00:00,0.0,0.8333696220170702
2020-02-18 23:00:00+00:00,0.0,0.8228749346803692
2020-02-19 00:00:00+00:00,0.0,0.80458543807699
2020-02-19 01:00:00+00:00,0.0,0.7963333913952273
2020-02-19 02:00:00+00:00,0.0,0.7818324333739767
2020-02-19 03:00:00+00:00,0.0,0.7749738721477094
2020-02-19 04:00:00+00:00,0.0,0.758295593102247
2020-02-19 05:00:00+00:00,0.0,0.7671137432503048
2020-02-19 06:00:00+00:00,0.0029137706012687045,0.7776084305870057
2020-02-19 07:00:00+00:00,0.03681670561811394,0.7495427625849155
2020-02-19 08:00:00+00:00,0.10911463866209367,0.7267897578819021
2020-02-19 09:00:00+00:00,0.17294442589613623,0.737284445218603
2020-02-19 10:00:00+00:00,0.22988435972926216,0.7614527085873541
2020-02-19 11:00:00+00:00,0.2963243997936079,0.7901062532659815
2020-02-19 12:00:00+00:00,0.31213767566090994,0.7916086047726877
2020-02-19 13:00:00+00:00,0.28360700519015386,0.8034096847239157
2020-02-19 14:00:00+00:00,0.20411570097429205,0.7777172966382163
2020-02-19 15:00:00+00:00,0.0912374419522263,0.7463203274690821
2020-02-19 16:00:00+00:00,0.010562418429599053,0.7061923009928583
2020-02-19 17:00:00+00:00,0.0,0.6585089705626197
2020-02-19 18:00:00+00:00,0.0,0.6343842536143529
2020-02-19 19:00:00+00:00,0.0,0.6235194217035359
2020-02-19 20:00:00+00:00,0.0,0.6171180978923533
2020-02-19 21:00:00+00:00,0.0,0.5971085176798467
2020-02-19 22:00:00+00:00,0.0,0.5771860303083086
2020-02-19 23:00:00+00:00,0.0,0.557524821459676
2020-02-20 00:00:00+00:00,0.0,0.5506444870231667
2020-02-20 01:00:00+00:00,0.0,0.5323332172095454
2020-02-20 02:00:00+00:00,0.0,0.5158944434767462
2020-02-20 03:00:00+00:00,0.0,0.5148493293851245
2020-02-20 04:00:00+00:00,0.0,0.5276955234279742
2020-02-20 05:00:00+00:00,0.0,0.5474438251175753
2020-02-20 06:00:00+00:00,0.004886636112544389,0.5647753004703013
2020-02-20 07:00:00+00:00,0.04434394633805809,0.5729184811008535
2020-02-20 08:00:00+00:00,0.09970558776216347,0.5837833130116704
2020-02-20 09:00:00+00:00,0.1604698455094546,0.5919482668524647
2020-02-20 10:00:00+00:00,0.21079309193553283,0.6179237066713116
2020-02-20 11:00:00+00:00,0.24059853704434395,0.6467078906113918
2020-02-20 12:00:00+00:00,0.2361064740340547,0.6603379202229577
2020-02-20 13:00:00+00:00,0.19661881203144443,0.664997387214771
2020-02-20 14:00:00+00:00,0.14471727319634564,0.6814579341578122
2020-02-20 15:00:00+00:00,0.07254074726075212,0.7159902456018116
2020-02-20 16:00:00+00:00,0.01095699153185419,0.761430935377112
2020-02-20 17:00:00+00:00,0.0,0.8080473785054868
2020-02-20 18:00:00+00:00,0.0,0.8572112872321895
2020-02-20 19:00:00+00:00,0.0,0.8955103640480753
2020-02-20 20:00:00+00:00,0.0,0.8989723044765721
2020-02-20 21:00:00+00:00,0.0,0.8754572374150844
2020-02-20 22:00:00+00:00,0.0,0.8913081344713465
2020-02-20 23:00:00+00:00,0.0,0.8907420310050513
2020-02-21 00:00:00+00:00,0.0,0.8854293677059746
2020-02-21 01:00:00+00:00,0.0,0.8754790106253266
2020-02-21 02:00:00+00:00,0.0,0.8678583870405853
2020-02-21 03:00:00+00:00,0.0,0.8503527260059223
2020-02-21 04:00:00+00:00,0.0,0.8163211983974917
2020-02-21 05:00:00+00:00,0.0,0.8037798292980317
2020-02-21 06:00:00+00:00,0.010744529092178347,0.7684201358648319
2020-02-21 07:00:00+00:00,0.10352991167632865,0.737284445218603
2020-02-21 08:00:00+00:00,0.23853461620177863,0.745035708064797
2020-02-21 09:00:00+00:00,0.3696846450359669,0.7526127852290542
2020-02-21 10:00:00+00:00,0.4620451027407655,0.7515676711374325
2020-02-21 11:00:00+00:00,0.48505174977994964,0.7640437206061662
2020-02-21 12:00:00+00:00,0.45409293714146964,0.7710764675143703
2020-02-21 13:00:00+00:00,0.37581570400946973,0.7546812402020554
2020-02-21 14:00:00+00:00,0.25043251282362583,0.7302516983103988
2020-02-21 15:00:00+00:00,0.10920569399338331,0.6934985194217035
2020-02-21 16:00:00+00:00,0.012717394603454031,0.6548946176624282
2020-02-21 17:00:00+00:00,0.0,0.6745775997213029
2020-02-21 18:00:00+00:00,0.0,0.7241334262323637
2020-02-21 19:00:00+00:00,0.0,0.7746037275735934
2020-02-21 20:00:00+00:00,0.0,0.8005791673924403
2020-02-21 21:00:00+00:00,0.0,0.7955060094060268
2020-02-21 22:00:00+00:00,0.0,0.8074812750391918
2020-02-21 23:00:00+00:00,0.0,0.8133382685943216
2020-02-22 00:00:00+00:00,0.0,0.8206976136561575
2020-02-22 01:00:00+00:00,0.0,0.8379202229576729
2020-02-22 02:00:00+00:00,0.0,0.8587354119491377
2020-02-22 03:00:00+00:00,0.0,0.8166477965511235
2020-02-22 04:00:00+00:00,0.0,0.8183025605295244
2020-02-22 05:00:00+00:00,0.0,0.8470431980491203
2020-02-22 06:00:00+00:00,0.017846844932770813,0.8529872844452185
2020-02-22 07:00:00+00:00,0.13324430145385013,0.8550121929977356
2020-02-22 08:00:00+00:00,0.25762588399550795,0.834066364744818
2020-02-22 09:00:00+00:00,0.3544177011564027,0.8294286709632468
2020-02-22 10:00:00+00:00,0.3991865723738125,0.8429716077338443
2020-02-22 11:00:00+00:00,0.40082556833702615,0.8570371015502526
2020-02-22 12:00:00+00:00,0.3506540807964306,0.8706671311618185
2020-02-22 13:00:00+00:00,0.26518347649254864,0.8806174882424664
2020-02-22 14:00:00+00:00,0.15637235560142046,0.9267549207455147
2020-02-22 15:00:00+00:00,0.053206665250250404,0.9959284096847238
2020-02-22 16:00:00+00:00,0.0059793000880201536,0.9983016896011149
2020-02-22 17:00:00+00:00,0.0,0.9999999999999999
2020-02-22 18:00:00+00:00,0.0,0.9957542240027869
2020-02-22 19:00:00+00:00,0.0,0.9987589270161993
2020-02-22 20:00:00+00:00,0.0,0.9775518202403762
2020-02-22 21:00:00+00:00,0.0,0.9327643267723393
2020-02-22 22:00:00+00:00,0.0,0.9372931545026999
2020-02-22 23:00:00+00:00,0.0,0.831126981362132
2020-02-23 00:00:00+00:00,0.0,0.8221564187423793
2020-02-23 01:00:00+00:00,0.0,0.8146011147883644
2020-02-23 02:00:00+00:00,0.0,0.7979663821633861
2020-02-23 03:00:00+00:00,0.0,0.7647186901236718
2020-02-23 04:00:00+00:00,0.0,0.7612785229054172
2020-02-23 05:00:00+00:00,0.0,0.7525039191778435
2020-02-23 06:00:00+00:00,0.002610252830303214,0.7025561748824246
2020-02-23 07:00:00+00:00,0.0213069475217774,0.6986587702490855
2020-02-23 08:00:00+00:00,0.052903147479284915,0.6490811705277826
2020-02-23 09:00:00+00:00,0.07672929250007587,0.6125892701619927
2020-02-23 10:00:00+00:00,0.08456005099098553,0.6005486848981013
2020-02-23 11:00:00+00:00,0.091055331289647,0.604358996690472
2020-02-23 12:00:00+00:00,0.09008407442255745,0.65008273819892
2020-02-23 13:00:00+00:00,0.08389231189486145,0.7347805260407594
2020-02-23 14:00:00+00:00,0.0636780283485598,0.8095279568019509
2020-02-23 15:00:00+00:00,0.037089871611982884,0.8691647796551123
2020-02-23 16:00:00+00:00,0.004886636112544389,0.9069412994251872
2020-02-23 17:00:00+00:00,0.0,0.9483539453056958
2020-02-23 18:00:00+00:00,0.0,0.9720649712593624
2020-02-23 19:00:00+00:00,0.0,0.9696916913429716
2020-02-23 20:00:00+00:00,0.0,0.9601985716774081
2020-02-23 21:00:00+00:00,0.0,0.9037406375195959
2020-02-23 22:00:00+00:00,0.0,0.860825640132381
2020-02-23 23:00:00+00:00,0.0,0.8117270510364047
2020-02-24 00:00:00+00:00,0.0,0.7613873889566277
2020-02-24 01:00:00+00:00,0.0,0.7063882598850374
2020-02-24 02:00:00+00:00,0.0,0.6540890088834698
2020-02-24 03:00:00+00:00,0.0,0.5772078035185507
2020-02-24 04:00:00+00:00,0.0,0.49420832607559656
2020-02-24 05:00:00+00:00,3.0351777096549003e-05,0.41578122278348717
2020-02-24 06:00:00+00:00,0.006464928521564938,0.35627503919177844
2020-02-24 07:00:00+00:00,0.05393510790056758,0.29938164082912383
2020-02-24 08:00:00+00:00,0.11363705344947947,0.2691604250130639
2020-02-24 09:00:00+00:00,0.171882113697757,0.2660033095279568
2020-02-24 10:00:00+00:00,0.2042674598597748,0.30467253091795854
2020-02-24 11:00:00+00:00,0.20869881931587095,0.36132642396794984
2020-02-24 12:00:00+00:00,0.19440313230339637,0.43859954711722693
2020-02-24 13:00:00+00:00,0.1687255288797159,0.5172226093015154
2020-02-24 14:00:00+00:00,0.12608128205906455,0.5851332520466818
2020-02-24 15:00:00+00:00,0.06382978723404255,0.6339705626197526
2020-02-24 16:00:00+00:00,0.011078398640240386,0.6860085350984149
2020-02-24 17:00:00+00:00,0.0,0.7594931196655634
2020-02-24 18:00:00+00:00,0.0,0.8159292806131336
2020-02-24 19:00:00+00:00,0.0,0.8354816234105557
2020-02-24 20:00:00+00:00,0.0,0.8694478313882599
2020-02-24 21:00:00+00:00,0.0,0.8826641700052256
2020-02-24 22:00:00+00:00,0.0,0.8980360564361609
2020-02-24 23:00:00+00:00,0.0,0.9037841839400801
2020-02-25 00:00:00+00:00,0.0,0.9001045114091621
2020-02-25 01:00:00+00:00,0.0,0.9004093363525518
2020-02-25 02:00:00+00:00,0.0,0.8825335307437728
2020-02-25 03:00:00+00:00,0.0,0.8760451140916217
2020-02-25 04:00:00+00:00,0.0,0.8583217209545375
2020-02-25 05:00:00+00:00,3.0351777096549003e-05,0.8416652151193171
2020-02-25 06:00:00+00:00,0.008589552918323367,0.8133382685943216
2020-02-25 07:00:00+00:00,0.06413330500500804,0.7706410033095279
2020-02-25 08:00:00+00:00,0.1551582845175585,0.7728836439644661
2020-02-25 09:00:00+00:00,0.23115913436731722,0.8019073332172095
2020-02-25 10:00:00+00:00,0.26560840137190034,0.8431457934157812
2020-02-25 11:00:00+00:00,0.294837162715877,0.848284271032921
2020-02-25 12:00:00+00:00,0.2982365617506905,0.8304084654241422
2020-02-25 13:00:00+00:00,0.26278568610192127,0.8210895314405156
2020-02-25 14:00:00+00:00,0.1931890612195344,0.7947657202577948
2020-02-25 15:00:00+00:00,0.09752025981121194,0.7537449921616443
2020-02-25 16:00:00+00:00,0.014720611891826267,0.7140959763107473
2020-02-25 17:00:00+00:00,0.0,0.6566582476920397
2020-02-25 18:00:00+00:00,0.0,0.6187728618707542
2020-02-25 19:00:00+00:00,0.0,0.5915128026476224
2020-02-25 20:00:00+00:00,0.0,0.5678888695349242
2020-02-25 21:00:00+00:00,0.0,0.5214466120884863
2020-02-25 22:00:00+00:00,0.0,0.4904851071241944
2020-02-25 23:00:00+00:00,0.0,0.46400888346977875
2020-02-26 00:00:00+00:00,0.0,0.43158857341926493
2020-02-26 01:00:00+00:00,0.0,0.41103466295070545
2020-02-26 02:00:00+00:00,0.0,0.3951402194739592
2020-02-26 03:00:00+00:00,0.0,0.38590837833130115
2020-02-26 04:00:00+00:00,0.0,0.3958587354119491
2020-02-26 05:00:00+00:00,3.0351777096549003e-05,0.3929193520292632
2020-02-26 06:00:00+00:00,0.010896287977661092,0.3942475178540324
2020-02-26 07:00:00+00:00,0.08097854129359273,0.38340445915345756
2020-02-26 08:00:00+00:00,0.17391568276322578,0.3791151367357603
2020-02-26 09:00:00+00:00,0.24102346192369564,0.4003875631423097
2020-02-26 10:00:00+00:00,0.2689470968525207,0.4272992510015677
2020-02-26 11:00:00+00:00,0.27277142076668587,0.4379463508099634
2020-02-26 12:00:00+00:00,0.2449084893920539,0.448375718515938
2020-02-26 13:00:00+00:00,0.2022945943484991,0.44915955408465424
2020-02-26 14:00:00+00:00,0.15315506722918626,0.4330038320850026
2020-02-26 15:00:00+00:00,0.07642577472911039,0.4111870754224003
2020-02-26 16:00:00+00:00,0.013779706801833247,0.3949660337920223
2020-02-26 17:00:00+00:00,0.0,0.4072243511583348
2020-02-26 18:00:00+00:00,0.0,0.4316756662602334
2020-02-26 19:00:00+00:00,0.0,0.4244251872496081
2020-02-26 20:00:00+00:00,0.0,0.40718080473785057
2020-02-26 21:00:00+00:00,0.0,0.3863220693259014
2020-02-26 22:00:00+00:00,0.0,0.3857124194391221
2020-02-26 23:00:00+00:00,0.0,0.3888477617139871
2020-02-27 00:00:00+00:00,0.0,0.39152586657376764
2020-02-27 01:00:00+00:00,0.0,0.39439993032572723
2020-02-27 02:00:00+00:00,0.0,0.3914605469430413
2020-02-27 03:00:00+00:00,0.0,0.39466120884863265
2020-02-27 04:00:00+00:00,0.0,0.3788103117923707
2020-02-27 05:00:00+00:00,0.0,0.3527477791325553
2020-02-27 06:00:00+00:00,0.009803624002185329,0.32196045985020033
2020-02-27 07:00:00+00:00,0.07205511882720733,0.30937554433025605
2020-02-27 08:00:00+00:00,0.17048593195131576,0.2915650583522034
2020-02-27 09:00:00+00:00,0.26412116429416943,0.27157725134993904
2020-02-27 10:00:00+00:00,0.29486751449297355,0.276171398711026
2020-02-27 11:00:00+00:00,0.2577776428809907,0.27399407768681416
2020-02-27 12:00:00+00:00,0.20548153094363675,0.23815537362828776
2020-02-27 13:00:00+00:00,0.14113576349895288,0.1972870580038321
2020-02-27 14:00:00+00:00,0.0776094940358758,0.16044678627416825
2020-02-27 15:00:00+00:00,0.029077002458493945,0.1353640480752482
2020-02-27 16:00:00+00:00,0.0035511579202962334,0.12445566974394703
2020-02-27 17:00:00+00:00,0.0,0.15341403936596412
2020-02-27 18:00:00+00:00,0.0,0.1965903152760843
2020-02-27 19:00:00+00:00,0.0,0.2373715380595715
2020-02-27 20:00:00+00:00,0.0,0.2994905068803344
2020-02-27 21:00:00+00:00,0.0,0.33731057307089357
2020-02-27 22:00:00+00:00,0.0,0.3834480055739418
2020-02-27 23:00:00+00:00,0.0,0.42187772165128024
2020-02-28 00:00:00+00:00,0.0,0.4723262497822679
2020-02-28 01:00:00+00:00,0.0,0.5183765894443476
2020-02-28 02:00:00+00:00,0.0,0.5431109562793939
2020-02-28 03:00:00+00:00,0.0,0.5676275910120188
2020-02-28 04:00:00+00:00,0.0,0.5886605121059049
2020-02-28 05:00:00+00:00,3.0351777096549003e-05,0.5981100853509841
2020-02-28 06:00:00+00:00,0.009651865116702582,0.5817366312489113
2020-02-28 07:00:00+00:00,0.0748171305429933,0.5703492422922836
2020-02-28 08:00:00+00:00,0.17588854827450148,0.5588747604946873
2020-02-28 09:00:00+00:00,0.27835614775245093,0.5569369447831388
2020-02-28 10:00:00+00:00,0.35809026618508516,0.5606819369447831
2020-02-28 11:00:00+00:00,0.3836464625003794,0.6007446437902805
2020-02-28 12:00:00+00:00,0.38923118948614444,0.5951924751785403
2020-02-28 13:00:00+00:00,0.36752966886211186,0.5633382685943216
2020-02-28 14:00:00+00:00,0.2647889033902935,0.5138913081344714
2020-02-28 15:00:00+00:00,0.13530822229641545,0.4711287232189514
2020-02-28 16:00:00+00:00,0.024524235894011596,0.46747082389827554
2020-02-28 17:00:00+00:00,3.0351777096549003e-05,0.52950269987807
2020-02-28 18:00:00+00:00,0.0,0.6206235847413343
2020-02-28 19:00:00+00:00,0.0,0.6850287406375196
2020-02-28 20:00:00+00:00,0.0,0.7207368054345933
2020-02-28 21:00:00+00:00,0.0,0.7220867444696046
2020-02-28 22:00:00+00:00,0.0,0.7245906636474482
2020-02-28 23:00:00+00:00,0.0,0.7201924751785403
2020-02-29 00:00:00+00:00,0.0,0.7316016373454102
2020-02-29 01:00:00+00:00,0.0,0.7502612785229054
2020-02-29 02:00:00+00:00,0.0,0.7600592231318586
2020-02-29 03:00:00+00:00,0.0,0.7576859432154677
2020-02-29 04:00:00+00:00,0.0,0.7484976484932938
2020-02-29 05:00:00+00:00,0.0,0.7442736457063229
2020-02-29 06:00:00+00:00,0.009014477797675054,0.7316016373454102
2020-02-29 07:00:00+00:00,0.06173551461438067,0.7301863786796725
2020-02-29 08:00:00+00:00,0.16447628008619905,0.7259406026824595
2020-02-29 09:00:00+00:00,0.29307675964427715,0.7076293328688381
2020-02-29 10:00:00+00:00,0.388047470179379,0.7018158857341926
2020-02-29 11:00:00+00:00,0.41515160712659727,0.6968733670092319
2020-02-29 12:00:00+00:00,0.37976143503202114,0.7054302386343843
2020-02-29 13:00:00+00:00,0.2719822745621756,0.7246995296986588
2020-02-29 14:00:00+00:00,0.15965034752784776,0.7785011322069326
2020-02-29 15:00:00+00:00,0.07858075090296537,0.8408378331301167
2020-02-29 16:00:00+00:00,0.015054481439888306,0.8933548162341055
2020-02-29 17:00:00+00:00,6.0703554193098006e-05,0.9144530569587179
2020-02-29 18:00:00+00:00,0.0,0.9074420832607559
2020-02-29 19:00:00+00:00,0.0,0.8873889566277652
2020-02-29 20:00:00+00:00,0.0,0.8440167218254659
2020-02-29 21:00:00+00:00,0.0,0.8077860999825814
2020-02-29 22:00:00+00:00,0.0,0.8097239156941299
2020-02-29 23:00:00+00:00,0.0,0.7744948615223829
2020-03-01 00:00:00+00:00,0.0,0.7750174185681937
2020-03-01 01:00:00+00:00,0.0,0.7633905242989026
2020-03-01 02:00:00+00:00,0.0,0.7747561400452883
2020-03-01 03:00:00+00:00,0.0,0.7858822504790106
2020-03-01 04:00:00+00:00,0.0,0.7884297160773385
2020-03-01 05:00:00+00:00,6.0703554193098006e-05,0.7849895488590838
2020-03-01 06:00:00+00:00,0.021215892190487754,0.7926754920745515
2020-03-01 07:00:00+00:00,0.11366740522657602,0.7976397840097543
2020-03-01 08:00:00+00:00,0.24536376604850213,0.7940472043198049
2020-03-01 09:00:00+00:00,0.36082192612377456,0.8005573941821982
2020-03-01 10:00:00+00:00,0.44419825780799466,0.808439296289845
2020-03-01 11:00:00+00:00,0.4609827905423863,0.7853814666434419
2020-03-01 12:00:00+00:00,0.44556408777733936,0.7300992858387041
2020-03-01 13:00:00+00:00,0.40932406592405984,0.6737502177321024
2020-03-01 14:00:00+00:00,0.31362491273864085,0.6353858212854904
2020-03-01 15:00:00+00:00,0.16453698364039215,0.5235150670614875
2020-03-01 16:00:00+00:00,0.030624943090417946,0.436030308308657
2020-03-01 17:00:00+00:00,6.0703554193098006e-05,0.4427146838529873
2020-03-01 18:00:00+00:00,0.0,0.46176624281484063
2020-03-01 19:00:00+00:00,0.0,0.4858256401323811
2020-03-01 20:00:00+00:00,0.0,0.49076815885734193
2020-03-01 21:00:00+00:00,0.0,0.4939688207629333
2020-03-01 22:00:00+00:00,0.0,0.5076206235847414
2020-03-01 23:00:00+00:00,0.0,0.49516634732624976
2020-03-02 00:00:00+00:00,0.0,0.4819717819195262
2020-03-02 01:00:00+00:00,0.0,0.4539278871276781
2020-03-02 02:00:00+00:00,0.0,0.43211113046507577
2020-03-02 03:00:00+00:00,0.0,0.4282137258317366
2020-03-02 04:00:00+00:00,0.0,0.4197657202577948
2020-03-02 05:00:00+00:00,6.0703554193098006e-05,0.4021511931719213
2020-03-02 06:00:00+00:00,0.03787901781649316,0.37552255704581083
2020-03-02 07:00:00+00:00,0.17136613348711568,0.3180412820066191
2020-03-02 08:00:00+00:00,0.31808662397183357,0.26944347674621144
2020-03-02 09:00:00+00:00,0.4327859896196922,0.2259188294722174
2020-03-02 10:00:00+00:00,0.48453576956930827,0.1862262672008361
2020-03-02 11:00:00+00:00,0.4739429993626127,0.15088834697787842
2020-03-02 12:00:00+00:00,0.41597110510820406,0.12465162863612611
2020-03-02 13:00:00+00:00,0.3163869244544268,0.11890350113220693
2020-03-02 14:00:00+00:00,0.2024160014568853,0.12417261801079951
2020-03-02 15:00:00+00:00,0.09287643791543995,0.12685072287058002
2020-03-02 16:00:00+00:00,0.013627947916350502,0.1290933635255182
2020-03-02 17:00:00+00:00,3.0351777096549003e-05,0.1489505312663299
2020-03-02 18:00:00+00:00,0.0,0.1636256749695175
2020-03-02 19:00:00+00:00,0.0,0.1613612611043372
2020-03-02 20:00:00+00:00,0.0,0.16599895488590838
2020-03-02 21:00:00+00:00,0.0,0.17185594844103813
2020-03-02 22:00:00+00:00,0.0,0.1922356732276607
2020-03-02 23:00:00+00:00,0.0,0.2224351158334785
2020-03-03 00:00:00+00:00,0.0,0.24538407942867096
2020-03-03 01:00:00+00:00,0.0,0.2613220693259014
2020-03-03 02:00:00+00:00,0.0,0.26935638390524297
2020-03-03 03:00:00+00:00,0.0,0.2726223654415607
2020-03-03 04:00:00+00:00,0.0,0.2835960634035882
2020-03-03 05:00:00+00:00,6.0703554193098006e-05,0.2771511931719213
2020-03-03 06:00:00+00:00,0.012717394603454031,0.27194739592405504
2020-03-03 07:00:00+00:00,0.07873250978844812,0.2587746037275736
2020-03-03 08:00:00+00:00,0.18229277324187332,0.24708238982755615
2020-03-03 09:00:00+00:00,0.2721643852247549,0.26269378157115486
2020-03-03 10:00:00+00:00,0.3087382766260965,0.29805347500435464
2020-03-03 11:00:00+00:00,0.3237927580659848,0.3189122104163038
2020-03-03 12:00:00+00:00,0.3142015965034753,0.3173880856993555
2020-03-03 13:00:00+00:00,0.2751388593802167,0.28226789757881904
2020-03-03 14:00:00+00:00,0.2103378152790846,0.23693607385472915
2020-03-03 15:00:00+00:00,0.11913072510395484,0.19336788016025083
2020-03-03 16:00:00+00:00,0.029714389777521475,0.16020728096150497
2020-03-03 17:00:00+00:00,0.00021246243967584303,0.16007664170005226
2020-03-03 18:00:00+00:00,0.0,0.18163211983974917
2020-03-03 19:00:00+00:00,0.0,0.21385647099808394
2020-03-03 20:00:00+00:00,0.0,0.2314709980839575
2020-03-03 21:00:00+00:00,0.0,0.2631292457759972
2020-03-03 22:00:00+00:00,0.0,0.28544678627416825
2020-03-03 23:00:00+00:00,0.0,0.2950923184114266
2020-03-04 00:00:00+00:00,0.0,0.29496167914997384
2020-03-04 01:00:00+00:00,0.0,0.2887780874412123
2020-03-04 02:00:00+00:00,0.0,0.29038930499912907
2020-03-04 03:00:00+00:00,0.0,0.2730796028566452
2020-03-04 04:00:00+00:00,0.0,0.2609736979620275
2020-03-04 05:00:00+00:00,0.00024281421677239203,0.25045723741508447
2020-03-04 06:00:00+00:00,0.03226393905363159,0.23419264936422227
2020-03-04 07:00:00+00:00,0.1330925425683674,0.2123758927016199
2020-03-04 08:00:00+00:00,0.25868819619388717,0.1923880856993555
2020-03-04 09:00:00+00:00,0.3495007132667618,0.18280787319282354
2020-03-04 10:00:00+00:00,0.40331441405894314,0.19402107646751438
2020-03-04 11:00:00+00:00,0.39681913376028166,0.20943650931893398
2020-03-04 12:00:00+00:00,0.3511397092299754,0.22162950705452011
2020-03-04 13:00:00+00:00,0.2968100282271527,0.22345845671485803
2020-03-04 14:00:00+00:00,0.2144353051871187,0.19700400627068454
2020-03-04 15:00:00+00:00,0.1200412784168513,0.153762410729838
2020-03-04 16:00:00+00:00,0.028985947127204297,0.1183809440863961
2020-03-04 17:00:00+00:00,0.00030351777096549,0.1049251001567671
2020-03-04 18:00:00+00:00,0.0,0.11565929280613134
2020-03-04 19:00:00+00:00,0.0,0.12941996167914996
2020-03-04 20:00:00+00:00,0.0,0.1484715206410033
2020-03-04 21:00:00+00:00,0.0,0.1642135516460547
2020-03-04 22:00:00+00:00,0.0,0.1749259710851768
2020-03-04 23:00:00+00:00,0.0,0.1672400278697091
2020-03-05 00:00:00+00:00,0.0,0.16105643616094756
2020-03-05 01:00:00+00:00,0.0,0.14699094234453927
2020-03-05 02:00:00+00:00,0.0,0.1358430587005748
2020-03-05 03:00:00+00:00,0.0,0.12567496951750565
2020-03-05 04:00:00+00:00,0.0,0.12504354642048424
2020-03-05 05:00:00+00:00,0.00033386954806203904,0.1346019857167741
2020-03-05 06:00:00+00:00,0.030837405530093787,0.14598937467340184
2020-03-05 07:00:00+00:00,0.13324430145385013,0.1504964291935203
2020-03-05 08:00:00+00:00,0.25328557987070144,0.12811356906462287
2020-03-05 09:00:00+00:00,0.3627340880808571,0.12147273994077687
2020-03-05 10:00:00+00:00,0.39648526421221963,0.1390654938164083
2020-03-05 11:00:00+00:00,0.38440525692779315,0.1754049817105034
2020-03-05 12:00:00+00:00,0.32224481743406075,0.21808047378505485
2020-03-05 13:00:00+00:00,0.23844356087048896,0.2797204319804912
2020-03-05 14:00:00+00:00,0.14875405955018667,0.33737589270161994
2020-03-05 15:00:00+00:00,0.06583300452241479,0.40502525692388086
2020-03-05 16:00:00+00:00,0.010532066652502505,0.4454798815537363
2020-03-05 17:00:00+00:00,6.0703554193098006e-05,0.5112567496951751
2020-03-05 18:00:00+00:00,0.0,0.5695436335133252
2020-03-05 19:00:00+00:00,0.0,0.5963464553213725
2020-03-05 20:00:00+00:00,0.0,0.6149843232886256
2020-03-05 21:00:00+00:00,0.0,0.610063577773907
2020-03-05 22:00:00+00:00,0.0,0.5861565929280613
2020-03-05 23:00:00+00:00,0.0,0.5595932764326772
2020-03-06 00:00:00+00:00,0.0,0.5515371886430935
2020-03-06 01:00:00+00:00,0.0,0.5364265807350636
2020-03-06 02:00:00+00:00,0.0,0.5475526911687859
2020-03-06 03:00:00+00:00,0.0,0.5483365267375022
2020-03-06 04:00:00+00:00,0.0,0.5546289844974743
2020-03-06 05:00:00+00:00,0.00021246243967584303,0.5678888695349242
2020-03-06 06:00:00+00:00,0.0182717698121225,0.5626197526563317
2020-03-06 07:00:00+00:00,0.07530275897653807,0.5387127678104859
2020-03-06 08:00:00+00:00,0.14259264879958722,0.5281309876328165
2020-03-06 09:00:00+00:00,0.17097156038486053,0.5168960111478836
2020-03-06 10:00:00+00:00,0.170941208607764,0.5055957150322243
2020-03-06 11:00:00+00:00,0.1597414028591374,0.49388172792196483
2020-03-06 12:00:00+00:00,0.1376149573557532,0.4753744992161644
2020-03-06 13:00:00+00:00,0.11011624730627978,0.4618533356558091
2020-03-06 14:00:00+00:00,0.07308707924849,0.4597195610520815
2020-03-06 15:00:00+00:00,0.03918414423164476,0.4606775823027347
2020-03-06 16:00:00+00:00,0.010107141773150818,0.4623323462811357
2020-03-06 17:00:00+00:00,0.00021246243967584303,0.4640306566800209
2020-03-06 18:00:00+00:00,0.0,0.47180369273645706
2020-03-06 19:00:00+00:00,0.0,0.4574551471869012
2020-03-06 20:00:00+00:00,0.0,0.43309092492597107
2020-03-06 21:00:00+00:00,0.0,0.4090533008186727
2020-03-06 22:00:00+00:00,0.0,0.39699094234453924
2020-03-06 23:00:00+00:00,0.0,0.3837746037275736
2020-03-07 00:00:00+00:00,0.0,0.3901541543285142
2020-03-07 01:00:00+00:00,0.0,0.4033269465249956
2020-03-07 02:00:00+00:00,0.0,0.40439383382685945
2020-03-07 03:00:00+00:00,0.0,0.39947308831214073
2020-03-07 04:00:00+00:00,0.0,0.3913952273123149
2020-03-07 05:00:00+00:00,0.00024281421677239203,0.37323636997038845
2020-03-07 06:00:00+00:00,0.01884845357695693,0.36163124891133946
2020-03-07 07:00:00+00:00,0.08097854129359273,0.34595453753701444
2020-03-07 08:00:00+00:00,0.17179105836646735,0.32069761365615745
2020-03-07 09:00:00+00:00,0.24754909399945366,0.31910816930848285
2020-03-07 10:00:00+00:00,0.29969344705132483,0.32317975962375894
2020-03-07 11:00:00+00:00,0.3353871369168665,0.3404676885560007
2020-03-07 12:00:00+00:00,0.33226090387592194,0.35910555652325377
2020-03-07 13:00:00+00:00,0.2856709260327192,0.3588660512105905
2020-03-07 14:00:00+00:00,0.2117643488026224,0.3389217906288103
2020-03-07 15:00:00+00:00,0.12086077639845813,0.2856427451663473
2020-03-07 16:00:00+00:00,0.03129268218654202,0.24980404110782095
2020-03-07 17:00:00+00:00,0.00030351777096549,0.25139348545549556
2020-03-07 18:00:00+00:00,0.0,0.3030613133600418
2020-03-07 19:00:00+00:00,0.0,0.3752830517331475
2020-03-07 20:00:00+00:00,0.0,0.4273210242118098
2020-03-07 21:00:00+00:00,0.0,0.4593711896882076
2020-03-07 22:00:00+00:00,0.0,0.4840402368925274
2020-03-07 23:00:00+00:00,0.0,0.4973218951402195
2020-03-08 00:00:00+00:00,0.0,0.49949921616443127
2020-03-08 01:00:00+00:00,0.0,0.4972783487197352
2020-03-08 02:00:00+00:00,0.0,0.5127808744121233
2020-03-08 03:00:00+00:00,0.0,0.5356427451663474
2020-03-08 04:00:00+00:00,0.0,0.5577860999825814
2020-03-08 05:00:00+00:00,0.0009409050899930191,0.5772295767287929
2020-03-08 06:00:00+00:00,0.05080887485962303,0.5913386169656855
2020-03-08 07:00:00+00:00,0.17922724375512186,0.5962593624804041
2020-03-08 08:00:00+00:00,0.3084044070780344,0.5920353596934332
2020-03-08 09:00:00+00:00,0.4203417610101071,0.6021816756662602
2020-03-08 10:00:00+00:00,0.48222903450997057,0.6183156244556697
2020-03-08 11:00:00+00:00,0.48377697514189455,0.636605121059049
2020-03-08 12:00:00+00:00,0.4488724314808632,0.6302037972478662
2020-03-08 13:00:00+00:00,0.37551218623850424,0.6277434244905069
2020-03-08 14:00:00+00:00,0.2658815673657693,0.6139827556174883
2020-03-08 15:00:00+00:00,0.1344583725377121,0.5792327120710677
2020-03-08 16:00:00+00:00,0.03159619995750751,0.5505356209719561
2020-03-08 17:00:00+00:00,0.00036422132515858806,0.5225570458108343
2020-03-08 18:00:00+00:00,0.0,0.49712593624804036
2020-03-08 19:00:00+00:00,0.0,0.47663734541020725
2020-03-08 20:00:00+00:00,0.0,0.45016112175579165
2020-03-08 21:00:00+00:00,0.0,0.43067409858909594
2020-03-08 22:00:00+00:00,0.0,0.40565668002090227
2020-03-08 23:00:00+00:00,0.0,0.38022557045810834
2020-03-09 00:00:00+00:00,0.0,0.35098414910294373
2020-03-09 01:00:00+00:00,0.0,0.32949399059397316
2020-03-09 02:00:00+00:00,0.0,0.30118881727921964
2020-03-09 03:00:00+00:00,0.0,0.27207803518550777
2020-03-09 04:00:00+00:00,0.0,0.2568585612262672
2020-03-09 05:00:00+00:00,0.00042492487935168606,0.25213377460372755
2020-03-09 06:00:00+00:00,0.017877196709867364,0.2528522905417175
2020-03-09 07:00:00+00:00,0.07642577472911039,0.22565755094931197
2020-03-09 08:00:00+00:00,0.15564391295110327,0.22382860128897406
2020-03-09 09:00:00+00:00,0.23631893647373053,0.2474525344016722
2020-03-09 10:00:00+00:00,0.3080098339757793,0.26029872844452184
2020-03-09 11:00:00+00:00,0.364221325158588,0.2606035533879115
2020-03-09 12:00:00+00:00,0.3739035420523872,0.26778871276781047
2020-03-09 13:00:00+00:00,0.3526269463077063,0.2664823201532834
2020-03-09 14:00:00+00:00,0.2867028864540019,0.2615833478488068
2020-03-09 15:00:00+00:00,0.1684220111087504,0.23721912558787667
2020-03-09 16:00:00+00:00,0.04750053115609919,0.22032311443999303
2020-03-09 17:00:00+00:00,0.0010623121983792151,0.24240114962550077
2020-03-09 18:00:00+00:00,0.0,0.3010581780177669
2020-03-09 19:00:00+00:00,0.0,0.3554041107820937
2020-03-09 20:00:00+00:00,0.0,0.4188294722173837
2020-03-09 21:00:00+00:00,0.0,0.4741769726528479
2020-03-09 22:00:00+00:00,0.0,0.5398014283225919
2020-03-09 23:00:00+00:00,0.0,0.5912950705452011
2020-03-10 00:00:00+00:00,0.0,0.6241072983800732
2020-03-10 01:00:00+00:00,0.0,0.6616007664170005
2020-03-10 02:00:00+00:00,0.0,0.7056479707368054
2020-03-10 03:00:00+00:00,0.0,0.7477355861348197
2020-03-10 04:00:00+00:00,0.0,0.7943738024734367
2020-03-10 05:00:00+00:00,0.0016086441861170972,0.8442562271381292
2020-03-10 06:00:00+00:00,0.022369259720156614,0.8573419264936422
2020-03-10 07:00:00+00:00,0.05360123835250554,0.8577556174882425
2020-03-10 08:00:00+00:00,0.09087322062706772,0.8582346281135691
2020-03-10 09:00:00+00:00,0.12693113181776794,0.8621755791673924
2020-03-10 10:00:00+00:00,0.1396788781983185,0.8648754572374151
2020-03-10 11:00:00+00:00,0.14116611527604941,0.8474351158334785
2020-03-10 12:00:00+00:00,0.12960208820226424,0.8334567148580386
2020-03-10 13:00:00+00:00,0.10243724770085288,0.8298641351680892
2020-03-10 14:00:00+00:00,0.07108386196011776,0.8302342797422052
2020-03-10 15:00:00+00:00,0.03617931829908641,0.8546420484236196
2020-03-10 16:00:00+00:00,0.00883236713509576,0.8893703187597979
2020-03-10 17:00:00+00:00,0.00024281421677239203,0.9295636648667479
2020-03-10 18:00:00+00:00,0.0,0.9510973697962027
2020-03-10 19:00:00+00:00,0.0,0.9582389827556175
2020-03-10 20:00:00+00:00,0.0,0.9621581605991987
2020-03-10 21:00:00+00:00,0.0,0.9443694478313882
2020-03-10 22:00:00+00:00,0.0,0.9531875979794461
2020-03-10 23:00:00+00:00,0.0,0.938055216861174
2020-03-11 00:00:00+00:00,0.0,0.9200923184114266
2020-03-11 01:00:00+00:00,0.0,0.8868446263717122
2020-03-11 02:00:00+00:00,0.0,0.8333043023863438
2020-03-11 03:00:00+00:00,0.0,0.8009275387563142
2020-03-11 04:00:00+00:00,0.0,0.7391787145096673
2020-03-11 05:00:00+00:00,0.0009712568670895681,0.6814361609475701
2020-03-11 06:00:00+00:00,0.029077002458493945,0.6147448179759624
2020-03-11 07:00:00+00:00,0.1108750417336935,0.5841534575857864
2020-03-11 08:00:00+00:00,0.20399429386590584,0.5908160599198746
2020-03-11 09:00:00+00:00,0.29911676328649045,0.6076249782267897
2020-03-11 10:00:00+00:00,0.3534160925122166,0.6307916739244034
2020-03-11 11:00:00+00:00,0.37147539988466327,0.651563316495384
2020-03-11 12:00:00+00:00,0.3498042310377273,0.6460546943041282
2020-03-11 13:00:00+00:00,0.30521747048289677,0.6404154328514196
2020-03-11 14:00:00+00:00,0.23285883388472395,0.5925143703187598
2020-03-11 15:00:00+00:00,0.13773636446413937,0.5321590315276085
2020-03-11 16:00:00+00:00,0.04021610465292743,0.4960372757359345
2020-03-11 17:00:00+00:00,0.001123015752572313,0.5024603727573593
2020-03-11 18:00:00+00:00,0.0,0.5661470127155548
2020-03-11 19:00:00+00:00,0.0,0.6558090924925971
2020-03-11 20:00:00+00:00,0.0,0.7030134122975091
2020-03-11 21:00:00+00:00,0.0,0.7330822156418743
2020-03-11 22:00:00+00:00,0.0,0.7730142832259188
2020-03-11 23:00:00+00:00,0.0,0.8005356209719561
2020-03-12 00:00:00+00:00,0.0,0.8327599721302908
2020-03-12 01:00:00+00:00,0.0,0.8500914474830169
2020-03-12 02:00:00+00:00,0.0,0.8860172443825117
2020-03-12 03:00:00+00:00,0.0,0.9151280264762236
2020-03-12 04:00:00+00:00,0.0,0.9323070893572548
2020-03-12 05:00:00+00:00,0.001547940631923999,0.9514021947395924
2020-03-12 06:00:00+00:00,0.04537590675934076,0.9453710155025257
2020-03-12 07:00:00+00:00,0.15364069566273106,0.9297160773384427
2020-03-12 08:00:00+00:00,0.2927428900962151,0.9137127678104859
2020-03-12 09:00:00+00:00,0.41767080462561085,0.9195915345758578
2020-03-12 10:00:00+00:00,0.4706650074361854,0.9064840620101028
2020-03-12 11:00:00+00:00,0.5005008043220931,0.8916129594147361
2020-03-12 12:00:00+00:00,0.502595076941755,0.8807263542936771
2020-03-12 13:00:00+00:00,0.4583421859349865,0.8618489810137606
2020-03-12 14:00:00+00:00,0.3345372871581631,0.8274473088312141
2020-03-12 15:00:00+00:00,0.1824748839044526,0.7776302037972479
2020-03-12 16:00:00+00:00,0.048350380914802565,0.7199747430761191
2020-03-12 17:00:00+00:00,0.0014265335235378032,0.666303779829298
2020-03-12 18:00:00+00:00,0.0,0.656157463856471
2020-03-12 19:00:00+00:00,0.0,0.6742074551471869
2020-03-12 20:00:00+00:00,0.0,0.7249608082215642
2020-03-12 21:00:00+00:00,0.0,0.7637171224525344
2020-03-12 22:00:00+00:00,0.0,0.7786535446786274
2020-03-12 23:00:00+00:00,0.0,0.7808526389130813
2020-03-13 00:00:00+00:00,0.0,0.7860128897404633
2020-03-13 01:00:00+00:00,0.0,0.7945697613656157
2020-03-13 02:00:00+00:00,0.0,0.8084610695000871
2020-03-13 03:00:00+00:00,0.0,0.8222870580038321
2020-03-13 04:00:00+00:00,0.0,0.8121842884514893
2020-03-13 05:00:00+00:00,0.002246031505144626,0.8298205887476049
2020-03-13 06:00:00+00:00,0.05393510790056758,0.8537058003832085
2020-03-13 07:00:00+00:00,0.17494764318450845,0.8832302734715206
2020-03-13 08:00:00+00:00,0.31341245029896503,0.8945741160076641
2020-03-13 09:00:00+00:00,0.4234072904968586,0.894552342797422
2020-03-13 10:00:00+00:00,0.49251828694570066,0.8961200139348545
2020-03-13 11:00:00+00:00,0.5136734755819953,0.8891743598676188
2020-03-13 12:00:00+00:00,0.5120951831729748,0.878309527956802
2020-03-13 13:00:00+00:00,0.47105958053844055,0.8518115310921442
2020-03-13 14:00:00+00:00,0.35897046772088503,0.8330647970736805
2020-03-13 15:00:00+00:00,0.21218927368197407,0.7629332868838181
2020-03-13 16:00:00+00:00,0.0760615534039518,0.6859867618881728
2020-03-13 17:00:00+00:00,0.0019425137341791362,0.6204929454798815
2020-03-13 18:00:00+00:00,0.0,0.5482929803170179
2020-03-13 19:00:00+00:00,0.0,0.45255617488242467
2020-03-13 20:00:00+00:00,0.0,0.36450531266329905
2020-03-13 21:00:00+00:00,0.0,0.28207193868663993
2020-03-13 22:00:00+00:00,0.0,0.210546943041282
2020-03-13 23:00:00+00:00,0.0,0.15104075944957324
2020-03-14 00:00:00+00:00,0.0,0.1134384253614353
2020-03-14 01:00:00+00:00,0.0,0.08158421877721651
2020-03-14 02:00:00+00:00,0.0,0.06092144225744643
2020-03-14 03:00:00+00:00,0.0,0.04831475352726006
2020-03-14 04:00:00+00:00,0.0,0.044591534575857864
2020-03-14 05:00:00+00:00,0.0049169878896409384,0.05068803344365093
2020-03-14 06:00:00+00:00,0.09697392782347407,0.062685072287058
2020-03-14 07:00:00+00:00,0.27416760251312716,0.07324507925448528
2020-03-14 08:00:00+00:00,0.47285033538713694,0.0794068977530047
2020-03-14 09:00:00+00:00,0.6139860988860898,0.08946612088486326
2020-03-14 10:00:00+00:00,0.6668285428111816,0.10897491726180109
2020-03-14 11:00:00+00:00,0.6694691474185813,0.12160337920222958
2020-03-14 12:00:00+00:00,0.6059125261784077,0.14733931370841316
2020-03-14 13:00:00+00:00,0.4939448204692385,0.18306915171572896
2020-03-14 14:00:00+00:00,0.36446413937536043,0.22800905765546073
2020-03-14 15:00:00+00:00,0.2081828391052296,0.2704232712071068
2020-03-14 16:00:00+00:00,0.061280237957932436,0.2952447308831214
2020-03-14 17:00:00+00:00,0.0016693477403101952,0.3489156941299425
2020-03-14 18:00:00+00:00,0.0,0.4455234279742205
2020-03-14 19:00:00+00:00,0.0,0.5139784009754398
2020-03-14 20:00:00+00:00,0.0,0.5676493642222609
2020-03-14 21:00:00+00:00,0.0,0.5932328862567496
2020-03-14 22:00:00+00:00,0.0,0.6180978923532485
2020-03-14 23:00:00+00:00,0.0,0.6256749695175057
2020-03-15 00:00:00+00:00,0.0,0.6312271381292458
2020-03-15 01:00:00+00:00,0.0,0.6387606688730186
2020-03-15 02:00:00+00:00,0.0,0.6443346106950009
2020-03-15 03:00:00+00:00,0.0,0.6517592753875632
2020-03-15 04:00:00+00:00,0.0,0.6652586657376763
2020-03-15 05:00:00+00:00,0.006373873190275291,0.6837658944434767
2020-03-15 06:00:00+00:00,0.11721856314687225,0.6698528130987633
2020-03-15 07:00:00+00:00,0.3247336631559778,0.6275039191778435
2020-03-15 08:00:00+00:00,0.5363462530731175,0.5311139174359868
2020-03-15 09:00:00+00:00,0.6918687589158345,0.4942300992858387
2020-03-15 10:00:00+00:00,0.77299905909491,0.49133426232363697
2020-03-15 11:00:00+00:00,0.7784927307493854,0.4685594844103815
2020-03-15 12:00:00+00:00,0.7161501805930738,0.4414300644487023
2020-03-15 13:00:00+00:00,0.6021792575955323,0.4433678801602508
2020-03-15 14:00:00+00:00,0.4463228822047531,0.48983191081693084
2020-03-15 15:00:00+00:00,0.25459070628585306,0.5367967253091795
2020-03-15 16:00:00+00:00,0.07903602755941361,0.5138042152935028
2020-03-15 17:00:00+00:00,0.0026406046073997633,0.5044852813098764
2020-03-15 18:00:00+00:00,0.0,0.5170484236195785
2020-03-15 19:00:00+00:00,0.0,0.5275213377460373
2020-03-15 20:00:00+00:00,0.0,0.5356862915868316
2020-03-15 21:00:00+00:00,0.0,0.5185725483365268
2020-03-15 22:00:00+00:00,0.0,0.49501393485455497
2020-03-15 23:00:00+00:00,0.0,0.464422574464379
2020-03-16 00:00:00+00:00,0.0,0.44691691342971607
2020-03-16 01:00:00+00:00,0.0,0.4308482842710329
2020-03-16 02:00:00+00:00,0.0,0.40354467862741683
2020-03-16 03:00:00+00:00,0.0,0.37987719909423445
2020-03-16 04:00:00+00:00,0.0,0.36028130987632817
2020-03-16 05:00:00+00:00,0.007618296051233799,0.32644574116007663
2020-03-16 06:00:00+00:00,0.12080007284426503,0.2802212158160599
2020-03-16 07:00:00+00:00,0.32904361550368777,0.22720344887650235
2020-03-16 08:00:00+00:00,0.5364676601815036,0.17065842187772165
2020-03-16 09:00:00+00:00,0.6783925698849668,0.14058961853335655
2020-03-16 10:00:00+00:00,0.7530579415424773,0.12545723741508447
2020-03-16 11:00:00+00:00,0.7671715178923726,0.11779306740985891
2020-03-16 12:00:00+00:00,0.7271071721249279,0.1156157463856471
2020-03-16 13:00:00+00:00,0.6284031930069506,0.11441821982233061
2020-03-16 14:00:00+00:00,0.47230400339939904,0.10185507751262846
2020-03-16 15:00:00+00:00,0.265092421161259,0.08147535272600592
2020-03-16 16:00:00+00:00,0.0773666798191034,0.06261975265633164
2020-03-16 17:00:00+00:00,0.0028834188241721554,0.05721999651628636
2020-03-16 18:00:00+00:00,0.0,0.05813447134645532
2020-03-16 19:00:00+00:00,0.0,0.05837397665911862
2020-03-16 20:00:00+00:00,0.0,0.05693694478313883
2020-03-16 21:00:00+00:00,0.0,0.05182024037624107
2020-03-16 22:00:00+00:00,0.0,0.06029001916042501
2020-03-16 23:00:00+00:00,0.0,0.07820937118968821
2020-03-17 00:00:00+00:00,0.0,0.10470736805434593
2020-03-17 01:00:00+00:00,0.0,0.1343842536143529
2020-03-17 02:00:00+00:00,0.0,0.16719648144922486
2020-03-17 03:00:00+00:00,0.0,0.18979707368054347
2020-03-17 04:00:00+00:00,0.0,0.22228270336178366
2020-03-17 05:00:00+00:00,0.004127841685130664,0.2607559658596063
2020-03-17 06:00:00+00:00,0.06270677148147025,0.26125674969517504
2020-03-17 07:00:00+00:00,0.16732934713327466,0.26271555478139696
2020-03-17 08:00:00+00:00,0.2888275108507603,0.258665737676363
2020-03-17 09:00:00+00:00,0.3917200352080614,0.2739505312663299
2020-03-17 10:00:00+00:00,0.4760372719822746,0.29642048423619577
2020-03-17 11:00:00+00:00,0.5340698697908762,0.31828078731928233
2020-03-17 12:00:00+00:00,0.532339818496373,0.3247038843407072
2020-03-17 13:00:00+00:00,0.4658390748778341,0.32699007141612957
2020-03-17 14:00:00+00:00,0.3485901599538653,0.3215685420658422
2020-03-17 15:00:00+00:00,0.2087898746471606,0.3020161992684201
2020-03-17 16:00:00+00:00,0.0670774273833733,0.2829864135168089
2020-03-17 17:00:00+00:00,0.0029744741554618022,0.27856645183765893
2020-03-17 18:00:00+00:00,0.0,0.29840184636822853
2020-03-17 19:00:00+00:00,0.0,0.32455147186901234
2020-03-17 20:00:00+00:00,0.0,0.33981449224873717
2020-03-17 21:00:00+00:00,0.0,0.35747256575509495
2020-03-17 22:00:00+00:00,0.0,0.3858212854903327
2020-03-17 23:00:00+00:00,0.0,0.40008273819892004
2020-03-18 00:00:00+00:00,0.0,0.4247953318237241
2020-03-18 01:00:00+00:00,0.0,0.45101027695523427
2020-03-18 02:00:00+00:00,0.0,0.46470562619752653
2020-03-18 03:00:00+00:00,0.0,0.4864135168089183
2020-03-18 04:00:00+00:00,0.0,0.5062489113394879
2020-03-18 05:00:00+00:00,0.008680608249613015,0.5281745340533008
2020-03-18 06:00:00+00:00,0.11275685191367954,0.5067714683852987
2020-03-18 07:00:00+00:00,0.2954745500349045,0.46146141787145095
2020-03-18 08:00:00+00:00,0.49324672959601784,0.412798292980317
2020-03-18 09:00:00+00:00,0.650377879624852,0.4087267026650409
2020-03-18 10:00:00+00:00,0.7253771208304246,0.40759449573245077
2020-03-18 11:00:00+00:00,0.7180926943272529,0.40003919177843583
2020-03-18 12:00:00+00:00,0.6585425076638237,0.383295593102247
2020-03-18 13:00:00+00:00,0.560870488967129,0.35198571677408114
2020-03-18 14:00:00+00:00,0.41451421980756975,0.3191952621494513
2020-03-18 15:00:00+00:00,0.23990044617112333,0.2827033617836614
2020-03-18 16:00:00+00:00,0.07663823716878623,0.22091099111653023
2020-03-18 17:00:00+00:00,0.00397608279964792,0.18748911339487895
2020-03-18 18:00:00+00:00,0.0,0.17281396969169133
2020-03-18 19:00:00+00:00,0.0,0.15347935899669046
2020-03-18 20:00:00+00:00,0.0,0.14159118620449399
2020-03-18 21:00:00+00:00,0.0,0.12996429193520292
2020-03-18 22:00:00+00:00,0.0,0.12016634732624978
2020-03-18 23:00:00+00:00,0.0,0.11535446786274169
2020-03-19 00:00:00+00:00,0.0,0.10466382163386169
2020-03-19 01:00:00+00:00,0.0,0.09630290890088834
2020-03-19 02:00:00+00:00,0.0,0.08763717122452534
2020-03-19 03:00:00+00:00,0.0,0.07755617488242467
2020-03-19 04:00:00+00:00,0.0,0.0668873018637868
2020-03-19 05:00:00+00:00,0.007132667617689016,0.05404110782093712
2020-03-19 06:00:00+00:00,0.0865329165022612,0.042305347500435464
2020-03-19 07:00:00+00:00,0.23316235165568944,0.031157463856471
2020-03-19 08:00:00+00:00,0.39909551704252283,0.022382860128897404
2020-03-19 09:00:00+00:00,0.5477888730385164,0.015458979271903851
2020-03-19 10:00:00+00:00,0.6392691292075151,0.01421790628810312
2020-03-19 11:00:00+00:00,0.6607278356147752,0.01811531092144226
2020-03-19 12:00:00+00:00,0.61996539897411,0.02255704581083435
2020-03-19 13:00:00+00:00,0.5309132849728352,0.027564884166521513
2020-03-19 14:00:00+00:00,0.3866816402100343,0.036252395053126635
2020-03-19 15:00:00+00:00,0.2205056606064285,0.04335046159205713
2020-03-19 16:00:00+00:00,0.07169089750204874,0.0534096847239157
2020-03-19 17:00:00+00:00,0.0035208061431996843,0.06475352726005923
2020-03-19 18:00:00+00:00,0.0,0.07705539104685595
2020-03-19 19:00:00+00:00,0.0,0.08273819892004877
2020-03-19 20:00:00+00:00,0.0,0.08476310747256575
2020-03-19 21:00:00+00:00,0.0,0.07862306218428845
2020-03-19 22:00:00+00:00,0.0,0.07237415084480056
2020-03-19 23:00:00+00:00,0.0,0.07137258317366313
2020-03-20 00:00:00+00:00,0.0,0.07402891482320154
2020-03-20 01:00:00+00:00,0.0,0.07805695871799338
2020-03-20 02:00:00+00:00,0.0,0.08064797073680544
2020-03-20 03:00:00+00:00,0.0,0.08513325204668176
2020-03-20 04:00:00+00:00,0.0,0.09946002438599547
2020-03-20 05:00:00+00:00,0.007041612286399369,0.10747256575509492
2020-03-20 06:00:00+00:00,0.07493853765137949,0.12108082215641874
2020-03-20 07:00:00+00:00,0.19045740128084498,0.11720519073332172
2020-03-20 08:00:00+00:00,0.3109539563541445,0.12419439122104162
2020-03-20 09:00:00+00:00,0.40713873797310834,0.13434070719386867
2020-03-20 10:00:00+00:00,0.46623364798008926,0.1433983626545898
2020-03-20 11:00:00+00:00,0.4808935563177224,0.15286970910991116
2020-03-20 12:00:00+00:00,0.4445321273560567,0.17435986761888173
2020-03-20 13:00:00+00:00,0.36409991805020187,0.220867444696046
2020-03-20 14:00:00+00:00,0.2621179470057972,0.2716425709806654
2020-03-20 15:00:00+00:00,0.1463562691595593,0.31505835220344885
2020-03-20 16:00:00+00:00,0.04762193826448539,0.341447483016896
2020-03-20 17:00:00+00:00,0.0025191974990135674,0.35908378331301166
2020-03-20 18:00:00+00:00,0.0,0.38312140742031003
2020-03-20 19:00:00+00:00,0.0,0.4030438947918481
2020-03-20 20:00:00+00:00,0.0,0.43343929628984496
2020-03-20 21:00:00+00:00,0.0,0.4308265110607908
2020-03-20 22:00:00+00:00,0.0,0.44160425013063925
2020-03-20 23:00:00+00:00,0.0,0.47093276432677234
2020-03-21 00:00:00+00:00,0.0,0.506836788016025
2020-03-21 01:00:00+00:00,0.0,0.5154154328514196
2020-03-21 02:00:00+00:00,0.0,0.5312445566974394
2020-03-21 03:00:00+00:00,0.0,0.5561748824246647
2020-03-21 04:00:00+00:00,3.0351777096549003e-05,0.5664736108691866
2020-03-21 05:00:00+00:00,0.006009651865116703,0.5642745166347326
2020-03-21 06:00:00+00:00,0.06297993747533918,0.5431762759101202
2020-03-21 07:00:00+00:00,0.16429416942361974,0.5668219822330605
2020-03-21 08:00:00+00:00,0.2726500136582997,0.6239984323288625
2020-03-21 09:00:00+00:00,0.3457370929067897,0.6998345236021599
2020-03-21 10:00:00+00:00,0.35129146811545814,0.7474089879811879
2020-03-21 11:00:00+00:00,0.3423073420948797,0.7531135690646229
2020-03-21 12:00:00+00:00,0.35089689501320304,0.7284009754398189
2020-03-21 13:00:00+00:00,0.3401220141439281,0.6984628113569065
2020-03-21 14:00:00+00:00,0.2749263969405409,0.6800644487023166
2020-03-21 15:00:00+00:00,0.17591890005159802,0.6611653022121582
2020-03-21 16:00:00+00:00,0.06474034054693903,0.6185769029785751
2020-03-21 17:00:00+00:00,0.004886636112544389,0.5730926667827905
2020-03-21 18:00:00+00:00,0.0,0.5696089531440516
2020-03-21 19:00:00+00:00,0.0,0.5861783661383034
2020-03-21 20:00:00+00:00,0.0,0.6129594147361087
2020-03-21 21:00:00+00:00,0.0,0.6113699703884341
2020-03-21 22:00:00+00:00,0.0,0.6087354119491377
2020-03-21 23:00:00+00:00,0.0,0.5982189514021947
2020-03-22 00:00:00+00:00,0.0,0.583326075596586
2020-03-22 01:00:00+00:00,0.0,0.5664736108691866
2020-03-22 02:00:00+00:00,0.0,0.5511234976484933
2020-03-22 03:00:00+00:00,0.0,0.5468994948615223
2020-03-22 04:00:00+00:00,6.0703554193098006e-05,0.5462462985542589
2020-03-22 05:00:00+00:00,0.018757398245667283,0.5395836962201707
2020-03-22 06:00:00+00:00,0.16037879017816492,0.5045506009406027
2020-03-22 07:00:00+00:00,0.3829483716271588,0.5125195958892179
2020-03-22 08:00:00+00:00,0.60017604030716,0.4880029611565929
2020-03-22 09:00:00+00:00,0.7599781467204905,0.48160163734541017
2020-03-22 10:00:00+00:00,0.8575894618629921,0.4730665389304999
2020-03-22 11:00:00+00:00,0.9000515980210642,0.44508796376937815
2020-03-22 12:00:00+00:00,0.8680304731842049,0.3898493293851245
2020-03-22 13:00:00+00:00,0.766807296567214,0.4071154851071242
2020-03-22 14:00:00+00:00,0.5965641788326707,0.432524821459676
2020-03-22 15:00:00+00:00,0.3617021276595745,0.5347718167566626
2020-03-22 16:00:00+00:00,0.12720429781163686,0.540367531788887
2020-03-22 17:00:00+00:00,0.009196588460254347,0.518986239331127
2020-03-22 18:00:00+00:00,0.0,0.5502743424490507
2020-03-22 19:00:00+00:00,0.0,0.584066364744818
2020-03-22 20:00:00+00:00,0.0,0.6029219648144922
2020-03-22 21:00:00+00:00,0.0,0.5956714858038669
2020-03-22 22:00:00+00:00,0.0,0.5962811356906462
2020-03-22 23:00:00+00:00,0.0,0.5897273994077686
2020-03-23 00:00:00+00:00,0.0,0.5705452011844626
2020-03-23 01:00:00+00:00,0.0,0.5389304999129072
2020-03-23 02:00:00+00:00,0.0,0.5119099460024386
2020-03-23 03:00:00+00:00,0.0,0.48824246646925623
2020-03-23 04:00:00+00:00,9.105533128964702e-05,0.4678845148928758
2020-03-23 05:00:00+00:00,0.024220718123046103,0.46768855600069675
2020-03-23 06:00:00+00:00,0.18808996266731418,0.4334828427103292
2020-03-23 07:00:00+00:00,0.44261996539897414,0.3965337049294548
2020-03-23 08:00:00+00:00,0.6786050323246426,0.4188294722173837
2020-03-23 09:00:00+00:00,0.8428384981940693,0.45384079428670965
2020-03-23 10:00:00+00:00,0.9357452878866057,0.4481144399930326
2020-03-23 11:00:00+00:00,0.9575682156190245,0.4051994426058178
2020-03-23 12:00:00+00:00,0.9093695935897047,0.3573636997038843
2020-03-23 13:00:00+00:00,0.7997389747169696,0.3274690820414562
2020-03-23 14:00:00+00:00,0.617810422800255,0.32357167740811704
2020-03-23 15:00:00+00:00,0.3729626369623942,0.3194129942518725
2020-03-23 16:00:00+00:00,0.13045193796096763,0.315820414561923
2020-03-23 17:00:00+00:00,0.010016086441861171,0.3303866922139
2020-03-23 18:00:00+00:00,0.0,0.40132381118272076
2020-03-23 19:00:00+00:00,0.0,0.4789670789061139
2020-03-23 20:00:00+00:00,0.0,0.512715554781397
2020-03-23 21:00:00+00:00,0.0,0.5257141612959415
2020-03-23 22:00:00+00:00,0.0,0.5291978749346804
2020-03-23 23:00:00+00:00,0.0,0.5161774952098938
2020-03-24 00:00:00+00:00,0.0,0.503135342274865
2020-03-24 01:00:00+00:00,0.0,0.4802081518899146
2020-03-24 02:00:00+00:00,0.0,0.43245950182894966
2020-03-24 03:00:00+00:00,0.0,0.3799642919352029
2020-03-24 04:00:00+00:00,6.0703554193098006e-05,0.3634601985716774
2020-03-24 05:00:00+00:00,0.02625428718851489,0.3765676711374325
2020-03-24 06:00:00+00:00,0.18963790329923816,0.3491769726528479
2020-03-24 07:00:00+00:00,0.4398883054602847,0.28607820937118966
2020-03-24 08:00:00+00:00,0.6718365860321122,0.2875370144574116
2020-03-24 09:00:00+00:00,0.8360093483473457,0.3278174534053301
2020-03-24 10:00:00+00:00,0.9251828694570067,0.3211113046507577
2020-03-24 11:00:00+00:00,0.9466719276413634,0.31224960808221564
2020-03-24 12:00:00+00:00,0.9003247640149331,0.30434593276432675
2020-03-24 13:00:00+00:00,0.7880838923118949,0.3001001567671137
2020-03-24 14:00:00+00:00,0.60272558958327,0.30205974568890437
2020-03-24 15:00:00+00:00,0.3641909733814915,0.30907071938686637
2020-03-24 16:00:00+00:00,0.13008771663580904,0.30456366486674796
2020-03-24 17:00:00+00:00,0.011017695086047288,0.3227225222086744
2020-03-24 18:00:00+00:00,0.0,0.4206584218777216
2020-03-24 19:00:00+00:00,0.0,0.5020902281832433
2020-03-24 20:00:00+00:00,0.0,0.5371668698832955
2020-03-24 21:00:00+00:00,0.0,0.5425448528130987
2020-03-24 22:00:00+00:00,0.0,0.5449181327294896
2020-03-24 23:00:00+00:00,0.0,0.535403239853684
2020-03-25 00:00:00+00:00,0.0,0.509406026824595
2020-03-25 01:00:00+00:00,0.0,0.4829298031701794
2020-03-25 02:00:00+00:00,0.0,0.45255617488242467
2020-03-25 03:00:00+00:00,0.0,0.416303779829298
2020-03-25 04:00:00+00:00,3.0351777096549003e-05,0.3860390175927539
2020-03-25 05:00:00+00:00,0.02710413694721826,0.3661600766417
2020-03-25 06:00:00+00:00,0.1961635353749962,0.30251698310398883
2020-03-25 07:00:00+00:00,0.4466871035299117,0.2163168437554433
2020-03-25 08:00:00+00:00,0.6751752815127325,0.2139217906288103
2020-03-25 09:00:00+00:00,0.83834643518378,0.23012105904894617
2020-03-25 10:00:00+00:00,0.9211764348802622,0.23528130987632817
2020-03-25 11:00:00+00:00,0.9372932285185298,0.25775126284619404
2020-03-25 12:00:00+00:00,0.8916138039882235,0.28294286709632466
2020-03-25 13:00:00+00:00,0.7794032840622819,0.3225265633164954
2020-03-25 14:00:00+00:00,0.5948341275381673,0.36415694129942516
2020-03-25 15:00:00+00:00,0.35994172458797463,0.39686030308308656
2020-03-25 16:00:00+00:00,0.1309375663945124,0.40635342274865005
2020-03-25 17:00:00+00:00,0.011988951953136857,0.42283574290193343
2020-03-25 18:00:00+00:00,0.0,0.4892658073506358
2020-03-25 19:00:00+00:00,0.0,0.539823201532834
2020-03-25 20:00:00+00:00,0.0,0.5446786274168264
2020-03-25 21:00:00+00:00,0.0,0.5214248388782442
2020-03-25 22:00:00+00:00,0.0,0.4980839574986936
2020-03-25 23:00:00+00:00,0.0,0.47696394356383903
2020-03-26 00:00:00+00:00,0.0,0.4480708935725483
2020-03-26 01:00:00+00:00,0.0,0.42714683852987284
2020-03-26 02:00:00+00:00,0.0,0.40829123846019855
2020-03-26 03:00:00+00:00,0.0,0.4067453405330082
2020-03-26 04:00:00+00:00,3.0351777096549003e-05,0.4130595715032224
2020-03-26 05:00:00+00:00,0.026406046073997633,0.3988634384253614
2020-03-26 06:00:00+00:00,0.17737578535223236,0.34536666086047724
2020-03-26 07:00:00+00:00,0.4000060703554193,0.27569238808569935
2020-03-26 08:00:00+00:00,0.601723980939084,0.2701837658944435
2020-03-26 09:00:00+00:00,0.7319331046832792,0.32561835917087617
2020-03-26 10:00:00+00:00,0.7896014811667224,0.3717993380944086
2020-03-26 11:00:00+00:00,0.7889640938476948,0.3760015676711374
2020-03-26 12:00:00+00:00,0.7340273773029411,0.3665955408465424
2020-03-26 13:00:00+00:00,0.6238200746653717,0.39468298205887475
2020-03-26 14:00:00+00:00,0.4648981697878411,0.4313708413168437
2020-03-26 15:00:00+00:00,0.27565483959085807,0.45011757533530744
2020-03-26 16:00:00+00:00,0.10641333050050081,0.44186552865354467
2020-03-26 17:00:00+00:00,0.011017695086047288,0.41993990593973174
2020-03-26 18:00:00+00:00,0.0,0.47143354816234107
2020-03-26 19:00:00+00:00,0.0,0.5087092840968472
2020-03-26 20:00:00+00:00,0.0,0.5045506009406027
2020-03-26 21:00:00+00:00,0.0,0.47189078557742553
2020-03-26 22:00:00+00:00,0.0,0.44064622887998606
2020-03-26 23:00:00+00:00,0.0,0.40853074377286186
2020-03-27 00:00:00+00:00,0.0,0.39420397143354813
2020-03-27 01:00:00+00:00,0.0,0.38577773906984847
2020-03-27 02:00:00+00:00,0.0,0.39313708413168436
2020-03-27 03:00:00+00:00,0.0,0.40347935899669046
2020-03-27 04:00:00+00:00,0.00012140710838619601,0.4146707890611392
2020-03-27 05:00:00+00:00,0.03150514462621787,0.40286970910991116
2020-03-27 06:00:00+00:00,0.18496372962636962,0.3401193171921268
2020-03-27 07:00:00+00:00,0.4097793425805081,0.23530308308657027
2020-03-27 08:00:00+00:00,0.6248823868637509,0.18498519421703535
2020-03-27 09:00:00+00:00,0.7767323276777856,0.2142701619926842
2020-03-27 10:00:00+00:00,0.8583786080675023,0.2531135690646229
2020-03-27 11:00:00+00:00,0.8723100737548184,0.27854467862741683
2020-03-27 12:00:00+00:00,0.8264485385619328,0.2955931022469953
2020-03-27 13:00:00+00:00,0.7168786232433909,0.3268594321546769
2020-03-27 14:00:00+00:00,0.5449358059914408,0.36169656854206583
2020-03-27 15:00:00+00:00,0.32576562357726047,0.39315885734192646
2020-03-27 16:00:00+00:00,0.1203447961878168,0.41177495209893744
2020-03-27 17:00:00+00:00,0.012353173278295444,0.42390263020379726
2020-03-27 18:00:00+00:00,0.0,0.49011496255007836
2020-03-27 19:00:00+00:00,0.0,0.5015676711374325
2020-03-27 20:00:00+00:00,0.0,0.4609606340358822
2020-03-27 21:00:00+00:00,0.0,0.39792719038495034
2020-03-27 22:00:00+00:00,0.0,0.34114265807350636
2020-03-27 23:00:00+00:00,0.0,0.2994687336700923
2020-03-28 00:00:00+00:00,0.0,0.2777608430587006
2020-03-28 01:00:00+00:00,0.0,0.2619534924229228
2020-03-28 02:00:00+00:00,0.0,0.2626720083609127
2020-03-28 03:00:00+00:00,0.0,0.27497387214770946
2020-03-28 04:00:00+00:00,0.000151758885482745,0.2847500435464205
2020-03-28 05:00:00+00:00,0.03554193098005888,0.2960067932415955
2020-03-28 06:00:00+00:00,0.19142865814793456,0.27133774603727573
2020-03-28 07:00:00+00:00,0.4136340182717698,0.20743337397665912
2020-03-28 08:00:00+00:00,0.6253680152972957,0.17838791151367359
2020-03-28 09:00:00+00:00,0.7786141378577716,0.19905068803344364
2020-03-28 10:00:00+00:00,0.8644793152639088,0.22489548859083783
2020-03-28 11:00:00+00:00,0.8842383221537621,0.2547247866225396
2020-03-28 12:00:00+00:00,0.8397426169302212,0.2602334088137955
2020-03-28 13:00:00+00:00,0.7287461680881415,0.28196307263542936
2020-03-28 14:00:00+00:00,0.5539502837891158,0.3850374499216164
2020-03-28 15:00:00+00:00,0.3349622120375148,0.4489853684027173
2020-03-28 16:00:00+00:00,0.1262330409445473,0.4764631597282703
2020-03-28 17:00:00+00:00,0.01371900324764015,0.5001524124716948
2020-03-28 18:00:00+00:00,0.0,0.54204406897753
2020-03-28 19:00:00+00:00,0.0,0.5524952098937467
2020-03-28 20:00:00+00:00,0.0,0.5277172966382163
2020-03-28 21:00:00+00:00,0.0,0.5
2020-03-28 22:00:00+00:00,0.0,0.4900060964988678
2020-03-28 23:00:00+00:00,0.0,0.48789409510538234
2020-03-29 00:00:00+00:00,0.0,0.49392527434244904
2020-03-29 01:00:00+00:00,0.0,0.4921834175230796
2020-03-29 02:00:00+00:00,0.0,0.5138913081344714
2020-03-29 03:00:00+00:00,0.0,0.5401062532659815
2020-03-29 04:00:00+00:00,9.105533128964702e-05,0.5566756662602333
2020-03-29 05:00:00+00:00,0.019698303335660302,0.5618576902978575
2020-03-29 06:00:00+00:00,0.10019121619570825,0.5815188991464901
2020-03-29 07:00:00+00:00,0.19534403739338937,0.6190123671834175
2020-03-29 08:00:00+00:00,0.26108598658451454,0.6099329385124542
2020-03-29 09:00:00+00:00,0.3033660120800073,0.6396315972827034
2020-03-29 10:00:00+00:00,0.30706892888578624,0.6659554084654241
2020-03-29 11:00:00+00:00,0.2975384708774699,0.6681545026998781
2020-03-29 12:00:00+00:00,0.2786596655234164,0.6882947221738372
2020-03-29 13:00:00+00:00,0.24487813761495736,0.6926058178017767
2020-03-29 14:00:00+00:00,0.20065559838528546,0.7060181153109214
2020-03-29 15:00:00+00:00,0.13342641211642942,0.7246342100679324
2020-03-29 16:00:00+00:00,0.05903420645278781,0.6939993032572722
2020-03-29 17:00:00+00:00,0.008134276261875132,0.6569630726354293
2020-03-29 18:00:00+00:00,0.0,0.6118054345932764
2020-03-29 19:00:00+00:00,0.0,0.5530395401497997
2020-03-29 20:00:00+00:00,0.0,0.4910947570109737
2020-03-29 21:00:00+00:00,0.0,0.4344626371712245
2020-03-29 22:00:00+00:00,0.0,0.38926145270858736
2020-03-29 23:00:00+00:00,0.0,0.3469996516286361
2020-03-30 00:00:00+00:00,0.0,0.3152107646751437
2020-03-30 01:00:00+00:00,0.0,0.30970214248388783
2020-03-30 02:00:00+00:00,0.0,0.33106166173140567
2020-03-30 03:00:00+00:00,0.0,0.34020641003309526
2020-03-30 04:00:00+00:00,0.00024281421677239203,0.34247082389827554
2020-03-30 05:00:00+00:00,0.029957203994293868,0.340707193868664
2020-03-30 06:00:00+00:00,0.15864873888366163,0.3167566626023341
2020-03-30 07:00:00+00:00,0.32752602664886027,0.28703623062184286
2020-03-30 08:00:00+00:00,0.48556772999059095,0.28799425187249605
2020-03-30 09:00:00+00:00,0.6084013719003247,0.2939165650583522
2020-03-30 10:00:00+00:00,0.652532855798707,0.2824856296812402
2020-03-30 11:00:00+00:00,0.6681640210034298,0.26519770074899846
2020-03-30 12:00:00+00:00,0.6464928521564938,0.2528740637519596
2020-03-30 13:00:00+00:00,0.5753786384192795,0.24427364570632293
2020-03-30 14:00:00+00:00,0.44714238018635993,0.2484105556523254
2020-03-30 15:00:00+00:00,0.2754423771511822,0.23390959763107472
2020-03-30 16:00:00+00:00,0.11048046863143837,0.201511060790803
2020-03-30 17:00:00+00:00,0.013840410356026345,0.190450269987807
2020-03-30 18:00:00+00:00,0.0,0.20593102246995296
2020-03-30 19:00:00+00:00,0.0,0.22957672879289323
2020-03-30 20:00:00+00:00,0.0,0.22176014631597282
2020-03-30 21:00:00+00:00,0.0,0.22363264239679498
2020-03-30 22:00:00+00:00,0.0,0.21431370841316844
2020-03-30 23:00:00+00:00,0.0,0.19626371712245252
2020-03-31 00:00:00+00:00,0.0,0.17573157986413518
2020-03-31 01:00:00+00:00,0.0,0.15380595715032225
2020-03-31 02:00:00+00:00,0.0,0.14744817975962377
2020-03-31 03:00:00+00:00,0.0,0.14466120884863265
2020-03-31 04:00:00+00:00,0.00024281421677239203,0.13758491551994426
2020-03-31 05:00:00+00:00,0.03508665432361065,0.12371538059571502
2020-03-31 06:00:00+00:00,0.1734907578838741,0.09591099111653022
2020-03-31 07:00:00+00:00,0.3847391264758552,0.07126371712245254
2020-03-31 08:00:00+00:00,0.5872461832640301,0.06956540672356733
2020-03-31 09:00:00+00:00,0.6910189091571312,0.0702621494513151
2020-03-31 10:00:00+00:00,0.6768749810301393,0.07267897578819021
2020-03-31 11:00:00+00:00,0.6555073299541688,0.06788886953492423
2020-03-31 12:00:00+00:00,0.6526239111299966,0.06623410555652326
2020-03-31 13:00:00+00:00,0.602998755577139,0.07335394530569588
2020-03-31 14:00:00+00:00,0.48368591981060494,0.08252046681762759
2020-03-31 15:00:00+00:00,0.3287097459556257,0.09665128026476223
2020-03-31 16:00:00+00:00,0.1438370716605457,0.10991116530221216
2020-03-31 17:00:00+00:00,0.020001821106625794,0.11979620275213378
2020-03-31 18:00:00+00:00,0.0,0.1459458282529176
2020-03-31 19:00:00+00:00,0.0,0.1807176450095802
2020-03-31 20:00:00+00:00,0.0,0.20841316843755442
2020-03-31 21:00:00+00:00,0.0,0.22313185856122628
2020-03-31 22:00:00+00:00,0.0,0.2377416826336875
2020-03-31 23:00:00+00:00,0.0,0.2531788886953492
2020-04-01 00:00:00+00:00,0.0,0.258665737676363
2020-04-01 01:00:00+00:00,0.0,0.27162079777042325
2020-04-01 02:00:00+00:00,0.0,0.28350897056261976
2020-04-01 03:00:00+00:00,0.0,0.28821198397491726
2020-04-01 04:00:00+00:00,0.00036422132515858806,0.30155896185333564
2020-04-01 05:00:00+00:00,0.049291286004795584,0.287428148406201
2020-04-01 06:00:00+00:00,0.2277597353325037,0.2634776171398711
2020-04-01 07:00:00+00:00,0.45776550217015205,0.2301428322591883
2020-04-01 08:00:00+00:00,0.6614259264879959,0.24153022121581605
2020-04-01 09:00:00+00:00,0.7988587731811697,0.2840097543981885
2020-04-01 10:00:00+00:00,0.8642365010471363,0.2896707890611392
2020-04-01 11:00:00+00:00,0.8554648374662337,0.28411862044939906
2020-04-01 12:00:00+00:00,0.7991319391750387,0.2931109562793938
2020-04-01 13:00:00+00:00,0.6955109721674204,0.30626197526563315
2020-04-01 14:00:00+00:00,0.537651379488269,0.2975526911687859
2020-04-01 15:00:00+00:00,0.33754211309072146,0.28161470127155547
2020-04-01 16:00:00+00:00,0.13615807205511882,0.2578601288974046
2020-04-01 17:00:00+00:00,0.017877196709867364,0.242444696045985
2020-04-01 18:00:00+00:00,0.0,0.23558613481971782
2020-04-01 19:00:00+00:00,0.0,0.23765458979271903
2020-04-01 20:00:00+00:00,0.0,0.24359867618881728
2020-04-01 21:00:00+00:00,0.0,0.24973872147709458
2020-04-01 22:00:00+00:00,0.0,0.25627068454973
2020-04-01 23:00:00+00:00,0.0,0.2620623584741334
2020-04-02 00:00:00+00:00,0.0,0.26474046333391393
2020-04-02 01:00:00+00:00,0.0,0.2697700748998432
2020-04-02 02:00:00+00:00,0.0,0.28255094931196656
2020-04-02 03:00:00+00:00,0.0,0.29132555303954016
2020-04-02 04:00:00+00:00,0.00042492487935168606,0.30517331475352727
2020-04-02 05:00:00+00:00,0.04574012808449935,0.3110520815188991
2020-04-02 06:00:00+00:00,0.20029137706012687,0.3076772339313708
2020-04-02 07:00:00+00:00,0.406622757762467,0.3181066016373454
2020-04-02 08:00:00+00:00,0.6016025738306978,0.34593276432677234
2020-04-02 09:00:00+00:00,0.7381248672109753,0.34908987981187944
2020-04-02 10:00:00+00:00,0.771117248914924,0.37700313534227486
2020-04-02 11:00:00+00:00,0.756578747685677,0.4140611391743599
2020-04-02 12:00:00+00:00,0.7110510820408535,0.4640959763107472
2020-04-02 13:00:00+00:00,0.6295565605366195,0.5041369099460025
2020-04-02 14:00:00+00:00,0.4989225119130725,0.5286535446786274
2020-04-02 15:00:00+00:00,0.31763134731538534,0.547574464379028
2020-04-02 16:00:00+00:00,0.12711324248034722,0.5548467165998955
2020-04-02 17:00:00+00:00,0.01654171851761921,0.5676493642222609
2020-04-02 18:00:00+00:00,0.0,0.5887476049468734
2020-04-02 19:00:00+00:00,0.0,0.6179019334610695
2020-04-02 20:00:00+00:00,0.0,0.634035882250479
2020-04-02 21:00:00+00:00,0.0,0.6423750217732103
2020-04-02 22:00:00+00:00,0.0,0.6454014979968646
2020-04-02 23:00:00+00:00,0.0,0.6451184462637171
2020-04-03 00:00:00+00:00,0.0,0.6245863090053998
2020-04-03 01:00:00+00:00,0.0,0.6014413865180283
2020-04-03 02:00:00+00:00,0.0,0.5626632990768159
2020-04-03 03:00:00+00:00,0.0,0.5332259188294722
2020-04-03 04:00:00+00:00,0.000515980210641333,0.5107777390698485
2020-04-03 05:00:00+00:00,0.03712022338907943,0.4701053823375718
2020-04-03 06:00:00+00:00,0.1481470240082557,0.44737415084480053
2020-04-03 07:00:00+00:00,0.30552098825386226,0.4322853161470127
2020-04-03 08:00:00+00:00,0.44896348681215287,0.42592753875631423
2020-04-03 09:00:00+00:00,0.5461802288523994,0.3945087963769378
2020-04-03 10:00:00+00:00,0.6038486053358424,0.3922226093015154
2020-04-03 11:00:00+00:00,0.589067289889823,0.39746995296986587
2020-04-03 12:00:00+00:00,0.5036573891401341,0.4020858735411949
2020-04-03 13:00:00+00:00,0.4116308009833976,0.4008448005573942
2020-04-03 14:00:00+00:00,0.3015145536771178,0.390480752482146
2020-04-03 15:00:00+00:00,0.18632955959571432,0.345127155547814
2020-04-03 16:00:00+00:00,0.08064467174553071,0.2835742901933461
2020-04-03 17:00:00+00:00,0.013172671259902267,0.22095453753701447
2020-04-03 18:00:00+00:00,3.0351777096549003e-05,0.1980491203623062
2020-04-03 19:00:00+00:00,0.0,0.1720519073332172
2020-04-03 20:00:00+00:00,0.0,0.15983713638738895
2020-04-03 21:00:00+00:00,0.0,0.14566277651977008
2020-04-03 22:00:00+00:00,0.0,0.13048684898101376
2020-04-03 23:00:00+00:00,0.0,0.12517418568193694
2020-04-04 00:00:00+00:00,0.0,0.14006706148754572
2020-04-04 01:00:00+00:00,0.0,0.14670789061139175
2020-04-04 02:00:00+00:00,0.0,0.15282616268942692
2020-04-04 03:00:00+00:00,0.0,0.16083870405852638
2020-04-04 04:00:00+00:00,0.000698090873220627,0.15578731928235498
2020-04-04 05:00:00+00:00,0.05093028196800923,0.1477312314927713
2020-04-04 06:00:00+00:00,0.2018089659149543,0.13699703884340708
2020-04-04 07:00:00+00:00,0.4119039669772665,0.12192997735586135
2020-04-04 08:00:00+00:00,0.6189637903299238,0.12835307437728619
2020-04-04 09:00:00+00:00,0.7614046802440283,0.1401541543285142
2020-04-04 10:00:00+00:00,0.8272983883206362,0.14259275387563142
2020-04-04 11:00:00+00:00,0.8464807114456552,0.13638738895662778
2020-04-04 12:00:00+00:00,0.8147024008255683,0.13505922313185856
2020-04-04 13:00:00+00:00,0.7311743102558654,0.12495645357951576
2020-04-04 14:00:00+00:00,0.5837557288979269,0.10403239853684026
2020-04-04 15:00:00+00:00,0.37879017816493155,0.079646403065668
2020-04-04 16:00:00+00:00,0.1629586912313716,0.061792370667131155
2020-04-04 17:00:00+00:00,0.02555619631529426,0.057546594669918134
2020-04-04 18:00:00+00:00,6.0703554193098006e-05,0.09055478139696917
2020-04-04 19:00:00+00:00,0.0,0.15378418394008012
2020-04-04 20:00:00+00:00,0.0,0.22813969691691344
2020-04-04 21:00:00+00:00,0.0,0.2968994948615224
2020-04-04 22:00:00+00:00,0.0,0.354903326946525
2020-04-04 23:00:00+00:00,0.0,0.4005399756140045
2020-04-05 00:00:00+00:00,0.0,0.4338747604946873
2020-04-05 01:00:00+00:00,0.0,0.4475265633164954
2020-04-05 02:00:00+00:00,0.0,0.44696045985020033
2020-04-05 03:00:00+00:00,0.0,0.4503135342274865
2020-04-05 04:00:00+00:00,0.001305126415151607,0.4736544156070371
2020-04-05 05:00:00+00:00,0.06716848271466294,0.47056261975265634
2020-04-05 06:00:00+00:00,0.25856678908550096,0.4221607733844278
2020-04-05 07:00:00+00:00,0.5018362825143412,0.30434593276432675
2020-04-05 08:00:00+00:00,0.7136916866482532,0.28727573593450617
2020-04-05 09:00:00+00:00,0.8629313746319847,0.34630290890088833
2020-04-05 10:00:00+00:00,0.9412996630952742,0.3378549033269465
2020-04-05 11:00:00+00:00,0.9571129389625763,0.30245166347326247
2020-04-05 12:00:00+00:00,0.912040549974201,0.28107037101550253
2020-04-05 13:00:00+00:00,0.8040792788417762,0.3208717993380944
2020-04-05 14:00:00+00:00,0.6326220900233709,0.4160207280961505
2020-04-05 15:00:00+00:00,0.4068655719792394,0.5004354642048423
2020-04-05 16:00:00+00:00,0.17142683704130876,0.5145880508622191
2020-04-05 17:00:00+00:00,0.027559413603666493,0.5151323811182721
2020-04-05 18:00:00+00:00,9.105533128964702e-05,0.5946916913429716
2020-04-05 19:00:00+00:00,0.0,0.6618402717296638
2020-04-05 20:00:00+00:00,0.0,0.681610346629507
2020-04-05 21:00:00+00:00,0.0,0.6672400278697092
2020-04-05 22:00:00+00:00,0.0,0.6429411252395053
2020-04-05 23:00:00+00:00,0.0,0.6166608604772688
2020-04-06 00:00:00+00:00,0.0,0.5829777042327121
2020-04-06 01:00:00+00:00,0.0,0.5556087789583696
2020-04-06 02:00:00+00:00,0.0,0.5338355687162515
2020-04-06 03:00:00+00:00,0.0,0.5271947395924055
2020-04-06 04:00:00+00:00,0.0016693477403101952,0.5357951576380422
2020-04-06 05:00:00+00:00,0.07114456551431086,0.5038538582128549
2020-04-06 06:00:00+00:00,0.26560840137190034,0.4270815188991465
2020-04-06 07:00:00+00:00,0.5103651318784714,0.31283748475875284
2020-04-06 08:00:00+00:00,0.7130239475521292,0.25431109562793935
2020-04-06 09:00:00+00:00,0.8513976993352961,0.2516983103988852
2020-04-06 10:00:00+00:00,0.9230885968373448,0.2424229228357429
2020-04-06 11:00:00+00:00,0.9326494066227577,0.24501393485455494
2020-04-06 12:00:00+00:00,0.8864540018818102,0.27434244905068805
2020-04-06 13:00:00+00:00,0.781072631802592,0.28098327817453406
2020-04-06 14:00:00+00:00,0.6134094151212554,0.2818324333739767
2020-04-06 15:00:00+00:00,0.3950587306886818,0.26652586657376764
2020-04-06 16:00:00+00:00,0.1664794973745713,0.22626720083609128
2020-04-06 17:00:00+00:00,0.026406046073997633,0.19656854206584218
2020-04-06 18:00:00+00:00,6.0703554193098006e-05,0.2227834871973524
2020-04-06 19:00:00+00:00,0.0,0.25522557045810834
2020-04-06 20:00:00+00:00,0.0,0.25642309702142485
2020-04-06 21:00:00+00:00,0.0,0.2433809440863961
2020-04-06 22:00:00+00:00,0.0,0.22938076990071415
2020-04-06 23:00:00+00:00,0.0,0.20244730883121406
2020-04-07 00:00:00+00:00,0.0,0.19576293328688382
2020-04-07 01:00:00+00:00,0.0,0.19354206584218778
2020-04-07 02:00:00+00:00,0.0,0.20109736979620274
2020-04-07 03:00:00+00:00,0.0,0.18518115310921443
2020-04-07 04:00:00+00:00,0.0019121619570825871,0.1626676537188643
2020-04-07 05:00:00+00:00,0.06823079491304215,0.15106253265981537
2020-04-07 06:00:00+00:00,0.2436033629769023,0.12434680369273646
2020-04-07 07:00:00+00:00,0.4669013870762133,0.08931370841316844
2020-04-07 08:00:00+00:00,0.665584119950223,0.07929803170179411
2020-04-07 09:00:00+00:00,0.8008923422466385,0.07905852638913081
2020-04-07 10:00:00+00:00,0.8771360063131697,0.07513934854554956
2020-04-07 11:00:00+00:00,0.9003854675691262,0.0635342274865006
2020-04-07 12:00:00+00:00,0.8619601177648951,0.05826511060790803
2020-04-07 13:00:00+00:00,0.7578231705466355,0.05728531614701272
2020-04-07 14:00:00+00:00,0.5923452818162503,0.0601593798989723
2020-04-07 15:00:00+00:00,0.38258415030200016,0.06638651802821809
2020-04-07 16:00:00+00:00,0.164142410538137,0.0816930848284271
2020-04-07 17:00:00+00:00,0.028166449145597475,0.11398275561748825
2020-04-07 18:00:00+00:00,9.105533128964702e-05,0.18698832955931022
2020-04-07 19:00:00+00:00,0.0,0.26554607211287234
2020-04-07 20:00:00+00:00,0.0,0.29544068977530047
2020-04-07 21:00:00+00:00,0.0,0.31153109214422575
2020-04-07 22:00:00+00:00,0.0,0.3215903152760843
2020-04-07 23:00:00+00:00,0.0,0.3273602159902456
2020-04-08 00:00:00+00:00,0.0,0.33715816059919873
2020-04-08 01:00:00+00:00,0.0,0.3334349416477965
2020-04-08 02:00:00+00:00,0.0,0.32226528479358996
2020-04-08 03:00:00+00:00,0.0,0.30504267549207453
2020-04-08 04:00:00+00:00,0.0023067350593377243,0.2884297160773384
2020-04-08 05:00:00+00:00,0.07427079855525541,0.24812750391917782
2020-04-08 06:00:00+00:00,0.26369623941481773,0.17821372583173664
2020-04-08 07:00:00+00:00,0.4935198955898868,0.09107733844278
2020-04-08 08:00:00+00:00,0.6886514705436003,0.050383208500261276
2020-04-08 09:00:00+00:00,0.8194069262755335,0.03117923706671312
2020-04-08 10:00:00+00:00,0.8901872704646857,0.026715728967078908
2020-04-08 11:00:00+00:00,0.8992928035936504,0.03093973175404982
2020-04-08 12:00:00+00:00,0.8540686557197924,0.03559919874586309
2020-04-08 13:00:00+00:00,0.7467144201292986,0.03834262323636997
2020-04-08 14:00:00+00:00,0.578838741008286,0.037841839400801255
2020-04-08 15:00:00+00:00,0.3697149968130634,0.03540323985368403
2020-04-08 16:00:00+00:00,0.1599842170759098,0.034205713290367534
2020-04-08 17:00:00+00:00,0.02922876134397669,0.037036230621842886
2020-04-08 18:00:00+00:00,0.000151758885482745,0.052560529524473085
2020-04-08 19:00:00+00:00,0.0,0.06749695175056611
2020-04-08 20:00:00+00:00,0.0,0.0810834349416478
2020-04-08 21:00:00+00:00,0.0,0.08870405852638913
2020-04-08 22:00:00+00:00,0.0,0.09419090750740289
2020-04-08 23:00:00+00:00,0.0,0.09582389827556174
2020-04-09 00:00:00+00:00,0.0,0.09908987981187946
2020-04-09 01:00:00+00:00,0.0,0.1101942170353597
2020-04-09 02:00:00+00:00,0.0,0.12574028914823202
2020-04-09 03:00:00+00:00,0.0,0.1331867270510364
2020-04-09 04:00:00+00:00,0.002944122378365253,0.13168437554433027
2020-04-09 05:00:00+00:00,0.07272285792333141,0.1234323288625675
2020-04-09 06:00:00+00:00,0.24132697969466113,0.09499651628636126
2020-04-09 07:00:00+00:00,0.45148268431116645,0.07679411252395053
2020-04-09 08:00:00+00:00,0.6402100342975081,0.09201358648319108
2020-04-09 09:00:00+00:00,0.7783713236409991,0.10398885211635603
2020-04-09 10:00:00+00:00,0.8518833277688409,0.12667653718864308
2020-04-09 11:00:00+00:00,0.849455185601117,0.15848719735237762
2020-04-09 12:00:00+00:00,0.7812243906880748,0.1840707193868664
2020-04-09 13:00:00+00:00,0.6727774911221052,0.19661208848632641
2020-04-09 14:00:00+00:00,0.5300634352141318,0.20725918829472217
2020-04-09 15:00:00+00:00,0.3518681518802926,0.2057350635777739
2020-04-09 16:00:00+00:00,0.15555285761981363,0.19759188294722174
2020-04-09 17:00:00+00:00,0.03077670197590069,0.17801776693955756
2020-04-09 18:00:00+00:00,0.00021246243967584303,0.18139261452708588
2020-04-09 19:00:00+00:00,0.0,0.18751088660512105
2020-04-09 20:00:00+00:00,0.0,0.18942692910642744
2020-04-09 21:00:00+00:00,0.0,0.18343929628984498
2020-04-09 22:00:00+00:00,0.0,0.16238460198571678
2020-04-09 23:00:00+00:00,0.0,0.13982755617488243
2020-04-10 00:00:00+00:00,0.0,0.11848981013760669
2020-04-10 01:00:00+00:00,0.0,0.10727660686291586
2020-04-10 02:00:00+00:00,0.0,0.09723915694129942
2020-04-10 03:00:00+00:00,0.0,0.08829036753178889
2020-04-10 04:00:00+00:00,0.003277991926427292,0.07799163908726703
2020-04-10 05:00:00+00:00,0.07776125292135855,0.06407855774255357
2020-04-10 06:00:00+00:00,0.2578686982122803,0.04176101724438251
2020-04-10 07:00:00+00:00,0.4835038091480256,0.024277129419961678
2020-04-10 08:00:00+00:00,0.6804564907275321,0.020793415781222784
2020-04-10 09:00:00+00:00,0.820985218684554,0.02623671834175231
2020-04-10 10:00:00+00:00,0.890035511579203,0.036121755791673926
2020-04-10 11:00:00+00:00,0.8814763104379761,0.045266504093363524
2020-04-10 12:00:00+00:00,0.8246274319361399,0.05796028566451838
2020-04-10 13:00:00+00:00,0.7285033538713692,0.06706148754572375
2020-04-10 14:00:00+00:00,0.5816918080553617,0.07816582476920397
2020-04-10 15:00:00+00:00,0.37988284214040735,0.08715816059919874
2020-04-10 16:00:00+00:00,0.1723070385771087,0.09530134122975091
2020-04-10 17:00:00+00:00,0.03542052387167269,0.10172443825117575
2020-04-10 18:00:00+00:00,0.00033386954806203904,0.12698136213203273
2020-04-10 19:00:00+00:00,0.0,0.15356645183765893
2020-04-10 20:00:00+00:00,0.0,0.15848719735237762
2020-04-10 21:00:00+00:00,0.0,0.14568454973001219
2020-04-10 22:00:00+00:00,0.0,0.13314318063055217
2020-04-10 23:00:00+00:00,0.0,0.12060181153109215
2020-04-11 00:00:00+00:00,0.0,0.10546943041282006
2020-04-11 01:00:00+00:00,0.0,0.09686901236718341
2020-04-11 02:00:00+00:00,0.0,0.08900888346977878
2020-04-11 03:00:00+00:00,0.0,0.08582999477442954
2020-04-11 04:00:00+00:00,0.004401007678999606,0.08543807699007142
2020-04-11 05:00:00+00:00,0.08838437490515069,0.07860128897404633
2020-04-11 06:00:00+00:00,0.28394087473821594,0.06952186030308309
2020-04-11 07:00:00+00:00,0.5140073451300574,0.04916390872670266
2020-04-11 08:00:00+00:00,0.7109296749324673,0.03642658073506358
2020-04-11 09:00:00+00:00,0.8432027195192279,0.033182372408987984
2020-04-11 10:00:00+00:00,0.9114031626551735,0.02950269987807002
2020-04-11 11:00:00+00:00,0.9202658815673658,0.02669395575683679
2020-04-11 12:00:00+00:00,0.8716423346586942,0.022469952969865876
2020-04-11 13:00:00+00:00,0.7685069960846208,0.02186030308308657
2020-04-11 14:00:00+00:00,0.607248004370656,0.025344016721825468
2020-04-11 15:00:00+00:00,0.3976993352960816,0.029916390872670263
2020-04-11 16:00:00+00:00,0.17804352444835644,0.03790715903152761
2020-04-11 17:00:00+00:00,0.0366042431784381,0.05219038495035708
2020-04-11 18:00:00+00:00,0.00042492487935168606,0.0857864483539453
2020-04-11 19:00:00+00:00,0.0,0.12913690994600244
2020-04-11 20:00:00+00:00,0.0,0.17102856645183764
2020-04-11 21:00:00+00:00,0.0,0.19561052081518898
2020-04-11 22:00:00+00:00,0.0,0.20678017766939558
2020-04-11 23:00:00+00:00,0.0,0.2205190733321721
2020-04-12 00:00:00+00:00,0.0,0.21762323636997039
2020-04-12 01:00:00+00:00,0.0,0.21845061835917087
2020-04-12 02:00:00+00:00,0.0,0.1993337397665912
2020-04-12 03:00:00+00:00,0.0,0.1914300644487023
2020-04-12 04:00:00+00:00,0.0052812092147995265,0.1886213203274691
2020-04-12 05:00:00+00:00,0.0898716119828816,0.16586831562445567
2020-04-12 06:00:00+00:00,0.2741979542902237,0.12876676537188642
2020-04-12 07:00:00+00:00,0.4827450147206119,0.07017505661034663
2020-04-12 08:00:00+00:00,0.6649770844082921,0.04711722696394356
2020-04-12 09:00:00+00:00,0.7902692202628464,0.04676885560006967
2020-04-12 10:00:00+00:00,0.8534312684007649,0.058352203448876504
2020-04-12 11:00:00+00:00,0.8486963911737032,0.07912384601985717
2020-04-12 12:00:00+00:00,0.7712690078004067,0.10348806828078731
2020-04-12 13:00:00+00:00,0.6439129511032871,0.1254790106253266
2020-04-12 14:00:00+00:00,0.4909096427595836,0.13815101898623933
2020-04-12 15:00:00+00:00,0.3158709442437855,0.12872321895140218
2020-04-12 16:00:00+00:00,0.14371566455215953,0.11890350113220693
2020-04-12 17:00:00+00:00,0.0304124806507421,0.12323636997038842
2020-04-12 18:00:00+00:00,0.00030351777096549,0.1586831562445567
2020-04-12 19:00:00+00:00,0.0,0.20286099982581432
2020-04-12 20:00:00+00:00,0.0,0.23386605121059048
2020-04-12 21:00:00+00:00,0.0,0.2783704929454799
2020-04-12 22:00:00+00:00,0.0,0.3225265633164954
2020-04-12 23:00:00+00:00,0.0,0.3636126110433722
2020-04-13 00:00:00+00:00,0.0,0.408378331301167
2020-04-13 01:00:00+00:00,0.0,0.4536666086047727
2020-04-13 02:00:00+00:00,0.0,0.49224873715380596
2020-04-13 03:00:00+00:00,0.0,0.4784880682807873
2020-04-13 04:00:00+00:00,0.004158193462227213,0.4798815537362829
2020-04-13 05:00:00+00:00,0.06052144353051871,0.47905417174708237
2020-04-13 06:00:00+00:00,0.17182141014356392,0.4965598327817453
2020-04-13 07:00:00+00:00,0.30464078671806233,0.5091882947221739
2020-04-13 08:00:00+00:00,0.4455944395544359,0.5276084305870057
2020-04-13 09:00:00+00:00,0.5457249521959511,0.5406288103117923
2020-04-13 10:00:00+00:00,0.6165356481621999,0.5455277826162689
2020-04-13 11:00:00+00:00,0.6517133578171002,0.46775387563142307
2020-04-13 12:00:00+00:00,0.6315901296020882,0.38928322591882947
2020-04-13 13:00:00+00:00,0.5739824566728382,0.3529001916042501
2020-04-13 14:00:00+00:00,0.470422193219413,0.3770466817627591
2020-04-13 15:00:00+00:00,0.3158709442437855,0.5473349590663648
2020-04-13 16:00:00+00:00,0.15139466415758643,0.625566103466295
2020-04-13 17:00:00+00:00,0.034995598992321,0.6484932938512454
2020-04-13 18:00:00+00:00,0.0006373873190275291,0.5933635255182024
2020-04-13 19:00:00+00:00,0.0,0.5401715728967079
2020-04-13 20:00:00+00:00,0.0,0.5267810485978053
2020-04-13 21:00:00+00:00,0.0,0.5264326772339314
2020-04-13 22:00:00+00:00,0.0,0.489679498345236
2020-04-13 23:00:00+00:00,0.0,0.4524908552516983
2020-04-14 00:00:00+00:00,0.0,0.4263194565406723
2020-04-14 01:00:00+00:00,0.0,0.4023471520641003
2020-04-14 02:00:00+00:00,0.0,0.3784183940080125
2020-04-14 03:00:00+00:00,0.0,0.3603248562968124
2020-04-14 04:00:00+00:00,0.0062828178589856435,0.34499651628636124
2020-04-14 05:00:00+00:00,0.09239080948189517,0.2998388782442083
2020-04-14 06:00:00+00:00,0.28066288281178864,0.2334959066364745
2020-04-14 07:00:00+00:00,0.49391446869214195,0.24949921616443127
2020-04-14 08:00:00+00:00,0.5992047834400704,0.27253527260059224
2020-04-14 09:00:00+00:00,0.5970194554891189,0.2777390698484585
2020-04-14 10:00:00+00:00,0.6043949373235803,0.2607995122800906
2020-04-14 11:00:00+00:00,0.6277658056879231,0.2594278000348371
2020-04-14 12:00:00+00:00,0.6338058093301363,0.275256923880857
2020-04-14 13:00:00+00:00,0.6019060916016633,0.289082912384602
2020-04-14 14:00:00+00:00,0.527422830606732,0.29903326946524994
2020-04-14 15:00:00+00:00,0.3781224390688075,0.30312663299076814
2020-04-14 16:00:00+00:00,0.18523689562023857,0.29672530917958545
2020-04-14 17:00:00+00:00,0.04316022703129268,0.2636082564013238
2020-04-14 18:00:00+00:00,0.0008498497587033721,0.24213987110259536
2020-04-14 19:00:00+00:00,0.0,0.25489897230447656
2020-04-14 20:00:00+00:00,0.0,0.28196307263542936
2020-04-14 21:00:00+00:00,0.0,0.29772687685072285
2020-04-14 22:00:00+00:00,0.0,0.3205234279742205
2020-04-14 23:00:00+00:00,0.0,0.3363525518202404
2020-04-15 00:00:00+00:00,0.0,0.3314535795157638
2020-04-15 01:00:00+00:00,0.0,0.3182372408987981
2020-04-15 02:00:00+00:00,0.0,0.3188251175753353
2020-04-15 03:00:00+00:00,0.0,0.32104598502003134
2020-04-15 04:00:00+00:00,0.006434576744468389,0.3341099111653022
2020-04-15 05:00:00+00:00,0.08938598354933681,0.3205669743947048
2020-04-15 06:00:00+00:00,0.25814186420614926,0.3073288625674969
2020-04-15 07:00:00+00:00,0.46799405105168906,0.33898711025953665
2020-04-15 08:00:00+00:00,0.6610010016086442,0.36629071590315276
2020-04-15 09:00:00+00:00,0.8102103378152791,0.3437554433025605
2020-04-15 10:00:00+00:00,0.8868182232069688,0.31743163211983977
2020-04-15 11:00:00+00:00,0.9044829574771603,0.29435202926319454
2020-04-15 12:00:00+00:00,0.8733116823990045,0.2749085525169831
2020-04-15 13:00:00+00:00,0.7810119282483989,0.26088660512105905
2020-04-15 14:00:00+00:00,0.6254287188514888,0.2552908900888347
2020-04-15 15:00:00+00:00,0.41575864266852824,0.25021773210242115
2020-04-15 16:00:00+00:00,0.1979542902236926,0.23149277129419962
2020-04-15 17:00:00+00:00,0.0456490727532097,0.20503832085002613
2020-04-15 18:00:00+00:00,0.0007284426503171761,0.21405242989026302
2020-04-15 19:00:00+00:00,0.0,0.24817105033966208
2020-04-15 20:00:00+00:00,0.0,0.264196133077861
2020-04-15 21:00:00+00:00,0.0,0.258665737676363
2020-04-15 22:00:00+00:00,0.0,0.25076206235847415
2020-04-15 23:00:00+00:00,0.0,0.2451881205364919
2020-04-16 00:00:00+00:00,0.0,0.23837310573070894
2020-04-16 01:00:00+00:00,0.0,0.22337136387388956
2020-04-16 02:00:00+00:00,0.0,0.19985629681240202
2020-04-16 03:00:00+00:00,3.0351777096549003e-05,0.1797378505486849
2020-04-16 04:00:00+00:00,0.008650256472516465,0.1562881031179237
2020-04-16 05:00:00+00:00,0.10726318025920417,0.13795506009406028
2020-04-16 06:00:00+00:00,0.30688681822320696,0.11169656854206585
2020-04-16 07:00:00+00:00,0.5320666525025041,0.08739766591186204
2020-04-16 08:00:00+00:00,0.7130542993292257,0.0895096673053475
2020-04-16 09:00:00+00:00,0.8275412025374086,0.09382076293328688
2020-04-16 10:00:00+00:00,0.883236713509576,0.09499651628636126
2020-04-16 11:00:00+00:00,0.880413998239597,0.09967775648841665
2020-04-16 12:00:00+00:00,0.8298782893738429,0.10616617314056784
2020-04-16 13:00:00+00:00,0.7226758126688317,0.11195784706497126
2020-04-16 14:00:00+00:00,0.5712204449570523,0.11474481797596238
2020-04-16 15:00:00+00:00,0.3766655537681731,0.1209066364744818
2020-04-16 16:00:00+00:00,0.1783773939964185,0.12445566974394703
2020-04-16 17:00:00+00:00,0.04373691079612711,0.13227225222086744
2020-04-16 18:00:00+00:00,0.001031960421282666,0.15125849155199442
2020-04-16 19:00:00+00:00,0.0,0.1673488939209197
2020-04-16 20:00:00+00:00,0.0,0.1689165650583522
2020-04-16 21:00:00+00:00,0.0,0.159662950705452
2020-04-16 22:00:00+00:00,0.0,0.14925535620971955
2020-04-16 23:00:00+00:00,0.0,0.1408726702665041
2020-04-17 00:00:00+00:00,0.0,0.12395488590837833
2020-04-17 01:00:00+00:00,0.0,0.10814753527260058
2020-04-17 02:00:00+00:00,0.0,0.09941647796551123
2020-04-17 03:00:00+00:00,3.0351777096549003e-05,0.09891569412994251
2020-04-17 04:00:00+00:00,0.009257292014447445,0.09662950705452011
2020-04-17 05:00:00+00:00,0.10380307767019759,0.0787972478662254
2020-04-17 06:00:00+00:00,0.2915895225665463,0.04859780526040759
2020-04-17 07:00:00+00:00,0.5124594044981333,0.03017766939557568
2020-04-17 08:00:00+00:00,0.7030685646644611,0.02051036404807525
2020-04-17 09:00:00+00:00,0.8320636173247944,0.01787580560877896
2020-04-17 10:00:00+00:00,0.9015691868758916,0.01617749520989375
2020-04-17 11:00:00+00:00,0.9062433605487601,0.01933461069500087
2020-04-17 12:00:00+00:00,0.8473912647585516,0.022970736805434593
2020-04-17 13:00:00+00:00,0.7329347133274653,0.026149625500783837
2020-04-17 14:00:00+00:00,0.5651500895377425,0.027804389479184812
2020-04-17 15:00:00+00:00,0.3719306765411115,0.03070022644138652
2020-04-17 16:00:00+00:00,0.1720035208061432,0.04409075074028915
2020-04-17 17:00:00+00:00,0.04146052751388594,0.0631640829123846
2020-04-17 18:00:00+00:00,0.001123015752572313,0.11491900365789932
2020-04-17 19:00:00+00:00,0.0,0.1718124020205539
2020-04-17 20:00:00+00:00,0.0,0.19558874760494688
2020-04-17 21:00:00+00:00,0.0,0.20016112175579168
2020-04-17 22:00:00+00:00,0.0,0.20423271207106775
2020-04-17 23:00:00+00:00,0.0,0.21039453056958718
2020-04-18 00:00:00+00:00,0.0,0.21712245253440166
2020-04-18 01:00:00+00:00,0.0,0.21485803866922137
2020-04-18 02:00:00+00:00,0.0,0.2200618359170876
2020-04-18 03:00:00+00:00,6.0703554193098006e-05,0.21394356383905241
2020-04-18 04:00:00+00:00,0.009803624002185329,0.2059527956801951
2020-04-18 05:00:00+00:00,0.09976629131635657,0.1822853161470127
2020-04-18 06:00:00+00:00,0.25592618447810117,0.1235629681240202
2020-04-18 07:00:00+00:00,0.4461407715421738,0.08881292457759972
2020-04-18 08:00:00+00:00,0.6142896166570553,0.09186117401149625
2020-04-18 09:00:00+00:00,0.7275320970042796,0.10618794635080996
2020-04-18 10:00:00+00:00,0.7811636871338817,0.1305521686117401
2020-04-18 11:00:00+00:00,0.7748505174977995,0.14335481623410556
2020-04-18 12:00:00+00:00,0.7042522839712265,0.15132381118272079
2020-04-18 13:00:00+00:00,0.581600752724072,0.16055565232537886
2020-04-18 14:00:00+00:00,0.4512095183172975,0.1808265110607908
2020-04-18 15:00:00+00:00,0.29022369259720154,0.202621494513151
2020-04-18 16:00:00+00:00,0.1373114395847877,0.21302908900888345
2020-04-18 17:00:00+00:00,0.03466172944425896,0.22489548859083783
2020-04-18 18:00:00+00:00,0.0008802015357999211,0.27399407768681416
2020-04-18 19:00:00+00:00,0.0,0.3333913952273123
2020-04-18 20:00:00+00:00,0.0,0.3470214248388782
2020-04-18 21:00:00+00:00,0.0,0.35407594495732453
2020-04-18 22:00:00+00:00,0.0,0.3620449399059397
2020-04-18 23:00:00+00:00,0.0,0.3539453056958718
2020-04-19 00:00:00+00:00,0.0,0.3349590663647448
2020-04-19 01:00:00+00:00,0.0,0.31288103117923705
2020-04-19 02:00:00+00:00,0.0,0.2942867096324682
2020-04-19 03:00:00+00:00,6.0703554193098006e-05,0.2886474481797596
2020-04-19 04:00:00+00:00,0.01007678999605427,0.2887780874412123
2020-04-19 05:00:00+00:00,0.09293714146963304,0.27667218254659465
2020-04-19 06:00:00+00:00,0.2500379397213707,0.2434027172966382
2020-04-19 07:00:00+00:00,0.4326949342884026,0.26208413168437555
2020-04-19 08:00:00+00:00,0.5984763407897532,0.27593189339836266
2020-04-19 09:00:00+00:00,0.7209761131514251,0.3104206584218777
2020-04-19 10:00:00+00:00,0.8062949585698242,0.3314535795157638
2020-04-19 11:00:00+00:00,0.8194676298297265,0.3359824072461244
2020-04-19 12:00:00+00:00,0.7930919355328254,0.34680369273645706
2020-04-19 13:00:00+00:00,0.7185783227607977,0.36409162166869885
2020-04-19 14:00:00+00:00,0.5737092906789693,0.409662950705452
2020-04-19 15:00:00+00:00,0.3820074665371658,0.45704145619230097
2020-04-19 16:00:00+00:00,0.18347649254863874,0.4770510364048075
2020-04-19 17:00:00+00:00,0.04662032962029927,0.467187772165128
2020-04-19 18:00:00+00:00,0.0017604030715998422,0.4989331126981362
2020-04-19 19:00:00+00:00,0.0,0.5490550426754921
2020-04-19 20:00:00+00:00,0.0,0.5650365789932067
2020-04-19 21:00:00+00:00,0.0,0.5566538930499912
2020-04-19 22:00:00+00:00,0.0,0.5372757359345062
2020-04-19 23:00:00+00:00,0.0,0.5155896185333565
2020-04-20 00:00:00+00:00,0.0,0.4958195436335133
2020-04-20 01:00:00+00:00,0.0,0.4930543459327643
2020-04-20 02:00:00+00:00,0.0,0.49710416303779825
2020-04-20 03:00:00+00:00,6.0703554193098006e-05,0.5065319630726354
2020-04-20 04:00:00+00:00,0.013142319482805719,0.512345410207281
2020-04-20 05:00:00+00:00,0.12213555103651319,0.4457629332868838
2020-04-20 06:00:00+00:00,0.3294685403830394,0.35594844103814666
2020-04-20 07:00:00+00:00,0.5628433544784047,0.35657986413516807
2020-04-20 08:00:00+00:00,0.7641059884056212,0.45915345758578646
2020-04-20 09:00:00+00:00,0.9007193371171882,0.5643180630552168
2020-04-20 10:00:00+00:00,0.9649740492305825,0.5671050339662079
2020-04-20 11:00:00+00:00,0.9661274167602513,0.5631423097021425
2020-04-20 12:00:00+00:00,0.9142258779251525,0.570066190559136
2020-04-20 13:00:00+00:00,0.8116672231159134,0.6036840271729663
2020-04-20 14:00:00+00:00,0.6437611922178044,0.6481449224873715
2020-04-20 15:00:00+00:00,0.42820287127811335,0.7065624455669743
2020-04-20 16:00:00+00:00,0.2042674598597748,0.7234366835046159
2020-04-20 17:00:00+00:00,0.05074817130542993,0.6919090750740289
2020-04-20 18:00:00+00:00,0.0021853279509515284,0.6918437554433026
2020-04-20 19:00:00+00:00,0.0,0.7137476049468734
2020-04-20 20:00:00+00:00,0.0,0.7103945305695871
2020-04-20 21:00:00+00:00,0.0,0.717013586483191
2020-04-20 22:00:00+00:00,0.0,0.7011844626371712
2020-04-20 23:00:00+00:00,0.0,0.6911034662950706
2020-04-21 00:00:00+00:00,0.0,0.6856819369447831
2020-04-21 01:00:00+00:00,0.0,0.6759057655460721
2020-04-21 02:00:00+00:00,0.0,0.6713551646054694
2020-04-21 03:00:00+00:00,3.0351777096549003e-05,0.6733365267375022
2020-04-21 04:00:00+00:00,0.015479406319239991,0.6659771816756662
2020-04-21 05:00:00+00:00,0.12744711202840928,0.5976963943563839
2020-04-21 06:00:00+00:00,0.33814914863265244,0.5496646925622714
2020-04-21 07:00:00+00:00,0.5737699942331623,0.5824551471869013
2020-04-21 08:00:00+00:00,0.7663823716878624,0.6187075422400279
2020-04-21 09:00:00+00:00,0.881961938871521,0.6261539801428323
2020-04-21 10:00:00+00:00,0.9567487176374176,0.5833696220170702
2020-04-21 11:00:00+00:00,0.9699213888973199,0.5615964117749521
2020-04-21 12:00:00+00:00,0.9175645734057729,0.5407159031527609
2020-04-21 13:00:00+00:00,0.818496372962637,0.5719169134297161
2020-04-21 14:00:00+00:00,0.6553859228457827,0.6550905765546072
2020-04-21 15:00:00+00:00,0.43302880383646464,0.7489984323288625
2020-04-21 16:00:00+00:00,0.20554223449782985,0.8076990071416129
2020-04-21 17:00:00+00:00,0.05080887485962303,0.7557263542936771
2020-04-21 18:00:00+00:00,0.0023674386135308224,0.7247866225396272
2020-04-21 19:00:00+00:00,0.0,0.7183417523079603
2020-04-21 20:00:00+00:00,0.0,0.6971128723218951
2020-04-21 21:00:00+00:00,0.0,0.6859432154676885
2020-04-21 22:00:00+00:00,0.0,0.6604903326946525
2020-04-21 23:00:00+00:00,0.0,0.6355382337571851
2020-04-22 00:00:00+00:00,0.0,0.6156157463856471
2020-04-22 01:00:00+00:00,0.0,0.5969343319979098
2020-04-22 02:00:00+00:00,0.0,0.5870928409684724
2020-04-22 03:00:00+00:00,6.0703554193098006e-05,0.571524995645358
2020-04-22 04:00:00+00:00,0.01645066318632956,0.5554345932764326
2020-04-22 05:00:00+00:00,0.13494400097125686,0.4805347500435464
2020-04-22 06:00:00+00:00,0.3563905666676784,0.3866922139000174
2020-04-22 07:00:00+00:00,0.5966552341639603,0.3534880682807873
2020-04-22 08:00:00+00:00,0.7950648010441012,0.38719299773558613
2020-04-22 09:00:00+00:00,0.924090205481531,0.451140916216687
2020-04-22 10:00:00+00:00,0.9871004947339667,0.4854990419787493
2020-04-22 11:00:00+00:00,0.9917139648526422,0.48819892004877197
2020-04-22 12:00:00+00:00,0.9417852915288191,0.48517244382511754
2020-04-22 13:00:00+00:00,0.834370352384132,0.480643616094757
2020-04-22 14:00:00+00:00,0.666191155492154,0.49161731405678455
2020-04-22 15:00:00+00:00,0.44547303244604974,0.5054433025605295
2020-04-22 16:00:00+00:00,0.2120071630193948,0.49867183417523075
2020-04-22 17:00:00+00:00,0.054572495219595105,0.46217993380944083
2020-04-22 18:00:00+00:00,0.0028530670470756064,0.46653457585786445
2020-04-22 19:00:00+00:00,0.0,0.5069021076467515
2020-04-22 20:00:00+00:00,0.0,0.5088616965685421
2020-04-22 21:00:00+00:00,0.0,0.49827991639087266
2020-04-22 22:00:00+00:00,0.0,0.4674055042675492
2020-04-22 23:00:00+00:00,0.0,0.4210503396620798
2020-04-23 00:00:00+00:00,0.0,0.3616530221215816
2020-04-23 01:00:00+00:00,0.0,0.31126981362132033
2020-04-23 02:00:00+00:00,0.0,0.2744295418916565
2020-04-23 03:00:00+00:00,9.105533128964702e-05,0.2418350461592057
2020-04-23 04:00:00+00:00,0.018362825143412146,0.2204102072809615
2020-04-23 05:00:00+00:00,0.1376149573557532,0.18245950182894966
2020-04-23 06:00:00+00:00,0.3562084560050991,0.10849590663647447
2020-04-23 07:00:00+00:00,0.5907973411843264,0.05227747779132555
2020-04-23 08:00:00+00:00,0.7765198652381097,0.05896185333565581
2020-04-23 09:00:00+00:00,0.9001426533523538,0.09301515415432851
2020-04-23 10:00:00+00:00,0.9644580690199411,0.08424055042675492
2020-04-23 11:00:00+00:00,0.9681609858257201,0.06383905242989026
2020-04-23 12:00:00+00:00,0.9171396485264213,0.05205974568890437
2020-04-23 13:00:00+00:00,0.8102710413694721,0.04145619230099286
2020-04-23 14:00:00+00:00,0.6459768719458524,0.03070022644138652
2020-04-23 15:00:00+00:00,0.43114699365647857,0.02575770771642571
2020-04-23 16:00:00+00:00,0.20481379184751267,0.026737502177321026
2020-04-23 17:00:00+00:00,0.0533280723586366,0.028980142832259186
2020-04-23 18:00:00+00:00,0.003095881263847998,0.04051994426058178
2020-04-23 19:00:00+00:00,0.0,0.045941473610869185
2020-04-23 20:00:00+00:00,0.0,0.05116704406897753
2020-04-23 21:00:00+00:00,0.0,0.05057916739244034
2020-04-23 22:00:00+00:00,0.0,0.05395401497996865
2020-04-23 23:00:00+00:00,0.0,0.062685072287058
2020-04-24 00:00:00+00:00,0.0,0.07043633513325205
2020-04-24 01:00:00+00:00,0.0,0.07707716425709807
2020-04-24 02:00:00+00:00,0.0,0.09318933983626546
2020-04-24 03:00:00+00:00,9.105533128964702e-05,0.11785838704058527
2020-04-24 04:00:00+00:00,0.018818101799860383,0.14439993032572723
2020-04-24 05:00:00+00:00,0.11812911645976872,0.15776868141438774
2020-04-24 06:00:00+00:00,0.2890399732904362,0.1485803866922139
2020-04-24 07:00:00+00:00,0.4831092360457705,0.13856470998083958
2020-04-24 08:00:00+00:00,0.6593620056454306,0.15781222783487198
2020-04-24 09:00:00+00:00,0.7729383555407169,0.2091099111653022
2020-04-24 10:00:00+00:00,0.8342489452757459,0.27693346106950006
2020-04-24 11:00:00+00:00,0.8372234194312077,0.3542283574290193
2020-04-24 12:00:00+00:00,0.7824081099948402,0.4256662602334088
2020-04-24 13:00:00+00:00,0.6895013203023037,0.48155809092492596
2020-04-24 14:00:00+00:00,0.5559838528545846,0.5107341926493643
2020-04-24 15:00:00+00:00,0.3772725893101041,0.522317540498171
2020-04-24 16:00:00+00:00,0.18988071751601057,0.5168089183069151
2020-04-24 17:00:00+00:00,0.05730415515828452,0.5003919177843581
2020-04-24 18:00:00+00:00,0.003460102589006586,0.4949921616443128
2020-04-24 19:00:00+00:00,0.0,0.507577077164257
2020-04-24 20:00:00+00:00,0.0,0.5064884166521512
2020-04-24 21:00:00+00:00,0.0,0.5037667653718865
2020-04-24 22:00:00+00:00,0.0,0.49259710851767985
2020-04-24 23:00:00+00:00,0.0,0.4677756488416652
2020-04-25 00:00:00+00:00,0.0,0.42899756140045286
2020-04-25 01:00:00+00:00,0.0,0.3738024734366835
2020-04-25 02:00:00+00:00,0.0,0.3176058178017767
2020-04-25 03:00:00+00:00,9.105533128964702e-05,0.2931980491203623
2020-04-25 04:00:00+00:00,0.01590433119859168,0.26737502177321026
2020-04-25 05:00:00+00:00,0.10274076547181837,0.2181240202055391
2020-04-25 06:00:00+00:00,0.251767991015874,0.181414387737328
2020-04-25 07:00:00+00:00,0.43484991046225757,0.14614178714509668
2020-04-25 08:00:00+00:00,0.6063374510577595,0.11230621842884515
2020-04-25 09:00:00+00:00,0.7382462743193614,0.08302125065319631
2020-04-25 10:00:00+00:00,0.8103620967007619,0.06505835220344888
2020-04-25 11:00:00+00:00,0.823534767960664,0.06462288799860652
2020-04-25 12:00:00+00:00,0.7818314262300058,0.06978313882598851
2020-04-25 13:00:00+00:00,0.6854645339484627,0.0856558090924926
2020-04-25 14:00:00+00:00,0.5548001335478192,0.10174621146141787
2020-04-25 15:00:00+00:00,0.37897228882751083,0.10618794635080996
2020-04-25 16:00:00+00:00,0.1947977054056515,0.10740724612436857
2020-04-25 17:00:00+00:00,0.05590797341184326,0.10281309876328165
2020-04-25 18:00:00+00:00,0.0034297508119100375,0.10414126458805086
2020-04-25 19:00:00+00:00,0.0,0.11258927016199269
2020-04-25 20:00:00+00:00,0.0,0.10644922487371537
2020-04-25 21:00:00+00:00,0.0,0.09885037449921616
2020-04-25 22:00:00+00:00,0.0,0.08848632642396795
2020-04-25 23:00:00+00:00,0.0,0.07868838181501481
2020-04-26 00:00:00+00:00,0.0,0.06902107646751438
2020-04-26 01:00:00+00:00,0.0,0.06288103117923706
2020-04-26 02:00:00+00:00,0.0,0.05578296464030657
2020-04-26 03:00:00+00:00,0.00018211066257929403,0.04757446437902804
2020-04-26 04:00:00+00:00,0.021792575955322184,0.038974046333391396
2020-04-26 05:00:00+00:00,0.13555103651318784,0.02937206061661731
2020-04-26 06:00:00+00:00,0.33071296324399796,0.01661295941473611
2020-04-26 07:00:00+00:00,0.538592284578262,0.009536666086047727
2020-04-26 08:00:00+00:00,0.7112938962576258,0.011126110433722348
2020-04-26 09:00:00+00:00,0.8180107445290922,0.017505661034662952
2020-04-26 10:00:00+00:00,0.8583179045133092,0.02368925274342449
2020-04-26 11:00:00+00:00,0.8561022247852612,0.0297204319804912
2020-04-26 12:00:00+00:00,0.8309102497951255,0.03096150496429194
2020-04-26 13:00:00+00:00,0.7504780404892707,0.03265981536317715
2020-04-26 14:00:00+00:00,0.6139860988860898,0.03059136039017593
2020-04-26 15:00:00+00:00,0.41912768992624516,0.026650409336352553
2020-04-26 16:00:00+00:00,0.210914499043919,0.020924055042675492
2020-04-26 17:00:00+00:00,0.059246668892463654,0.020749869360738547
2020-04-26 18:00:00+00:00,0.004188545239323762,0.02950269987807002
2020-04-26 19:00:00+00:00,0.0,0.041369099460024386
2020-04-26 20:00:00+00:00,0.0,0.05223393137084131
2020-04-26 21:00:00+00:00,0.0,0.06000696742727747
2020-04-26 22:00:00+00:00,0.0,0.06564622887998607
2020-04-26 23:00:00+00:00,0.0,0.08019073332172096
2020-04-27 00:00:00+00:00,0.0,0.09466991813272949
2020-04-27 01:00:00+00:00,0.0,0.1040759449573245
2020-04-27 02:00:00+00:00,0.0,0.11402630203797248
2020-04-27 03:00:00+00:00,0.00027316599386894105,0.11378679672530918
2020-04-27 04:00:00+00:00,0.02069991197984642,0.10738547291412645
2020-04-27 05:00:00+00:00,0.12662761404680245,0.10074464379028043
2020-04-27 06:00:00+00:00,0.3008164628038972,0.07931980491203623
2020-04-27 07:00:00+00:00,0.4990135672443622,0.05600069674272775
2020-04-27 08:00:00+00:00,0.6751752815127325,0.058918306915171574
2020-04-27 09:00:00+00:00,0.8038971681791969,0.06163995819543633
2020-04-27 10:00:00+00:00,0.8496676480407928,0.06542849677756489
2020-04-27 11:00:00+00:00,0.8403800042492487,0.0749433896533705
2020-04-27 12:00:00+00:00,0.7765198652381097,0.08802908900888347
2020-04-27 13:00:00+00:00,0.694994991956779,0.09379898972304476
2020-04-27 14:00:00+00:00,0.5578049594803776,0.09593276432677234
2020-04-27 15:00:00+00:00,0.3827359091874829,0.08898711025953666
2020-04-27 16:00:00+00:00,0.19762042067563057,0.07524821459676015
2020-04-27 17:00:00+00:00,0.0593984277779464,0.05443302560529525
2020-04-27 18:00:00+00:00,0.004734877227061645,0.04711722696394356
2020-04-27 19:00:00+00:00,0.0,0.0534096847239157
2020-04-27 20:00:00+00:00,0.0,0.06656070371015503
2020-04-27 21:00:00+00:00,0.0,0.07646751437031876
2020-04-27 22:00:00+00:00,0.0,0.0837397665911862
2020-04-27 23:00:00+00:00,0.0,0.08687510886605121
2020-04-28 00:00:00+00:00,0.0,0.08815972827033618
2020-04-28 01:00:00+00:00,0.0,0.09863264239679498
2020-04-28 02:00:00+00:00,0.0,0.10128897404633339
2020-04-28 03:00:00+00:00,0.00027316599386894105,0.1020292631945654
2020-04-28 04:00:00+00:00,0.02376544146659787,0.09558439296289845
2020-04-28 05:00:00+00:00,0.12316751145779585,0.08552516983103989
2020-04-28 06:00:00+00:00,0.2668224724557623,0.07135080996342101
2020-04-28 07:00:00+00:00,0.40474094758248097,0.06135690646228879
2020-04-28 08:00:00+00:00,0.5064497526330166,0.056610346629507056
2020-04-28 09:00:00+00:00,0.5653929037545148,0.06092144225744643
2020-04-28 10:00:00+00:00,0.5727987373660728,0.0742248737153806
2020-04-28 11:00:00+00:00,0.5389565059034207,0.09438686639958195
2020-04-28 12:00:00+00:00,0.4851731568883358,0.11618184985194217
2020-04-28 13:00:00+00:00,0.40103803077670197,0.13610433722348023
2020-04-28 14:00:00+00:00,0.29234831699396,0.14067671137432503
2020-04-28 15:00:00+00:00,0.17971287218866666,0.14370318759797945
2020-04-28 16:00:00+00:00,0.09788448113637054,0.15637519595889218
2020-04-28 17:00:00+00:00,0.033993990348134884,0.15694129942518725
2020-04-28 18:00:00+00:00,0.0023370868364342733,0.16645619230099284
2020-04-28 19:00:00+00:00,0.0,0.17309702142483888
2020-04-28 20:00:00+00:00,0.0,0.17921529350287407
2020-04-28 21:00:00+00:00,0.0,0.18947047552691168
2020-04-28 22:00:00+00:00,0.0,0.19071154851071243
2020-04-28 23:00:00+00:00,0.0,0.1877939383382686
2020-04-29 00:00:00+00:00,0.0,0.1856383905242989
2020-04-29 01:00:00+00:00,0.0,0.16821982233060442
2020-04-29 02:00:00+00:00,0.0,0.16240637519595888
2020-04-29 03:00:00+00:00,0.000151758885482745,0.16142658073506358
2020-04-29 04:00:00+00:00,0.011108750417336935,0.15988068280787318
2020-04-29 05:00:00+00:00,0.05451179166540201,0.14884166521511932
2020-04-29 06:00:00+00:00,0.11633836161107233,0.13662689426929106
2020-04-29 07:00:00+00:00,0.19947187907852004,0.14864570632294025
2020-04-29 08:00:00+00:00,0.28321243208789876,0.1685681936944783
2020-04-29 09:00:00+00:00,0.35469086715027165,0.19606775823027348
2020-04-29 10:00:00+00:00,0.40468024402828784,0.21111304650757706
2020-04-29 11:00:00+00:00,0.427686891067472,0.2149015850897056
2020-04-29 12:00:00+00:00,0.42944729413907184,0.2266808918306915
2020-04-29 13:00:00+00:00,0.403526876498619,0.2194521860303083
2020-04-29 14:00:00+00:00,0.3550854402525268,0.2116356035533879
2020-04-29 15:00:00+00:00,0.2701915197134792,0.18785925796899494
2020-04-29 16:00:00+00:00,0.1593771815339788,0.1632773036056436
2020-04-29 17:00:00+00:00,0.0533280723586366,0.1309876328165825
2020-04-29 18:00:00+00:00,0.0037636203599720765,0.1295941473610869
2020-04-29 19:00:00+00:00,0.0,0.14672966382163385
2020-04-29 20:00:00+00:00,0.0,0.1832215641874238
2020-04-29 21:00:00+00:00,0.0,0.23404023689252743
2020-04-29 22:00:00+00:00,0.0,0.2771729663821634
2020-04-29 23:00:00+00:00,0.0,0.3426014631597283
2020-04-30 00:00:00+00:00,0.0,0.40125849155199445
2020-04-30 01:00:00+00:00,0.0,0.42799599372931546
2020-04-30 02:00:00+00:00,0.0,0.4409075074028915
2020-04-30 03:00:00+00:00,0.00033386954806203904,0.4508360912732973
2020-04-30 04:00:00+00:00,0.018909157131150028,0.46372583173663123
2020-04-30 05:00:00+00:00,0.0835584423467994,0.4548859083783313
2020-04-30 06:00:00+00:00,0.1783166904422254,0.4154328514196133
2020-04-30 07:00:00+00:00,0.28057182748049897,0.40944521860303085
2020-04-30 08:00:00+00:00,0.3797917868091177,0.42335829994774427
2020-04-30 09:00:00+00:00,0.4455033842231463,0.46120013934854553
2020-04-30 10:00:00+00:00,0.48316993959996357,0.480273471520641
2020-04-30 11:00:00+00:00,0.4694205845752269,0.47567932415955405
2020-04-30 12:00:00+00:00,0.42289131028621724,0.4698005573941822
2020-04-30 13:00:00+00:00,0.37733329286429723,0.4596977878418394
2020-04-30 14:00:00+00:00,0.308434758855131,0.39348545549555825
2020-04-30 15:00:00+00:00,0.205329772058154,0.34125152412471693
2020-04-30 16:00:00+00:00,0.10793091935532825,0.2682894966033792
2020-04-30 17:00:00+00:00,0.04097489908034115,0.23510712419439123
2020-04-30 18:00:00+00:00,0.005129450329316781,0.2306218428845149
2020-04-30 19:00:00+00:00,0.0,0.26931283748475876
2020-04-30 20:00:00+00:00,0.0,0.34114265807350636
2020-04-30 21:00:00+00:00,0.0,0.4435638390524299
2020-04-30 22:00:00+00:00,0.0,0.47178191952621495
2020-04-30 23:00:00+00:00,0.0,0.4830604424316321
2020-05-01 00:00:00+00:00,0.0,0.46176624281484063
2020-05-01 01:00:00+00:00,0.0,0.45519073332172094
2020-05-01 02:00:00+00:00,0.0,0.4619186552865354
2020-05-01 03:00:00+00:00,0.00036422132515858806,0.44920310050513845
2020-05-01 04:00:00+00:00,0.023947552129177162,0.4510320501654764
2020-05-01 05:00:00+00:00,0.11524569763559657,0.4206584218777216
2020-05-01 06:00:00+00:00,0.25340698697908765,0.4096847239156941
2020-05-01 07:00:00+00:00,0.38058093301362794,0.429389479184811
2020-05-01 08:00:00+00:00,0.4740340546939023,0.4303475004354642
2020-05-01 09:00:00+00:00,0.5228397122651531,0.4102726005922313
2020-05-01 10:00:00+00:00,0.5518560111694539,0.3865615746385647
2020-05-01 11:00:00+00:00,0.5524023431571918,0.3743903501132207
2020-05-01 12:00:00+00:00,0.502261207393693,0.34031527608430584
2020-05-01 13:00:00+00:00,0.42334658694266547,0.3148841665215119
2020-05-01 14:00:00+00:00,0.3269189911069293,0.28607820937118966
2020-05-01 15:00:00+00:00,0.2252708896105867,0.25043546420484236
2020-05-01 16:00:00+00:00,0.1310589735028986,0.23386605121059048
2020-05-01 17:00:00+00:00,0.053115609918960756,0.20580038320850025
2020-05-01 18:00:00+00:00,0.006131058973502899,0.18078296464030658
2020-05-01 19:00:00+00:00,0.0,0.19005835220344888
2020-05-01 20:00:00+00:00,0.0,0.23800296115659292
2020-05-01 21:00:00+00:00,0.0,0.2654154328514196
2020-05-01 22:00:00+00:00,0.0,0.28263804215293503
2020-05-01 23:00:00+00:00,0.0,0.3076554607211287
2020-05-02 00:00:00+00:00,0.0,0.3208500261278523
2020-05-02 01:00:00+00:00,0.0,0.31656070371015504
2020-05-02 02:00:00+00:00,0.0,0.312685072287058
2020-05-02 03:00:00+00:00,0.0005463319877378821,0.30362741682633687
2020-05-02 04:00:00+00:00,0.022945943484991047,0.29071590315276086
2020-05-02 05:00:00+00:00,0.1065954411630801,0.2660250827381989
2020-05-02 06:00:00+00:00,0.24251069900142652,0.24893311269813623
2020-05-02 07:00:00+00:00,0.36586032112180167,0.25657550949311964
2020-05-02 08:00:00+00:00,0.44853856193280117,0.29626807176450093
2020-05-02 09:00:00+00:00,0.4857801924302668,0.3388346977878418
2020-05-02 10:00:00+00:00,0.5074817130542993,0.351397840097544
2020-05-02 11:00:00+00:00,0.4996509545633897,0.3819238808569935
2020-05-02 12:00:00+00:00,0.4572798737366073,0.3796812402020554
2020-05-02 13:00:00+00:00,0.42711020730263755,0.3752830517331475
2020-05-02 14:00:00+00:00,0.3483473457370929,0.3826206235847413
2020-05-02 15:00:00+00:00,0.2525267854432877,0.37047117226963944
2020-05-02 16:00:00+00:00,0.15673657692657905,0.3387911513673576
2020-05-02 17:00:00+00:00,0.06382978723404255,0.28259449573245077
2020-05-02 18:00:00+00:00,0.007405833611557957,0.24499216164431284
2020-05-02 19:00:00+00:00,0.0,0.23780700226441387
2020-05-02 20:00:00+00:00,0.0,0.24923793764152585
2020-05-02 21:00:00+00:00,0.0,0.2629768333043024
2020-05-02 22:00:00+00:00,0.0,0.2583173663124891
2020-05-02 23:00:00+00:00,0.0,0.23619578470649713
2020-05-03 00:00:00+00:00,0.0,0.21594669918132728
2020-05-03 01:00:00+00:00,0.0,0.20634471346455321
2020-05-03 02:00:00+00:00,0.0,0.20203361783661383
2020-05-03 03:00:00+00:00,0.0006373873190275291,0.18724960808221564
2020-05-03 04:00:00+00:00,0.02673991562205967,0.174599372931545
2020-05-03 05:00:00+00:00,0.11964670531459617,0.15154154328514197
2020-05-03 06:00:00+00:00,0.2820590645582299,0.12521773210242118
2020-05-03 07:00:00+00:00,0.45724952195951074,0.11949137780874412
2020-05-03 08:00:00+00:00,0.5738306977873554,0.1183809440863961
2020-05-03 09:00:00+00:00,0.6048805657571251,0.12338878244208326
2020-05-03 10:00:00+00:00,0.5913740249491608,0.12510886605121058
2020-05-03 11:00:00+00:00,0.5947127204297812,0.12301863786796724
2020-05-03 12:00:00+00:00,0.5868212583846785,0.11160947570109737
2020-05-03 13:00:00+00:00,0.5403526876498619,0.10581780177669395
2020-05-03 14:00:00+00:00,0.45354660515373174,0.08652673750217732
2020-05-03 15:00:00+00:00,0.3150514462621786,0.07476920397143355
2020-05-03 16:00:00+00:00,0.17312653655871552,0.06216251524124716
2020-05-03 17:00:00+00:00,0.06006616687407048,0.05391046855948441
2020-05-03 18:00:00+00:00,0.005736485871247762,0.05007838355687162
2020-05-03 19:00:00+00:00,0.0,0.046268071764500956
2020-05-03 20:00:00+00:00,0.0,0.045026998780700225
2020-05-03 21:00:00+00:00,0.0,0.04557132903675318
2020-05-03 22:00:00+00:00,0.0,0.045375370144574115
2020-05-03 23:00:00+00:00,0.0,0.04635516460546943
2020-05-04 00:00:00+00:00,0.0,0.04609388608256401
2020-05-04 01:00:00+00:00,0.0,0.0469212680717645
2020-05-04 02:00:00+00:00,0.0,0.05044852813098763
2020-05-04 03:00:00+00:00,0.00060703554193098,0.05861348197178192
2020-05-04 04:00:00+00:00,0.022065741949191125,0.06828078731928236
2020-05-04 05:00:00+00:00,0.09357452878866057,0.06858561226267201
2020-05-04 06:00:00+00:00,0.2008073572707682,0.06231492771294199
2020-05-04 07:00:00+00:00,0.316508331562813,0.06810660163734542
2020-05-04 08:00:00+00:00,0.41284487206725956,0.0757925448528131
2020-05-04 09:00:00+00:00,0.46851003126233043,0.09329820588747605
2020-05-04 10:00:00+00:00,0.4860230066470392,0.11483191081693085
2020-05-04 11:00:00+00:00,0.49039366254894223,0.14564100330952795
2020-05-04 12:00:00+00:00,0.47967948523386045,0.1805652325378854
2020-05-04 13:00:00+00:00,0.43742981151546423,0.2187336700923184
2020-05-04 14:00:00+00:00,0.36121649922602966,0.25860041804563666
2020-05-04 15:00:00+00:00,0.2634230734209488,0.28329123846019855
2020-05-04 16:00:00+00:00,0.1508786839469451,0.2972478662253963
2020-05-04 17:00:00+00:00,0.057638024706346554,0.29491813272948963
2020-05-04 18:00:00+00:00,0.007709351382523447,0.28096150496429195
2020-05-04 19:00:00+00:00,3.0351777096549003e-05,0.28205016547639783
2020-05-04 20:00:00+00:00,0.0,0.27980752482145965
2020-05-04 21:00:00+00:00,0.0,0.27854467862741683
2020-05-04 22:00:00+00:00,0.0,0.2779132555303954
2020-05-04 23:00:00+00:00,0.0,0.2740593973175405
2020-05-05 00:00:00+00:00,0.0,0.2752786970910991
2020-05-05 01:00:00+00:00,0.0,0.27251349939035013
2020-05-05 02:00:00+00:00,0.0,0.2629332868838181
2020-05-05 03:00:00+00:00,0.0010623121983792151,0.24055042675492075
2020-05-05 04:00:00+00:00,0.03535982031747959,0.2138129245775997
2020-05-05 05:00:00+00:00,0.14149998482411144,0.17875805608778958
2020-05-05 06:00:00+00:00,0.290193340820105,0.14816669569761365
2020-05-05 07:00:00+00:00,0.4469602695237806,0.165933635255182
2020-05-05 08:00:00+00:00,0.5757732115215346,0.171093886082564
2020-05-05 09:00:00+00:00,0.6465232039335903,0.18030395401497998
2020-05-05 10:00:00+00:00,0.680061917625277,0.18302560529524473
2020-05-05 11:00:00+00:00,0.6776641272346496,0.18313447134645533
2020-05-05 12:00:00+00:00,0.6711991987130846,0.20064013238111827
2020-05-05 13:00:00+00:00,0.6446717455307008,0.20205539104685594
2020-05-05 14:00:00+00:00,0.5507633471939782,0.21773210242118096
2020-05-05 15:00:00+00:00,0.4071083861960118,0.2403762410729838
2020-05-05 16:00:00+00:00,0.22863993686830364,0.23584741334262324
2020-05-05 17:00:00+00:00,0.07785230825264819,0.20869622017070197
2020-05-05 18:00:00+00:00,0.009651865116702582,0.1833522034488765
2020-05-05 19:00:00+00:00,3.0351777096549003e-05,0.19848458456714857
2020-05-05 20:00:00+00:00,0.0,0.20917523079602857
2020-05-05 21:00:00+00:00,0.0,0.21409597631074725
2020-05-05 22:00:00+00:00,0.0,0.204646403065668
2020-05-05 23:00:00+00:00,0.0,0.19097282703361784
2020-05-06 00:00:00+00:00,0.0,0.17501306392614527
2020-05-06 01:00:00+00:00,0.0,0.1722914126458805
2020-05-06 02:00:00+00:00,0.0,0.1804345932764327
2020-05-06 03:00:00+00:00,0.0011533675296688621,0.1789975614004529
2020-05-06 04:00:00+00:00,0.038577108689713785,0.16456192300992858
2020-05-06 05:00:00+00:00,0.1702734695116399,0.13229402543110957
2020-05-06 06:00:00+00:00,0.3813700792181382,0.08487197352377635
2020-05-06 07:00:00+00:00,0.6083406683461317,0.09318933983626546
2020-05-06 08:00:00+00:00,0.7962485203508666,0.1280264762236544
2020-05-06 09:00:00+00:00,0.905848787446505,0.15332694652499565
2020-05-06 10:00:00+00:00,0.9508908246577837,0.17148580386692214
2020-05-06 11:00:00+00:00,0.9450025799010532,0.1855077512628462
2020-05-06 12:00:00+00:00,0.9013870762133123,0.2087397665911862
2020-05-06 13:00:00+00:00,0.8077214920933621,0.23671834175230796
2020-05-06 14:00:00+00:00,0.6683764834431056,0.26465337049294546
2020-05-06 15:00:00+00:00,0.4762497344219504,0.2833347848806828
2020-05-06 16:00:00+00:00,0.25795975354357,0.2935246472739941
2020-05-06 17:00:00+00:00,0.08446899565969587,0.28980142832259187
2020-05-06 18:00:00+00:00,0.010623121983792151,0.2809179585438077
2020-05-06 19:00:00+00:00,3.0351777096549003e-05,0.3014065493816408
2020-05-06 20:00:00+00:00,0.0,0.32126371712245255
2020-05-06 21:00:00+00:00,0.0,0.3230491203623062
2020-05-06 22:00:00+00:00,0.0,0.303649190036579
2020-05-06 23:00:00+00:00,0.0,0.26842013586483193
2020-05-07 00:00:00+00:00,0.0,0.23741508448005574
2020-05-07 01:00:00+00:00,0.0,0.22265284793589968
2020-05-07 02:00:00+00:00,0.0,0.1970693259014109
2020-05-07 03:00:00+00:00,0.001123015752572313,0.1737284445218603
2020-05-07 04:00:00+00:00,0.037271982274562174,0.14836265458979273
2020-05-07 05:00:00+00:00,0.1660545724952196,0.12902804389479183
2020-05-07 06:00:00+00:00,0.3532339818496373,0.12086309005399756
2020-05-07 07:00:00+00:00,0.5403526876498619,0.11171834175230796
2020-05-07 08:00:00+00:00,0.7071964063495918,0.11474481797596238
2020-05-07 09:00:00+00:00,0.8254772816948432,0.11306828078731929
2020-05-07 10:00:00+00:00,0.8994445624791332,0.10568716251524124
2020-05-07 11:00:00+00:00,0.9298570431298753,0.09691255878766765
2020-05-07 12:00:00+00:00,0.9108568306674356,0.10205103640480752
2020-05-07 13:00:00+00:00,0.831213767566091,0.10531701794112523
2020-05-07 14:00:00+00:00,0.6835523719913801,0.08750653196307263
2020-05-07 15:00:00+00:00,0.47831365526451575,0.07093711896882077
2020-05-07 16:00:00+00:00,0.2494916077336328,0.05489026302037973
2020-05-07 17:00:00+00:00,0.08246577837132364,0.044918132729489635
2020-05-07 18:00:00+00:00,0.011139102194433485,0.03472827033617837
2020-05-07 19:00:00+00:00,3.0351777096549003e-05,0.03583870405852639
2020-05-07 20:00:00+00:00,0.0,0.03858212854903327
2020-05-07 21:00:00+00:00,0.0,0.041151367357603205
2020-05-07 22:00:00+00:00,0.0,0.04075944957324508
2020-05-07 23:00:00+00:00,0.0,0.03736282877547466
2020-05-08 00:00:00+00:00,0.0,0.031157463856471
2020-05-08 01:00:00+00:00,0.0,0.031005051384776175
2020-05-08 02:00:00+00:00,0.0,0.02904546246298554
2020-05-08 03:00:00+00:00,0.001547940631923999,0.03050426754920746
2020-05-08 04:00:00+00:00,0.0442225392296719,0.0323549904197875
2020-05-08 05:00:00+00:00,0.17667769447901174,0.03775474655983278
2020-05-08 06:00:00+00:00,0.37806173551461436,0.039453056958717994
2020-05-08 07:00:00+00:00,0.5895225665462713,0.036491900365789934
2020-05-08 08:00:00+00:00,0.7692354387349379,0.03821198397491726
2020-05-08 09:00:00+00:00,0.8859987252253619,0.05092753875631423
2020-05-08 10:00:00+00:00,0.9417245879746259,0.06791064274516635
2020-05-08 11:00:00+00:00,0.9341062919233921,0.07958108343494165
2020-05-08 12:00:00+00:00,0.8700336904725772,0.08559048946176624
2020-05-08 13:00:00+00:00,0.7658360397001245,0.08347848806828079
2020-05-08 14:00:00+00:00,0.605760767292925,0.0745950182894966
2020-05-08 15:00:00+00:00,0.4079278841776186,0.07032746908204146
2020-05-08 16:00:00+00:00,0.22011108750417338,0.06740985890959764
2020-05-08 17:00:00+00:00,0.08170698394390992,0.06730099285838705
2020-05-08 18:00:00+00:00,0.011897896621847209,0.07442083260755966
2020-05-08 19:00:00+00:00,3.0351777096549003e-05,0.08833391395227312
2020-05-08 20:00:00+00:00,0.0,0.10078819021076467
2020-05-08 21:00:00+00:00,0.0,0.10102769552342797
2020-05-08 22:00:00+00:00,0.0,0.09908987981187946
2020-05-08 23:00:00+00:00,0.0,0.0920353596934332
2020-05-09 00:00:00+00:00,0.0,0.08458892179062881
2020-05-09 01:00:00+00:00,0.0,0.07640219473959241
2020-05-09 02:00:00+00:00,0.0,0.07618446263717123
2020-05-09 03:00:00+00:00,0.001638995963213646,0.07370231666956976
2020-05-09 04:00:00+00:00,0.03970012444228609,0.07082825291761018
2020-05-09 05:00:00+00:00,0.1489058184356694,0.06714858038669222
2020-05-09 06:00:00+00:00,0.304124806507421,0.042980317017941125
2020-05-09 07:00:00+00:00,0.4764318450845297,0.017723393137084133
2020-05-09 08:00:00+00:00,0.6128023795793244,0.014696916913429718
2020-05-09 09:00:00+00:00,0.6958448417154824,0.017941125239505314
2020-05-09 10:00:00+00:00,0.7252557137220385,0.0212941996167915
2020-05-09 11:00:00+00:00,0.7183658603211218,0.024930325727225224
2020-05-09 12:00:00+00:00,0.6804868425046287,0.028435812576206233
2020-05-09 13:00:00+00:00,0.6016329256077944,0.027978575161121757
2020-05-09 14:00:00+00:00,0.49758703372082436,0.02939383382685943
2020-05-09 15:00:00+00:00,0.3661031353385741,0.03472827033617837
2020-05-09 16:00:00+00:00,0.20951831729747777,0.04289322417697265
2020-05-09 17:00:00+00:00,0.08009833975779282,0.05168960111478836
2020-05-09 18:00:00+00:00,0.01156402707378517,0.07189514021947396
2020-05-09 19:00:00+00:00,3.0351777096549003e-05,0.10444608953144051
2020-05-09 20:00:00+00:00,0.0,0.13340445915345758
2020-05-09 21:00:00+00:00,0.0,0.14836265458979273
2020-05-09 22:00:00+00:00,0.0,0.15276084305870058
2020-05-09 23:00:00+00:00,0.0,0.14239679498345237
2020-05-10 00:00:00+00:00,0.0,0.13346977878418395
2020-05-10 01:00:00+00:00,0.0,0.12948528130987633
2020-05-10 02:00:00+00:00,0.0,0.12604511409162167
2020-05-10 03:00:00+00:00,0.0019121619570825871,0.11894704755269117
2020-05-10 04:00:00+00:00,0.03590615230521747,0.10954102072809616
2020-05-10 05:00:00+00:00,0.12298540079521655,0.09166521511931719
2020-05-10 06:00:00+00:00,0.2278204388866968,0.05680630552168612
2020-05-10 07:00:00+00:00,0.33593346890460435,0.041717470823898276
2020-05-10 08:00:00+00:00,0.44629253042765654,0.05824333739766591
2020-05-10 09:00:00+00:00,0.5497313867726955,0.09676014631597282
2020-05-10 10:00:00+00:00,0.6096457947612832,0.15204232712071067
2020-05-10 11:00:00+00:00,0.6440950617658664,0.20218603030830865
2020-05-10 12:00:00+00:00,0.6042431784380976,0.22644138651802823
2020-05-10 13:00:00+00:00,0.5038091480256169,0.2528305173314753
2020-05-10 14:00:00+00:00,0.3986402403860746,0.2827904546246299
2020-05-10 15:00:00+00:00,0.27076820347831365,0.3215903152760843
2020-05-10 16:00:00+00:00,0.15033235195920722,0.3599764849329385
2020-05-10 17:00:00+00:00,0.057030989164415576,0.38675753353074377
2020-05-10 18:00:00+00:00,0.0076486478283303485,0.4189165650583522
2020-05-10 19:00:00+00:00,3.0351777096549003e-05,0.4623323462811357
2020-05-10 20:00:00+00:00,0.0,0.4672966382163386
2020-05-10 21:00:00+00:00,0.0,0.4819717819195262
2020-05-10 22:00:00+00:00,0.0,0.4934680369273646
2020-05-10 23:00:00+00:00,0.0,0.5044852813098764
2020-05-11 00:00:00+00:00,0.0,0.5147622365441561
2020-05-11 01:00:00+00:00,0.0,0.5265197700748998
2020-05-11 02:00:00+00:00,0.0,0.5345758578644836
2020-05-11 03:00:00+00:00,0.0008498497587033721,0.5519726528479358
2020-05-11 04:00:00+00:00,0.018120010926639753,0.5538886953492422
2020-05-11 05:00:00+00:00,0.04804686314383707,0.5459197004006271
2020-05-11 06:00:00+00:00,0.09451543387865359,0.5427190384950357
2020-05-11 07:00:00+00:00,0.14826843111664187,0.562314927712942
2020-05-11 08:00:00+00:00,0.19227850790663795,0.5865702839226615
2020-05-11 09:00:00+00:00,0.23841320909339242,0.6081039888521164
2020-05-11 10:00:00+00:00,0.28099675235985067,0.643986239331127
2020-05-11 11:00:00+00:00,0.2905575621452636,0.6819369447831388
2020-05-11 12:00:00+00:00,0.28676359000819496,0.7053866922139
2020-05-11 13:00:00+00:00,0.2754423771511822,0.7135298728444521
2020-05-11 14:00:00+00:00,0.251767991015874,0.703906113917436
2020-05-11 15:00:00+00:00,0.19582966582693417,0.691930848284271
2020-05-11 16:00:00+00:00,0.12620268916745075,0.6590097543981884
2020-05-11 17:00:00+00:00,0.057152396272801775,0.6000043546420484
2020-05-11 18:00:00+00:00,0.011958600176040307,0.49947744295418917
2020-05-11 19:00:00+00:00,9.105533128964702e-05,0.4373802473436683
2020-05-11 20:00:00+00:00,0.0,0.4090097543981885
2020-05-11 21:00:00+00:00,0.0,0.39540149799686464
2020-05-11 22:00:00+00:00,0.0,0.3664649015850897
2020-05-11 23:00:00+00:00,0.0,0.3445610520815189
2020-05-12 00:00:00+00:00,0.0,0.32137258317366313
2020-05-12 01:00:00+00:00,0.0,0.298118794635081
2020-05-12 02:00:00+00:00,0.0,0.27377634558439295
2020-05-12 03:00:00+00:00,0.0025495492761101165,0.2529176101724438
2020-05-12 04:00:00+00:00,0.04871460223996115,0.2287058003832085
2020-05-12 05:00:00+00:00,0.189850365738914,0.19495732450792544
2020-05-12 06:00:00+00:00,0.40343582116732934,0.17827904546246298
2020-05-12 07:00:00+00:00,0.5922845782620573,0.22565755094931197
2020-05-12 08:00:00+00:00,0.6705314596169606,0.2780003483713639
2020-05-12 09:00:00+00:00,0.6996084620754546,0.30713290367531787
2020-05-12 10:00:00+00:00,0.7128721886666465,0.3187162515241247
2020-05-12 11:00:00+00:00,0.7165144019182323,0.340337049294548
2020-05-12 12:00:00+00:00,0.6900476522900416,0.33739766591186204
2020-05-12 13:00:00+00:00,0.6191155492154066,0.3230491203623062
2020-05-12 14:00:00+00:00,0.5039609069110996,0.31320762933286883
2020-05-12 15:00:00+00:00,0.3482866421828998,0.29552778261626894
2020-05-12 16:00:00+00:00,0.19455489118887911,0.27318846890785575
2020-05-12 17:00:00+00:00,0.07930919355328254,0.224002786970911
2020-05-12 18:00:00+00:00,0.01247458038668164,0.18232886256749695
2020-05-12 19:00:00+00:00,6.0703554193098006e-05,0.1470127155547814
2020-05-12 20:00:00+00:00,0.0,0.14085089705626197
2020-05-12 21:00:00+00:00,0.0,0.14263630029611565
2020-05-12 22:00:00+00:00,0.0,0.15441560703710155
2020-05-12 23:00:00+00:00,0.0,0.16249346803692735
2020-05-13 00:00:00+00:00,0.0,0.16129594147361087
2020-05-13 01:00:00+00:00,0.0,0.15735499041978748
2020-05-13 02:00:00+00:00,0.0,0.16303779829298032
2020-05-13 03:00:00+00:00,0.0023067350593377243,0.1583347848806828
2020-05-13 04:00:00+00:00,0.04328163413967888,0.15108430587005747
2020-05-13 05:00:00+00:00,0.1540959723191793,0.12979010625326598
2020-05-13 06:00:00+00:00,0.32373205451179166,0.11611653022121582
2020-05-13 07:00:00+00:00,0.4926700458311834,0.10825640132381117
2020-05-13 08:00:00+00:00,0.5843324126627614,0.10758143180630551
2020-05-13 09:00:00+00:00,0.5734057729080038,0.09874150844800557
2020-05-13 10:00:00+00:00,0.5055999028743133,0.09305870057481275
2020-05-13 11:00:00+00:00,0.4519683127447112,0.09242727747779132
2020-05-13 12:00:00+00:00,0.4142410538137008,0.10470736805434593
2020-05-13 13:00:00+00:00,0.3446444289313139,0.12543546420484236
2020-05-13 14:00:00+00:00,0.25695814489938384,0.1544591534575858
2020-05-13 15:00:00+00:00,0.1740977934258051,0.17801776693955756
2020-05-13 16:00:00+00:00,0.11145172549852794,0.197091099111653
2020-05-13 17:00:00+00:00,0.051324855070264366,0.19602421180978924
2020-05-13 18:00:00+00:00,0.009803624002185329,0.1985281309876328
2020-05-13 19:00:00+00:00,9.105533128964702e-05,0.2213682285316147
2020-05-13 20:00:00+00:00,0.0,0.23247256575509492
2020-05-13 21:00:00+00:00,0.0,0.23852551820240375
2020-05-13 22:00:00+00:00,0.0,0.24057219996516285
2020-05-13 23:00:00+00:00,0.0,0.24767026650409335
2020-05-14 00:00:00+00:00,0.0,0.2460372757359345
2020-05-14 01:00:00+00:00,0.0,0.2501088660512106
2020-05-14 02:00:00+00:00,0.0,0.2401367357603205
2020-05-14 03:00:00+00:00,0.0023370868364342733,0.22803083086570283
2020-05-14 04:00:00+00:00,0.037818314262300055,0.20242553562097196
2020-05-14 05:00:00+00:00,0.13888973199380825,0.15685420658421878
2020-05-14 06:00:00+00:00,0.2933499256381461,0.136060790802996
2020-05-14 07:00:00+00:00,0.44777976750538745,0.14104685594844105
2020-05-14 08:00:00+00:00,0.5497920903268887,0.13937031875979794
2020-05-14 09:00:00+00:00,0.5910705071781953,0.136430935377112
2020-05-14 10:00:00+00:00,0.5846662822108234,0.13656157463856472
2020-05-14 11:00:00+00:00,0.5641181291164598,0.14742640654938163
2020-05-14 12:00:00+00:00,0.5486994263514129,0.15805173314753526
2020-05-14 13:00:00+00:00,0.5025343733875618,0.17094147361086917
2020-05-14 14:00:00+00:00,0.41767080462561085,0.17701619926842013
2020-05-14 15:00:00+00:00,0.30928460861383433,0.17455582651106077
2020-05-14 16:00:00+00:00,0.18235347679606642,0.167958543807699
2020-05-14 17:00:00+00:00,0.07678999605426898,0.15959763107472566
2020-05-14 18:00:00+00:00,0.015054481439888306,0.15824769203971434
2020-05-14 19:00:00+00:00,0.000151758885482745,0.18089183069151715
2020-05-14 20:00:00+00:00,0.0,0.2110259536666086
2020-05-14 21:00:00+00:00,0.0,0.23295157638042152
2020-05-14 22:00:00+00:00,0.0,0.2438817279219648
2020-05-14 23:00:00+00:00,0.0,0.2506531963072635
2020-05-15 00:00:00+00:00,0.0,0.25812140742031003
2020-05-15 01:00:00+00:00,0.0,0.2595366660860477
2020-05-15 02:00:00+00:00,0.0,0.2524168263368751
2020-05-15 03:00:00+00:00,0.003095881263847998,0.2397665911862045
2020-05-15 04:00:00+00:00,0.04443500166934774,0.22095453753701447
2020-05-15 05:00:00+00:00,0.16050019728655113,0.18352638913081346
2020-05-15 06:00:00+00:00,0.3224572798737366,0.15319630726354294
2020-05-15 07:00:00+00:00,0.48787446504992865,0.1549381640829124
2020-05-15 08:00:00+00:00,0.6025738306977874,0.18470214248388783
2020-05-15 09:00:00+00:00,0.6297690229762952,0.22047552691168787
2020-05-15 10:00:00+00:00,0.6184478101192825,0.23920048771990943
2020-05-15 11:00:00+00:00,0.6065802652745318,0.2679193520292632
2020-05-15 12:00:00+00:00,0.5854857801924302,0.2892353248562968
2020-05-15 13:00:00+00:00,0.5319452453941178,0.32222173837310575
2020-05-15 14:00:00+00:00,0.4433180562721947,0.36015067061487543
2020-05-15 15:00:00+00:00,0.3265547697817707,0.3695784706497126
2020-05-15 16:00:00+00:00,0.19613318359789966,0.3633513325204668
2020-05-15 17:00:00+00:00,0.08164628038971682,0.3314753527260059
2020-05-15 18:00:00+00:00,0.014842019000212462,0.28568629158683156
2020-05-15 19:00:00+00:00,0.00012140710838619601,0.2719038495035708
2020-05-15 20:00:00+00:00,0.0,0.2796333391395227
2020-05-15 21:00:00+00:00,0.0,0.29520118446263716
2020-05-15 22:00:00+00:00,0.0,0.30567409858909594
2020-05-15 23:00:00+00:00,0.0,0.3054781396969169
2020-05-16 00:00:00+00:00,0.0,0.30051384776171397
2020-05-16 01:00:00+00:00,0.0,0.3013847761713987
2020-05-16 02:00:00+00:00,0.0,0.29618097892353246
2020-05-16 03:00:00+00:00,0.0035815096973927825,0.2915432851419613
2020-05-16 04:00:00+00:00,0.056393601845388046,0.2755399756140045
2020-05-16 05:00:00+00:00,0.20047348772270618,0.23954885908378332
2020-05-16 06:00:00+00:00,0.41175220809178376,0.23212419439122103
2020-05-16 07:00:00+00:00,0.6207241934015236,0.24762672008360914
2020-05-16 08:00:00+00:00,0.7529668862111877,0.2623236369970388
2020-05-16 09:00:00+00:00,0.7954290223692597,0.2773906984845846
2020-05-16 10:00:00+00:00,0.8181017998603818,0.28063490681066017
2020-05-16 11:00:00+00:00,0.818223206968768,0.2925230796028566
2020-05-16 12:00:00+00:00,0.78073876225453,0.3042370667131162
2020-05-16 13:00:00+00:00,0.7015813275867302,0.2979228357429019
2020-05-16 14:00:00+00:00,0.5769265790512035,0.2837920222957673
2020-05-16 15:00:00+00:00,0.4198864843536589,0.2544417348893921
2020-05-16 16:00:00+00:00,0.24308738276626096,0.22985978052604075
2020-05-16 17:00:00+00:00,0.09785412935927398,0.1973088312140742
2020-05-16 18:00:00+00:00,0.01915197134792242,0.17749520989374673
2020-05-16 19:00:00+00:00,0.000151758885482745,0.1654328514196133
2020-05-16 20:00:00+00:00,0.0,0.16778435812576206
2020-05-16 21:00:00+00:00,0.0,0.18901323811182721
2020-05-16 22:00:00+00:00,0.0,0.21350809963421005
2020-05-16 23:00:00+00:00,0.0,0.2380682807873193
2020-05-17 00:00:00+00:00,0.0,0.25553039540149797
2020-05-17 01:00:00+00:00,0.0,0.26872496080822156
2020-05-17 02:00:00+00:00,3.0351777096549003e-05,0.2595366660860477
2020-05-17 03:00:00+00:00,0.0034904543661031353,0.25990681066016375
2020-05-17 04:00:00+00:00,0.057122044495705224,0.24070283922661556
2020-05-17 05:00:00+00:00,0.20007891462045102,0.21085176798467165
2020-05-17 06:00:00+00:00,0.4045891886969982,0.20667131161818497
2020-05-17 07:00:00+00:00,0.6209973593953926,0.22552691168785927
2020-05-17 08:00:00+00:00,0.786323489240295,0.2425535620971956
2020-05-17 09:00:00+00:00,0.8680304731842049,0.2625195958892179
2020-05-17 10:00:00+00:00,0.8817191246547486,0.2795897927190385
2020-05-17 11:00:00+00:00,0.8687589158345221,0.2982276606862916
2020-05-17 12:00:00+00:00,0.8258718547970983,0.3305826511060791
2020-05-17 13:00:00+00:00,0.7340577290800376,0.34778348719735236
2020-05-17 14:00:00+00:00,0.6068230794913042,0.37195175056610347
2020-05-17 15:00:00+00:00,0.4431055938325189,0.3759362480404111
2020-05-17 16:00:00+00:00,0.2567153306826115,0.3750870928409685
2020-05-17 17:00:00+00:00,0.10073754818344614,0.3328470649712594
2020-05-17 18:00:00+00:00,0.019303730233405165,0.28516373454102073
2020-05-17 19:00:00+00:00,0.00018211066257929403,0.27412471694826684
2020-05-17 20:00:00+00:00,0.0,0.2777172966382163
2020-05-17 21:00:00+00:00,0.0,0.2823985368402717
2020-05-17 22:00:00+00:00,0.0,0.2832041456192301
2020-05-17 23:00:00+00:00,0.0,0.2896925622713813
2020-05-18 00:00:00+00:00,0.0,0.28218080473785057
2020-05-18 01:00:00+00:00,0.0,0.28226789757881904
2020-05-18 02:00:00+00:00,0.0,0.26630813447134644
2020-05-18 03:00:00+00:00,0.0035815096973927825,0.24823636997038845
2020-05-18 04:00:00+00:00,0.054724254105077856,0.23025169831039888
2020-05-18 05:00:00+00:00,0.1892736819740796,0.18674882424664693
2020-05-18 06:00:00+00:00,0.38334294472941394,0.15659292806131336
2020-05-18 07:00:00+00:00,0.5776853734786171,0.16678279045462463
2020-05-18 08:00:00+00:00,0.7216135004704526,0.19373802473436683
2020-05-18 09:00:00+00:00,0.8150969739278234,0.2303823375718516
2020-05-18 10:00:00+00:00,0.8591070507178196,0.27845758578644836
2020-05-18 11:00:00+00:00,0.8600783075849091,0.29541891656505836
2020-05-18 12:00:00+00:00,0.8104531520320515,0.3114875457237415
2020-05-18 13:00:00+00:00,0.7285944092026588,0.3233974917261801
2020-05-18 14:00:00+00:00,0.5958660879594501,0.31560268245950185
2020-05-18 15:00:00+00:00,0.41618356754787994,0.3092884514892876
2020-05-18 16:00:00+00:00,0.238777430418551,0.2906505835220345
2020-05-18 17:00:00+00:00,0.09354417701156403,0.2569674272774778
2020-05-18 18:00:00+00:00,0.0182717698121225,0.23007751262846193
2020-05-18 19:00:00+00:00,0.00018211066257929403,0.2294243163211984
2020-05-18 20:00:00+00:00,0.0,0.238939209197004
2020-05-18 21:00:00+00:00,0.0,0.21810224699529698
2020-05-18 22:00:00+00:00,0.0,0.20146751437031876
2020-05-18 23:00:00+00:00,0.0,0.19328078731928236
2020-05-19 00:00:00+00:00,0.0,0.1977878418394008
2020-05-19 01:00:00+00:00,0.0,0.20532137258317365
2020-05-19 02:00:00+00:00,3.0351777096549003e-05,0.213682285316147
2020-05-19 03:00:00+00:00,0.0036118614744893316,0.2175361435290019
2020-05-19 04:00:00+00:00,0.05138555862445746,0.21106950008709283
2020-05-19 05:00:00+00:00,0.1793790026406046,0.18568193694478313
2020-05-19 06:00:00+00:00,0.3640088627189122,0.17137693781571153
2020-05-19 07:00:00+00:00,0.5498831456581783,0.17810485978052604
2020-05-19 08:00:00+00:00,0.7013688651470543,0.18748911339487895
2020-05-19 09:00:00+00:00,0.7966430934531217,0.18304737850548686
2020-05-19 10:00:00+00:00,0.8362218107870216,0.18245950182894966
2020-05-19 11:00:00+00:00,0.8249005979300088,0.19624194391221042
2020-05-19 12:00:00+00:00,0.748232008984126,0.2014021947395924
2020-05-19 13:00:00+00:00,0.6343521413178742,0.19624194391221042
2020-05-19 14:00:00+00:00,0.5139466415758642,0.18428845148928757
2020-05-19 15:00:00+00:00,0.367924241964367,0.17165998954885908
2020-05-19 16:00:00+00:00,0.2134944000971257,0.1485803866922139
2020-05-19 17:00:00+00:00,0.08802015357999211,0.1245427625849155
2020-05-19 18:00:00+00:00,0.01730051294503293,0.10052691168785925
2020-05-19 19:00:00+00:00,0.000151758885482745,0.0936030308308657
2020-05-19 20:00:00+00:00,0.0,0.08393572548336527
2020-05-19 21:00:00+00:00,0.0,0.07442083260755966
2020-05-19 22:00:00+00:00,0.0,0.06118272078035185
2020-05-19 23:00:00+00:00,0.0,0.05147186901236718
2020-05-20 00:00:00+00:00,0.0,0.040345758578644836
2020-05-20 01:00:00+00:00,0.0,0.03527260059223132
2020-05-20 02:00:00+00:00,3.0351777096549003e-05,0.03200661905591361
2020-05-20 03:00:00+00:00,0.0034904543661031353,0.030874412123323466
2020-05-20 04:00:00+00:00,0.040033993990348134,0.027564884166521513
2020-05-20 05:00:00+00:00,0.12122499772361672,0.0167218254659467
2020-05-20 06:00:00+00:00,0.23546908671502717,0.006510189862393312
2020-05-20 07:00:00+00:00,0.3616110723282848,0.005269116878592579
2020-05-20 08:00:00+00:00,0.48313958782286703,0.008752830517331476
2020-05-20 09:00:00+00:00,0.5764713023947552,0.012432503048249433
2020-05-20 10:00:00+00:00,0.6289495249946885,0.018724960808221565
2020-05-20 11:00:00+00:00,0.6403921449600875,0.02693346106950009
2020-05-20 12:00:00+00:00,0.6108598658451453,0.033508970562619755
2020-05-20 13:00:00+00:00,0.5460588217440131,0.0375370144574116
2020-05-20 14:00:00+00:00,0.4593134428020761,0.041390872670266504
2020-05-20 15:00:00+00:00,0.3612772027802228,0.04304563664866748
2020-05-20 16:00:00+00:00,0.23258566789085502,0.043785925796899494
2020-05-20 17:00:00+00:00,0.1021944334840805,0.04507054520118446
2020-05-20 18:00:00+00:00,0.023006647039184144,0.04861957847064971
2020-05-20 19:00:00+00:00,0.00042492487935168606,0.06364309353771119
2020-05-20 20:00:00+00:00,0.0,0.07738198920048772
2020-05-20 21:00:00+00:00,0.0,0.08221564187423794
2020-05-20 22:00:00+00:00,0.0,0.08151889914649016
2020-05-20 23:00:00+00:00,0.0,0.0785577425535621
2020-05-21 00:00:00+00:00,0.0,0.06714858038669222
2020-05-21 01:00:00+00:00,0.0,0.0617270510364048
2020-05-21 02:00:00+00:00,3.0351777096549003e-05,0.05360564361609476
2020-05-21 03:00:00+00:00,0.005524023431571918,0.049925971085176796
2020-05-21 04:00:00+00:00,0.06276747503566334,0.04922922835742902
2020-05-21 05:00:00+00:00,0.20781861778007102,0.03927887127678105
2020-05-21 06:00:00+00:00,0.41609251221659027,0.017375021773210243
2020-05-21 07:00:00+00:00,0.6287674143321091,0.014696916913429718
2020-05-21 08:00:00+00:00,0.7868091176738398,0.014849329385124545
2020-05-21 09:00:00+00:00,0.8661790147813154,0.014370318759797947
2020-05-21 10:00:00+00:00,0.921328193765745,0.01386953492422923
2020-05-21 11:00:00+00:00,0.9317692050869578,0.01053823375718516
2020-05-21 12:00:00+00:00,0.8939812426017544,0.01029872844452186
2020-05-21 13:00:00+00:00,0.8043220930585486,0.01865964117749521
2020-05-21 14:00:00+00:00,0.6677390961240781,0.021947395924055042
2020-05-21 15:00:00+00:00,0.4879351686041218,0.02051036404807525
2020-05-21 16:00:00+00:00,0.2843050960633745,0.030460721128723216
2020-05-21 17:00:00+00:00,0.11163383616110724,0.038886953492422924
2020-05-21 18:00:00+00:00,0.023158405924666888,0.061923009928583864
2020-05-21 19:00:00+00:00,0.00036422132515858806,0.10771207106775822
2020-05-21 20:00:00+00:00,0.0,0.17856209719561053
2020-05-21 21:00:00+00:00,0.0,0.23155809092492596
2020-05-21 22:00:00+00:00,0.0,0.26029872844452184
2020-05-21 23:00:00+00:00,0.0,0.27665040933635254
2020-05-22 00:00:00+00:00,0.0,0.2834218777216513
2020-05-22 01:00:00+00:00,0.0,0.29435202926319454
2020-05-22 02:00:00+00:00,3.0351777096549003e-05,0.2975962375892702
2020-05-22 03:00:00+00:00,0.006161410750599448,0.2862306218428845
2020-05-22 04:00:00+00:00,0.06835220202142836,0.2720562619752656
2020-05-22 05:00:00+00:00,0.19112514037696907,0.23767636300296116
2020-05-22 06:00:00+00:00,0.34291437763681065,0.20738982755617488
2020-05-22 07:00:00+00:00,0.4648981697878411,0.17185594844103813
2020-05-22 08:00:00+00:00,0.526815795064801,0.1704842361957847
2020-05-22 09:00:00+00:00,0.5550429477645916,0.2301428322591883
2020-05-22 10:00:00+00:00,0.5545269675539503,0.2823549904197875
2020-05-22 11:00:00+00:00,0.5134610131423195,0.3123367009231841
2020-05-22 12:00:00+00:00,0.45715846662822107,0.33763717122452536
2020-05-22 13:00:00+00:00,0.38701550975809634,0.3398580386692214
2020-05-22 14:00:00+00:00,0.28463896561143653,0.3369839749172618
2020-05-22 15:00:00+00:00,0.188909460648921,0.31288103117923705
2020-05-22 16:00:00+00:00,0.11145172549852794,0.3318237240898798
2020-05-22 17:00:00+00:00,0.05020183931769205,0.3296681762759101
2020-05-22 18:00:00+00:00,0.012080007284426503,0.32605382337571853
2020-05-22 19:00:00+00:00,0.00042492487935168606,0.30360564361609477
2020-05-22 20:00:00+00:00,0.0,0.2929367705974569
2020-05-22 21:00:00+00:00,0.0,0.29424316321198396
2020-05-22 22:00:00+00:00,0.0,0.28472827033617837
2020-05-22 23:00:00+00:00,0.0,0.29744382511757533
2020-05-23 00:00:00+00:00,0.0,0.3041935202926319
2020-05-23 01:00:00+00:00,0.0,0.30467253091795854
2020-05-23 02:00:00+00:00,0.0,0.29646403065668003
2020-05-23 03:00:00+00:00,0.0024584939448204692,0.29650757707716424
2020-05-23 04:00:00+00:00,0.03171760706589371,0.2773471520641003
2020-05-23 05:00:00+00:00,0.08704889671290254,0.24571067758230272
2020-05-23 06:00:00+00:00,0.15585637539077912,0.23438860825640132
2020-05-23 07:00:00+00:00,0.22587792515251767,0.28675317888869534
2020-05-23 08:00:00+00:00,0.29626369623941484,0.33143180630552166
2020-05-23 09:00:00+00:00,0.34940965793547213,0.37097195610520817
2020-05-23 10:00:00+00:00,0.3691686648253255,0.4067453405330082
2020-05-23 11:00:00+00:00,0.3933893829483716,0.4441734889392092
2020-05-23 12:00:00+00:00,0.37669590554526966,0.45893572548336525
2020-05-23 13:00:00+00:00,0.33523537803138376,0.480273471520641
2020-05-23 14:00:00+00:00,0.28928278750720854,0.5073375718515938
2020-05-23 15:00:00+00:00,0.2283060673202416,0.525997213029089
2020-05-23 16:00:00+00:00,0.1534282332230552,0.5265415432851419
2020-05-23 17:00:00+00:00,0.07936989710747565,0.49703884340707194
2020-05-23 18:00:00+00:00,0.023552979026922025,0.4666216686988329
2020-05-23 19:00:00+00:00,0.0007284426503171761,0.4698005573941822
2020-05-23 20:00:00+00:00,0.0,0.482124194391221
2020-05-23 21:00:00+00:00,0.0,0.49738721477094583
2020-05-23 22:00:00+00:00,0.0,0.5051167044068977
2020-05-23 23:00:00+00:00,0.0,0.43690123671834175
2020-05-24 00:00:00+00:00,0.0,0.4130813447134645
2020-05-24 01:00:00+00:00,0.0,0.41449660337920224
2020-05-24 02:00:00+00:00,3.0351777096549003e-05,0.40922748650060964
2020-05-24 03:00:00+00:00,0.005554375208668467,0.4174577599721303
2020-05-24 04:00:00+00:00,0.05782013536892585,0.4068542065842188
2020-05-24 05:00:00+00:00,0.17519045740128084,0.3972739940776868
2020-05-24 06:00:00+00:00,0.33857407351200414,0.41016373454102073
2020-05-24 07:00:00+00:00,0.49497678089052116,0.43311269813621317
2020-05-24 08:00:00+00:00,0.5979300088020154,0.46120013934854553
2020-05-24 09:00:00+00:00,0.6218775609311925,0.502395053126633
2020-05-24 10:00:00+00:00,0.6098886089780556,0.5243859954711723
2020-05-24 11:00:00+00:00,0.5769569308283,0.45013934854554954
2020-05-24 12:00:00+00:00,0.5316113758460558,0.4212245253440167
2020-05-24 13:00:00+00:00,0.47949737457128117,0.42366312489113395
2020-05-24 14:00:00+00:00,0.40577290800376364,0.4757446437902804
2020-05-24 15:00:00+00:00,0.2904968585910705,0.5144574116007664
2020-05-24 16:00:00+00:00,0.17166965125808117,0.5479228357429019
2020-05-24 17:00:00+00:00,0.0742100950010623,0.4995427625849155
2020-05-24 18:00:00+00:00,0.01733086472212948,0.45926232363699704
2020-05-24 19:00:00+00:00,0.00033386954806203904,0.4498345236021599
2020-05-24 20:00:00+00:00,0.0,0.46172269639435637
2020-05-24 21:00:00+00:00,0.0,0.4848458456714858
2020-05-24 22:00:00+00:00,0.0,0.4882206932590141
2020-05-24 23:00:00+00:00,0.0,0.4890263020379725
2020-05-25 00:00:00+00:00,0.0,0.48660947570109736
2020-05-25 01:00:00+00:00,0.0,0.49296725309179584
2020-05-25 02:00:00+00:00,3.0351777096549003e-05,0.4871538059571503
2020-05-25 03:00:00+00:00,0.0031869365951376454,0.48290802995993726
2020-05-25 04:00:00+00:00,0.034874191883934806,0.481754049817105
2020-05-25 05:00:00+00:00,0.09943242176829453,0.46061226267200833
2020-05-25 06:00:00+00:00,0.185813579385073,0.45678017766939555
2020-05-25 07:00:00+00:00,0.2859744438036847,0.44946437902804387
2020-05-25 08:00:00+00:00,0.38838133972744104,0.43910033095279566
2020-05-25 09:00:00+00:00,0.45992047834400707,0.4247953318237241
2020-05-25 10:00:00+00:00,0.48787446504992865,0.3973610869186553
2020-05-25 11:00:00+00:00,0.5112453334142714,0.3680978923532486
2020-05-25 12:00:00+00:00,0.5225361944941876,0.34780526040759446
2020-05-25 13:00:00+00:00,0.5176495583816433,0.3425796899494861
2020-05-25 14:00:00+00:00,0.4703007861110268,0.32986413516808916
2020-05-25 15:00:00+00:00,0.3691686648253255,0.3125762062358474
2020-05-25 16:00:00+00:00,0.23325340698697908,0.26715728967078906
2020-05-25 17:00:00+00:00,0.10668649649436975,0.21348632642396795
2020-05-25 18:00:00+00:00,0.026011472971742496,0.1653022121581606
2020-05-25 19:00:00+00:00,0.000698090873220627,0.1391743598676189
2020-05-25 20:00:00+00:00,0.0,0.12510886605121058
2020-05-25 21:00:00+00:00,0.0,0.10742901933461069
2020-05-25 22:00:00+00:00,0.0,0.09210067932415955
2020-05-25 23:00:00+00:00,0.0,0.08066974394704755
2020-05-26 00:00:00+00:00,0.0,0.06871625152412472
2020-05-26 01:00:00+00:00,0.0,0.05852638913081345
2020-05-26 02:00:00+00:00,6.0703554193098006e-05,0.052103292109388605
2020-05-26 03:00:00+00:00,0.006434576744468389,0.04550600940602682
2020-05-26 04:00:00+00:00,0.06355662124017361,0.03627416826336875
2020-05-26 05:00:00+00:00,0.1903966977266519,0.019182198223306045
2020-05-26 06:00:00+00:00,0.36528363735696723,0.007925448528130988
2020-05-26 07:00:00+00:00,0.5352535890976416,0.009514892875805609
2020-05-26 08:00:00+00:00,0.663368440222175,0.015546072112872324
2020-05-26 09:00:00+00:00,0.7177284730020943,0.020858735411949138
2020-05-26 10:00:00+00:00,0.7338149148632652,0.026715728967078908
2020-05-26 11:00:00+00:00,0.7410386378122439,0.03137519595889218
2020-05-26 12:00:00+00:00,0.7278963183294382,0.03331301167044069
2020-05-26 13:00:00+00:00,0.684705739521049,0.03429280613133601
2020-05-26 14:00:00+00:00,0.5930130209123744,0.03542501306392615
2020-05-26 15:00:00+00:00,0.45026861322730444,0.03627416826336875
2020-05-26 16:00:00+00:00,0.27993444016147145,0.03690559136039018
2020-05-26 17:00:00+00:00,0.12168027438006496,0.034205713290367534
2020-05-26 18:00:00+00:00,0.030108962879776612,0.03104859780526041
2020-05-26 19:00:00+00:00,0.0011837193067654112,0.0344016721825466
2020-05-26 20:00:00+00:00,0.0,0.037036230621842886
2020-05-26 21:00:00+00:00,0.0,0.035337920222957675
2020-05-26 22:00:00+00:00,0.0,0.03006880334436509
2020-05-26 23:00:00+00:00,0.0,0.027543110956279395
2020-05-27 00:00:00+00:00,0.0,0.027543110956279395
2020-05-27 01:00:00+00:00,0.0,0.026171398711025955
2020-05-27 02:00:00+00:00,6.0703554193098006e-05,0.028000348371363875
2020-05-27 03:00:00+00:00,0.00792181382219929,0.031222783487197356
2020-05-27 04:00:00+00:00,0.07308707924849,0.033269465249956456
2020-05-27 05:00:00+00:00,0.23197863234892402,0.03030830865702839
2020-05-27 06:00:00+00:00,0.44966157768537346,0.018289496603379203
2020-05-27 07:00:00+00:00,0.6551734604061068,0.01707019682982059
2020-05-27 08:00:00+00:00,0.7999514371566455,0.025975439818846893
2020-05-27 09:00:00+00:00,0.8567396121042887,0.03866922139000174
2020-05-27 10:00:00+00:00,0.8745257534828664,0.059615049642919346
2020-05-27 11:00:00+00:00,0.854766746593013,0.0832607559658596
2020-05-27 12:00:00+00:00,0.8122135551036513,0.11348197178191953
2020-05-27 13:00:00+00:00,0.7261359152578384,0.15199878070022643
2020-05-27 14:00:00+00:00,0.5972926214829878,0.19182198223306043
2020-05-27 15:00:00+00:00,0.4347588551309679,0.23323462811356907
2020-05-27 16:00:00+00:00,0.2569277931222873,0.2601027695523428
2020-05-27 17:00:00+00:00,0.10938780465596261,0.2746472739940777
2020-05-27 18:00:00+00:00,0.027620117157859593,0.2644791848110085
2020-05-27 19:00:00+00:00,0.0009409050899930191,0.26774516634732626
2020-05-27 20:00:00+00:00,0.0,0.2597543981884689
2020-05-27 21:00:00+00:00,0.0,0.2657638042152935
2020-05-27 22:00:00+00:00,0.0,0.27375457237415085
2020-05-27 23:00:00+00:00,0.0,0.2786099982581432
2020-05-28 00:00:00+00:00,0.0,0.2921747082389827
2020-05-28 01:00:00+00:00,0.0,0.29742205190733323
2020-05-28 02:00:00+00:00,3.0351777096549003e-05,0.29544068977530047
2020-05-28 03:00:00+00:00,0.006252466081889094,0.2890393659641177
2020-05-28 04:00:00+00:00,0.05593832518893981,0.2435333565580909
2020-05-28 05:00:00+00:00,0.1778310620086806,0.19979097718167566
2020-05-28 06:00:00+00:00,0.3528697605244787,0.19315014805782965
2020-05-28 07:00:00+00:00,0.5257534828664219,0.1766025082738199
2020-05-28 08:00:00+00:00,0.6588156736576927,0.17775648841665215
2020-05-28 09:00:00+00:00,0.754696937505691,0.1909292806131336
2020-05-28 10:00:00+00:00,0.8273894436519258,0.19702577948092667
2020-05-28 11:00:00+00:00,0.849121316053055,0.2094582825291761
2020-05-28 12:00:00+00:00,0.813306219079127,0.22313185856122628
2020-05-28 13:00:00+00:00,0.755030807053753,0.23497648493293852
2020-05-28 14:00:00+00:00,0.652866725346769,0.24139958195436334
2020-05-28 15:00:00+00:00,0.4860533584241357,0.24773558613481972
2020-05-28 16:00:00+00:00,0.2866421828998088,0.238569064622888
2020-05-28 17:00:00+00:00,0.12025374085652715,0.22311008535098414
2020-05-28 18:00:00+00:00,0.030017907548486964,0.193585612262672
2020-05-28 19:00:00+00:00,0.0011533675296688621,0.1962201707019683
2020-05-28 20:00:00+00:00,0.0,0.21697004006270684
2020-05-28 21:00:00+00:00,0.0,0.2174055042675492
2020-05-28 22:00:00+00:00,0.0,0.20074899843232885
2020-05-28 23:00:00+00:00,0.0,0.179019334610695
2020-05-29 00:00:00+00:00,0.0,0.15757272252220866
2020-05-29 01:00:00+00:00,0.0,0.13989287580560877
2020-05-29 02:00:00+00:00,6.0703554193098006e-05,0.12467340184636821
2020-05-29 03:00:00+00:00,0.008043220930585486,0.11459240550426755
2020-05-29 04:00:00+00:00,0.06905029289464898,0.09680369273645706
2020-05-29 05:00:00+00:00,0.2176525935593529,0.05610956279393834
2020-05-29 06:00:00+00:00,0.424257140255562,0.02530047030134123
2020-05-29 07:00:00+00:00,0.6265213828269646,0.028239853684027174
2020-05-29 08:00:00+00:00,0.7724830788842687,0.0448745863090054
2020-05-29 09:00:00+00:00,0.8316083406683461,0.0617270510364048
2020-05-29 10:00:00+00:00,0.8424439250918141,0.07860128897404633
2020-05-29 11:00:00+00:00,0.8200139618174644,0.08582999477442954
2020-05-29 12:00:00+00:00,0.759067593407594,0.0976963943563839
2020-05-29 13:00:00+00:00,0.6707135702795398,0.11178366138303432
2020-05-29 14:00:00+00:00,0.5621452636051841,0.13170614875457237
2020-05-29 15:00:00+00:00,0.42704950374844447,0.14995209893746733
2020-05-29 16:00:00+00:00,0.26909885573800346,0.16225396272426407
2020-05-29 17:00:00+00:00,0.11913072510395484,0.1733582999477443
2020-05-29 18:00:00+00:00,0.029957203994293868,0.1698963595192475
2020-05-29 19:00:00+00:00,0.0012444228609585091,0.18711896882076293
2020-05-29 20:00:00+00:00,0.0,0.221237589270162
2020-05-29 21:00:00+00:00,0.0,0.24730012192997736
2020-05-29 22:00:00+00:00,0.0,0.2506531963072635
2020-05-29 23:00:00+00:00,0.0,0.24089879811879464
2020-05-30 00:00:00+00:00,0.0,0.2188643093537711
2020-05-30 01:00:00+00:00,0.0,0.19702577948092667
2020-05-30 02:00:00+00:00,6.0703554193098006e-05,0.1811748824246647
2020-05-30 03:00:00+00:00,0.00792181382219929,0.17233495906636473
2020-05-30 04:00:00+00:00,0.06783622181078702,0.15071416129594148
2020-05-30 05:00:00+00:00,0.20976113151425016,0.10011322069325901
2020-05-30 06:00:00+00:00,0.4136947218259629,0.08114875457237415
2020-05-30 07:00:00+00:00,0.6138646917777036,0.12626284619404285
2020-05-30 08:00:00+00:00,0.7591890005159803,0.18746734018463682
2020-05-30 09:00:00+00:00,0.7957325401402252,0.24159554084654242
2020-05-30 10:00:00+00:00,0.7549093999453668,0.27434244905068805
2020-05-30 11:00:00+00:00,0.6972713752390203,0.2869491377808744
2020-05-30 12:00:00+00:00,0.6474944608006798,0.2812663299076816
2020-05-30 13:00:00+00:00,0.5878532188059611,0.2830517331475353
2020-05-30 14:00:00+00:00,0.48313958782286703,0.29618097892353246
2020-05-30 15:00:00+00:00,0.34607096245485175,0.30216861174011495
2020-05-30 16:00:00+00:00,0.22202324946125596,0.29602856645183767
2020-05-30 17:00:00+00:00,0.10519925941663885,0.278762410729838
2020-05-30 18:00:00+00:00,0.02837891158527332,0.25111043372234804
2020-05-30 19:00:00+00:00,0.0011837193067654112,0.22977268768507228
2020-05-30 20:00:00+00:00,0.0,0.22154241421355164
2020-05-30 21:00:00+00:00,0.0,0.2382206932590141
2020-05-30 22:00:00+00:00,0.0,0.24621146141787145
2020-05-30 23:00:00+00:00,0.0,0.2401367357603205
2020-05-31 00:00:00+00:00,0.0,0.24462201707019682
2020-05-31 01:00:00+00:00,0.0,0.24237937641525867
2020-05-31 02:00:00+00:00,3.0351777096549003e-05,0.2366530221215816
2020-05-31 03:00:00+00:00,0.007557592497040702,0.22583173663124892
2020-05-31 04:00:00+00:00,0.06974838376786961,0.20255617488242467
2020-05-31 05:00:00+00:00,0.18975931040762437,0.16214509667305346
2020-05-31 06:00:00+00:00,0.35584423467994053,0.1448571677408117
2020-05-31 07:00:00+00:00,0.5464837466233649,0.1868359170876154
2020-05-31 08:00:00+00:00,0.6959966006009652,0.23210242118097893
2020-05-31 09:00:00+00:00,0.754696937505691,0.2635864831910817
2020-05-31 10:00:00+00:00,0.7714814702400825,0.2688556000696743
2020-05-31 11:00:00+00:00,0.7954897259234528,0.25489897230447656
2020-05-31 12:00:00+00:00,0.7845023826145021,0.21627329733495906
2020-05-31 13:00:00+00:00,0.7306886818223207,0.2107864483539453
2020-05-31 14:00:00+00:00,0.6183871065650894,0.27601898623933113
2020-05-31 15:00:00+00:00,0.46092208698819315,0.36520205539104683
2020-05-31 16:00:00+00:00,0.27571554314505115,0.4063969691691343
2020-05-31 17:00:00+00:00,0.11788630224299633,0.39381205364919003
2020-05-31 18:00:00+00:00,0.03077670197590069,0.35723306044243164
2020-05-31 19:00:00+00:00,0.00121407108386196,0.3629594147361087
2020-05-31 20:00:00+00:00,0.0,0.3923532485629681
2020-05-31 21:00:00+00:00,0.0,0.4111217557916739
2020-05-31 22:00:00+00:00,0.0,0.40855251698310396
2020-05-31 23:00:00+00:00,0.0,0.3851027695523428
2020-06-01 00:00:00+00:00,0.0,0.3453013412297509
2020-06-01 01:00:00+00:00,0.0,0.3022992510015677
2020-06-01 02:00:00+00:00,6.0703554193098006e-05,0.2475178540323985
2020-06-01 03:00:00+00:00,0.00946975445412329,0.2213682285316147
2020-06-01 04:00:00+00:00,0.07560627674750357,0.1933461069500087
2020-06-01 05:00:00+00:00,0.2377758217743649,0.14357254833652675
2020-06-01 06:00:00+00:00,0.45885816614562785,0.12299686465772514
2020-06-01 07:00:00+00:00,0.6719276413634019,0.13989287580560877
2020-06-01 08:00:00+00:00,0.8440222175008347,0.16512802647622365
2020-06-01 09:00:00+00:00,0.9477342398397426,0.19865877024908551
2020-06-01 10:00:00+00:00,0.9981485415971105,0.21516286361261103
2020-06-01 11:00:00+00:00,1.0,0.1826119143006445
2020-06-01 12:00:00+00:00,0.9593286186906244,0.16064274516634733
2020-06-01 13:00:00+00:00,0.8730385164051355,0.20209893746734017
2020-06-01 14:00:00+00:00,0.7304155158284518,0.23216774081170527
2020-06-01 15:00:00+00:00,0.536042735302152,0.22276171398711025
2020-06-01 16:00:00+00:00,0.31256260054026164,0.21518463682285316
2020-06-01 17:00:00+00:00,0.1249886180835888,0.20878331301167044
2020-06-01 18:00:00+00:00,0.033569065468783195,0.20762933286883817
2020-06-01 19:00:00+00:00,0.0014872370777309011,0.24294547988155374
2020-06-01 20:00:00+00:00,0.0,0.2869491377808744
2020-06-01 21:00:00+00:00,0.0,0.284292806131336
2020-06-01 22:00:00+00:00,0.0,0.25683678801602505
2020-06-01 23:00:00+00:00,0.0,0.22424229228357428
2020-06-02 00:00:00+00:00,0.0,0.20275213377460372
2020-06-02 01:00:00+00:00,0.0,0.1846585960634036
2020-06-02 02:00:00+00:00,6.0703554193098006e-05,0.16719648144922486
2020-06-02 03:00:00+00:00,0.010107141773150818,0.15637519595889218
2020-06-02 04:00:00+00:00,0.07657753361459313,0.13455843929628986
2020-06-02 05:00:00+00:00,0.2359243633714754,0.08513325204668176
2020-06-02 06:00:00+00:00,0.45242358940115945,0.04226180107995123
2020-06-02 07:00:00+00:00,0.6563571797128722,0.0299599372931545
2020-06-02 08:00:00+00:00,0.8116672231159134,0.03285577425535621
2020-06-02 09:00:00+00:00,0.9168361307554558,0.04213116181849852
2020-06-02 10:00:00+00:00,0.9688287249218441,0.049708238982755615
2020-06-02 11:00:00+00:00,0.954168816584211,0.045375370144574115
2020-06-02 12:00:00+00:00,0.8977145111846299,0.05482494338965337
2020-06-02 13:00:00+00:00,0.8040792788417762,0.059723915694129937
2020-06-02 14:00:00+00:00,0.666798191034085,0.06523253788538583
2020-06-02 15:00:00+00:00,0.489331350350563,0.06605991987458631
2020-06-02 16:00:00+00:00,0.2935927398549185,0.07019682982058875
2020-06-02 17:00:00+00:00,0.12750781558260235,0.07298380073157987
2020-06-02 18:00:00+00:00,0.03502595076941755,0.06812837484758753
2020-06-02 19:00:00+00:00,0.0015175888548274502,0.07844887650235151
2020-06-02 20:00:00+00:00,0.0,0.08387040585263891
2020-06-02 21:00:00+00:00,0.0,0.09554084654241421
2020-06-02 22:00:00+00:00,0.0,0.10307437728618707
2020-06-02 23:00:00+00:00,0.0,0.10229054171747082
2020-06-03 00:00:00+00:00,0.0,0.09412558787667653
2020-06-03 01:00:00+00:00,0.0,0.09044591534575858
2020-06-03 02:00:00+00:00,9.105533128964702e-05,0.09386430935377112
2020-06-03 03:00:00+00:00,0.011472971742495524,0.10949747430761192
2020-06-03 04:00:00+00:00,0.08116065195617203,0.10884427800034838
2020-06-03 05:00:00+00:00,0.2224785261177042,0.09462637171224525
2020-06-03 06:00:00+00:00,0.406622757762467,0.07592318411426581
2020-06-03 07:00:00+00:00,0.5867302030533887,0.06976136561574639
2020-06-03 08:00:00+00:00,0.7300512945032932,0.07387650235150671
2020-06-03 09:00:00+00:00,0.8186481318481197,0.09062010102769552
2020-06-03 10:00:00+00:00,0.8385588976234558,0.12077599721302909
2020-06-03 11:00:00+00:00,0.800861990469542,0.13553823375718516
2020-06-03 12:00:00+00:00,0.7226151091146387,0.1657812227834872
2020-06-03 13:00:00+00:00,0.6304974656266125,0.19125587876676536
2020-06-03 14:00:00+00:00,0.5121255349500713,0.2372408987981188
2020-06-03 15:00:00+00:00,0.3772725893101041,0.27183852987284446
2020-06-03 16:00:00+00:00,0.2218714905757732,0.2578601288974046
2020-06-03 17:00:00+00:00,0.09773272225088779,0.24581954363351333
2020-06-03 18:00:00+00:00,0.028712781133335356,0.24930325727225222
2020-06-03 19:00:00+00:00,0.0011837193067654112,0.2171659989548859
2020-06-03 20:00:00+00:00,0.0,0.20795593102246995
2020-06-03 21:00:00+00:00,0.0,0.2062358474133426
2020-06-03 22:00:00+00:00,0.0,0.19432590141090403
2020-06-03 23:00:00+00:00,0.0,0.19088573419264937
2020-06-04 00:00:00+00:00,0.0,0.17897578819021076
2020-06-04 01:00:00+00:00,0.0,0.16009841491029436
2020-06-04 02:00:00+00:00,9.105533128964702e-05,0.15143267723393136
2020-06-04 03:00:00+00:00,0.007800406713813094,0.15369709109911164
2020-06-04 04:00:00+00:00,0.050869578413816126,0.1402847935899669
2020-06-04 05:00:00+00:00,0.12413876832488542,0.10701532834001044
2020-06-04 06:00:00+00:00,0.21149118280875345,0.09090315276084306
2020-06-04 07:00:00+00:00,0.2819983610040368,0.09832781745340533
2020-06-04 08:00:00+00:00,0.31790451330925423,0.1311182720780352
2020-06-04 09:00:00+00:00,0.3482259386287067,0.1583347848806828
2020-06-04 10:00:00+00:00,0.36133790633441587,0.17945479881553736
2020-06-04 11:00:00+00:00,0.3481955868516102,0.20445044417348893
2020-06-04 12:00:00+00:00,0.31814732752602665,0.2166869883295593
2020-06-04 13:00:00+00:00,0.2671563420038243,0.2331693084828427
2020-06-04 14:00:00+00:00,0.1978935866694995,0.25148057829646403
2020-06-04 15:00:00+00:00,0.13664370048866362,0.2620405852638913
2020-06-04 16:00:00+00:00,0.08255683370261328,0.2833565580909249
2020-06-04 17:00:00+00:00,0.04173369350775488,0.28825553039540147
2020-06-04 18:00:00+00:00,0.012080007284426503,0.3018855600069674
2020-06-04 19:00:00+00:00,0.00048562843354478405,0.3274690820414562
2020-06-04 20:00:00+00:00,3.0351777096549003e-05,0.33212854903326944
2020-06-04 21:00:00+00:00,0.0,0.335917087615398
2020-06-04 22:00:00+00:00,0.0,0.3394008012541369
2020-06-04 23:00:00+00:00,0.0,0.3239635951924752
2020-06-05 00:00:00+00:00,0.0,0.3129898972304477
2020-06-05 01:00:00+00:00,0.0,0.2940472043198049
2020-06-05 02:00:00+00:00,6.0703554193098006e-05,0.2827033617836614
2020-06-05 03:00:00+00:00,0.004977691443834037,0.2874063751959589
2020-06-05 04:00:00+00:00,0.04109630618872735,0.2639130813447135
2020-06-05 05:00:00+00:00,0.12046620329620299,0.23094844103814666
2020-06-05 06:00:00+00:00,0.22870064042249674,0.21749259710851768
2020-06-05 07:00:00+00:00,0.3409718639026315,0.21527172966382163
2020-06-05 08:00:00+00:00,0.4269888001942514,0.23756749695175056
2020-06-05 09:00:00+00:00,0.4891795914650803,0.2837049294547988
2020-06-05 10:00:00+00:00,0.49139527119312837,0.3164518376589444
2020-06-05 11:00:00+00:00,0.47291103894133,0.3646359519247518
2020-06-05 12:00:00+00:00,0.45494278690017304,0.4040236892527434
2020-06-05 13:00:00+00:00,0.4039518013779707,0.4579123846019857
2020-06-05 14:00:00+00:00,0.3361459313442802,0.49862828775474655
2020-06-05 15:00:00+00:00,0.240325371050475,0.5295897927190385
2020-06-05 16:00:00+00:00,0.1558867271678757,0.5543677059745689
2020-06-05 17:00:00+00:00,0.07861110268006191,0.5514283225918829
2020-06-05 18:00:00+00:00,0.024918808996266733,0.5611827207803518
2020-06-05 19:00:00+00:00,0.0013658299693447052,0.6043154502699878
2020-06-05 20:00:00+00:00,3.0351777096549003e-05,0.6325553039540149
2020-06-05 21:00:00+00:00,0.0,0.6421790628810312
2020-06-05 22:00:00+00:00,0.0,0.6290933635255181
2020-06-05 23:00:00+00:00,0.0,0.6044896359519247
2020-06-06 00:00:00+00:00,0.0,0.5703710155025257
2020-06-06 01:00:00+00:00,0.0,0.5342057132903675
2020-06-06 02:00:00+00:00,0.00012140710838619601,0.5126720083609128
2020-06-06 03:00:00+00:00,0.008103924484778584,0.4949921616443128
2020-06-06 04:00:00+00:00,0.05305490636476766,0.46396533704929455
2020-06-06 05:00:00+00:00,0.13485294563996722,0.45924055042675493
2020-06-06 06:00:00+00:00,0.237229489786627,0.5052255704581083
2020-06-06 07:00:00+00:00,0.3410325674568246,0.5266504093363525
2020-06-06 08:00:00+00:00,0.4289616657055271,0.5465946699181328
2020-06-06 09:00:00+00:00,0.4828967736060946,0.5625544330256053
2020-06-06 10:00:00+00:00,0.5428111815946823,0.5684549730012193
2020-06-06 11:00:00+00:00,0.5643002397790391,0.5434593276432678
2020-06-06 12:00:00+00:00,0.5567122955049019,0.5244730883121407
2020-06-06 13:00:00+00:00,0.5135217166965126,0.5187249608082215
2020-06-06 14:00:00+00:00,0.4279904088384375,0.4875021773210242
2020-06-06 15:00:00+00:00,0.3309254256836738,0.4396446612088486
2020-06-06 16:00:00+00:00,0.209973593953926,0.3728009057655461
2020-06-06 17:00:00+00:00,0.10277111724891493,0.2915868315624456
2020-06-06 18:00:00+00:00,0.031171275078155827,0.22959850200313534
2020-06-06 19:00:00+00:00,0.0019121619570825871,0.23697962027521338
2020-06-06 20:00:00+00:00,3.0351777096549003e-05,0.2691168785925797
2020-06-06 21:00:00+00:00,0.0,0.3053475004354642
2020-06-06 22:00:00+00:00,0.0,0.33330430238634384
2020-06-06 23:00:00+00:00,0.0,0.3542936770597457
2020-06-07 00:00:00+00:00,0.0,0.36012889740463333
2020-06-07 01:00:00+00:00,0.0,0.35531701794112525
2020-06-07 02:00:00+00:00,0.00012140710838619601,0.33776781048597804
2020-06-07 03:00:00+00:00,0.007345130057364859,0.3201968298205887
2020-06-07 04:00:00+00:00,0.04844143624609221,0.2975962375892702
2020-06-07 05:00:00+00:00,0.12444228609585091,0.2573375718515938
2020-06-07 06:00:00+00:00,0.22596898048380734,0.25677146838529874
2020-06-07 07:00:00+00:00,0.32373205451179166,0.2789148232015328
2020-06-07 08:00:00+00:00,0.38228063253103467,0.28165824769203973
2020-06-07 09:00:00+00:00,0.41123622788114245,0.27003135342274864
2020-06-07 10:00:00+00:00,0.42692809664005826,0.2619534924229228
2020-06-07 11:00:00+00:00,0.4293562388077822,0.26558961853335655
2020-06-07 12:00:00+00:00,0.4029805445108811,0.2615615746385647
2020-06-07 13:00:00+00:00,0.3616110723282848,0.2547030134122975
2020-06-07 14:00:00+00:00,0.30333566030291076,0.2316016373454102
2020-06-07 15:00:00+00:00,0.24909703463137767,0.19602421180978924
2020-06-07 16:00:00+00:00,0.18056272194737003,0.15944521860303082
2020-06-07 17:00:00+00:00,0.09827905423862567,0.12293154502699877
2020-06-07 18:00:00+00:00,0.033902935016845236,0.09347239156941299
2020-06-07 19:00:00+00:00,0.0021246243967584302,0.07204755269116879
2020-06-07 20:00:00+00:00,0.0,0.0619665563490681
2020-06-07 21:00:00+00:00,0.0,0.06255443302560529
2020-06-07 22:00:00+00:00,0.0,0.06318585612262671
2020-06-07 23:00:00+00:00,0.0,0.06046420484236195
2020-06-08 00:00:00+00:00,0.0,0.05510799512280091
2020-06-08 01:00:00+00:00,0.0,0.04624629855425884
2020-06-08 02:00:00+00:00,0.00012140710838619601,0.038865180282180806
2020-06-08 03:00:00+00:00,0.009833975779281877,0.03150583522034489
2020-06-08 04:00:00+00:00,0.071539138616566,0.020532137258317366
2020-06-08 05:00:00+00:00,0.19118584393116217,0.011191430064448702
2020-06-08 06:00:00+00:00,0.33456763893525965,0.008339139522731232
2020-06-08 07:00:00+00:00,0.4743375724648678,0.0096237589270162
2020-06-08 08:00:00+00:00,0.5901296020882023,0.017832259188294723
2020-06-08 09:00:00+00:00,0.6201778614137858,0.02939383382685943
2020-06-08 10:00:00+00:00,0.5804473851944031,0.03485890959763108
2020-06-08 11:00:00+00:00,0.5440252526785443,0.041739244034140394
2020-06-08 12:00:00+00:00,0.5189850365738914,0.048793764152586655
2020-06-08 13:00:00+00:00,0.48134883297417064,0.059027172966382165
2020-06-08 14:00:00+00:00,0.4176101010714177,0.06784532311444
2020-06-08 15:00:00+00:00,0.32342853674082617,0.06849851942170354
2020-06-08 16:00:00+00:00,0.210914499043919,0.06699616791499739
2020-06-08 17:00:00+00:00,0.10802197468661791,0.07163386169656855
2020-06-08 18:00:00+00:00,0.034206452787810725,0.0745950182894966
2020-06-08 19:00:00+00:00,0.002276383282241175,0.07524821459676015
2020-06-08 20:00:00+00:00,0.0,0.07566190559136039
2020-06-08 21:00:00+00:00,0.0,0.08032137258317366
2020-06-08 22:00:00+00:00,0.0,0.08095279568019509
2020-06-08 23:00:00+00:00,0.0,0.07829646403065668
2020-06-09 00:00:00+00:00,0.0,0.07468211113046508
2020-06-09 01:00:00+00:00,0.0,0.07474743076119143
2020-06-09 02:00:00+00:00,0.00012140710838619601,0.07285316147012716
2020-06-09 03:00:00+00:00,0.00822533159316478,0.07585786448353946
2020-06-09 04:00:00+00:00,0.049716210884147266,0.07180804737850549
2020-06-09 05:00:00+00:00,0.12465474853552676,0.06303344365093189
2020-06-09 06:00:00+00:00,0.21452636051840834,0.04483103988852116
2020-06-09 07:00:00+00:00,0.31474792849121314,0.037058003832085004
2020-06-09 08:00:00+00:00,0.3970922997541506,0.0359693433199791
2020-06-09 09:00:00+00:00,0.4314201596503475,0.041151367357603205
2020-06-09 10:00:00+00:00,0.43943302880383645,0.051428322591882944
2020-06-09 11:00:00+00:00,0.4300543296810028,0.06253265981536317
2020-06-09 12:00:00+00:00,0.39973290436155035,0.07182982058874761
2020-06-09 13:00:00+00:00,0.3532946854038304,0.07492161644312838
2020-06-09 14:00:00+00:00,0.2931678149755668,0.08437118968820763
2020-06-09 15:00:00+00:00,0.22290345099705589,0.0950400627068455
2020-06-09 16:00:00+00:00,0.146781194038911,0.10109301515415432
2020-06-09 17:00:00+00:00,0.07399763256138647,0.10218167566626023
2020-06-09 18:00:00+00:00,0.023795793243694418,0.10518637867967252
2020-06-09 19:00:00+00:00,0.0021246243967584302,0.11184898101376067
2020-06-09 20:00:00+00:00,0.0,0.11955669743947048
2020-06-09 21:00:00+00:00,0.0,0.12260494687336701
2020-06-09 22:00:00+00:00,0.0,0.11979620275213378
2020-06-09 23:00:00+00:00,0.0,0.11467949834523603
2020-06-10 00:00:00+00:00,0.0,0.11278522905417175
2020-06-10 01:00:00+00:00,0.0,0.11084741334262324
2020-06-10 02:00:00+00:00,0.00012140710838619601,0.1120013934854555
2020-06-10 03:00:00+00:00,0.006222114304792545,0.11089095976310748
2020-06-10 04:00:00+00:00,0.036543539624245,0.09586744469604598
2020-06-10 05:00:00+00:00,0.09096427595835736,0.07065406723567323
2020-06-10 06:00:00+00:00,0.16508331562813003,0.05700226441386518
2020-06-10 07:00:00+00:00,0.2478222599933226,0.05669743947047553
2020-06-10 08:00:00+00:00,0.31814732752602665,0.062118968820762926
2020-06-10 09:00:00+00:00,0.37933651015266945,0.06943476746211462
2020-06-10 10:00:00+00:00,0.4167298995356178,0.07910207280961505
2020-06-10 11:00:00+00:00,0.4085349197195496,0.090707193868664
2020-06-10 12:00:00+00:00,0.3825234467478071,0.099372931545027
2020-06-10 13:00:00+00:00,0.3361459313442802,0.11269813621320328
2020-06-10 14:00:00+00:00,0.27477463805505814,0.12778697091099112
2020-06-10 15:00:00+00:00,0.20882022642425715,0.13926145270858736
2020-06-10 16:00:00+00:00,0.13524751874222235,0.15565668002090227
2020-06-10 17:00:00+00:00,0.07059823352657298,0.16728357429019333
2020-06-10 18:00:00+00:00,0.023886848574984066,0.16946089531440514
2020-06-10 19:00:00+00:00,0.0016693477403101952,0.17775648841665215
2020-06-10 20:00:00+00:00,0.0,0.18975352726005923
2020-06-10 21:00:00+00:00,0.0,0.19604598502003134
2020-06-10 22:00:00+00:00,0.0,0.19310660163734542
2020-06-10 23:00:00+00:00,0.0,0.195240376241073
2020-06-11 00:00:00+00:00,0.0,0.18374412123323464
2020-06-11 01:00:00+00:00,0.0,0.17607995122800907
2020-06-11 02:00:00+00:00,6.0703554193098006e-05,0.17799599372931546
2020-06-11 03:00:00+00:00,0.0033083437035238412,0.20029176101724439
2020-06-11 04:00:00+00:00,0.0258900658633563,0.20667131161818497
2020-06-11 05:00:00+00:00,0.07187300816462804,0.195980665389305
2020-06-11 06:00:00+00:00,0.13527787051931892,0.1834610695000871
2020-06-11 07:00:00+00:00,0.21209821835068443,0.18807699007141612
2020-06-11 08:00:00+00:00,0.27993444016147145,0.19641612959414737
2020-06-11 09:00:00+00:00,0.34446231826873464,0.20233844278000349
2020-06-11 10:00:00+00:00,0.39660667132060584,0.2011626894269291
2020-06-11 11:00:00+00:00,0.44116308009833977,0.20353596934331997
2020-06-11 12:00:00+00:00,0.45281816250341456,0.20965424142135516
2020-06-11 13:00:00+00:00,0.4386742343764227,0.20893572548336525
2020-06-11 14:00:00+00:00,0.3909612407806477,0.21204929454798815
2020-06-11 15:00:00+00:00,0.3087382766260965,0.20738982755617488
2020-06-11 16:00:00+00:00,0.2106413330500501,0.18962288799860652
2020-06-11 17:00:00+00:00,0.10632227516921115,0.20081431806305522
2020-06-11 18:00:00+00:00,0.031990773059762646,0.22034488765023516
2020-06-11 19:00:00+00:00,0.00182110662579294,0.2391787145096673
2020-06-11 20:00:00+00:00,0.0,0.2547247866225396
2020-06-11 21:00:00+00:00,0.0,0.2655242989026302
2020-06-11 22:00:00+00:00,0.0,0.2520466817627591
2020-06-11 23:00:00+00:00,0.0,0.22489548859083783
2020-06-12 00:00:00+00:00,0.0,0.20205539104685594
2020-06-12 01:00:00+00:00,0.0,0.1858996690472043
2020-06-12 02:00:00+00:00,9.105533128964702e-05,0.19077686814143877
2020-06-12 03:00:00+00:00,0.00822533159316478,0.19151715728967078
2020-06-12 04:00:00+00:00,0.06109812729535315,0.18350461592057132
2020-06-12 05:00:00+00:00,0.17692050869578413,0.15894443476746212
2020-06-12 06:00:00+00:00,0.34088080857134184,0.136430935377112
2020-06-12 07:00:00+00:00,0.5167693568458434,0.12134210067932416
2020-06-12 08:00:00+00:00,0.6787264394330288,0.12695958892179063
2020-06-12 09:00:00+00:00,0.8076304367620725,0.1490593973175405
2020-06-12 10:00:00+00:00,0.8769235438734938,0.1759928583870406
2020-06-12 11:00:00+00:00,0.8819012353173278,0.20843494164779655
2020-06-12 12:00:00+00:00,0.8481197074088688,0.23090489461766242
2020-06-12 13:00:00+00:00,0.77299905909491,0.25298292980317016
2020-06-12 14:00:00+00:00,0.653807630436762,0.283008186727051
2020-06-12 15:00:00+00:00,0.489331350350563,0.3142309702142484
2020-06-12 16:00:00+00:00,0.29869183840713875,0.34334175230796027
2020-06-12 17:00:00+00:00,0.12978419886484355,0.3442344539278871
2020-06-12 18:00:00+00:00,0.037089871611982884,0.3470649712593625
2020-06-12 19:00:00+00:00,0.00242814216772392,0.40223828601288975
2020-06-12 20:00:00+00:00,0.0,0.4349416477965511
2020-06-12 21:00:00+00:00,0.0,0.4326554607211287
2020-06-12 22:00:00+00:00,0.0,0.424229228357429
2020-06-12 23:00:00+00:00,0.0,0.4108387040585264
2020-06-13 00:00:00+00:00,0.0,0.3626110433722348
2020-06-13 01:00:00+00:00,0.0,0.3185638390524299
2020-06-13 02:00:00+00:00,0.00012140710838619601,0.28520728096150494
2020-06-13 03:00:00+00:00,0.010167845327343916,0.2524385995471172
2020-06-13 04:00:00+00:00,0.06871642334658694,0.2084784880682808
2020-06-13 05:00:00+00:00,0.19197499013567246,0.162058003832085
2020-06-13 06:00:00+00:00,0.3568458433241266,0.12674185681936945
2020-06-13 07:00:00+00:00,0.5282423285883389,0.1337746037275736
2020-06-13 08:00:00+00:00,0.6829453364494491,0.1330343145793416
2020-06-13 09:00:00+00:00,0.7755486083710201,0.13431893398362654
2020-06-13 10:00:00+00:00,0.8038668164021003,0.14487894095105383
2020-06-13 11:00:00+00:00,0.7796460982790543,0.16129594147361087
2020-06-13 12:00:00+00:00,0.7158466628221083,0.16991813272948963
2020-06-13 13:00:00+00:00,0.6175676085834826,0.18692300992858388
2020-06-13 14:00:00+00:00,0.5045679424530306,0.24205277826162688
2020-06-13 15:00:00+00:00,0.37247700852884935,0.31477530047030133
2020-06-13 16:00:00+00:00,0.21835068443257352,0.3706889043720606
2020-06-13 17:00:00+00:00,0.09087322062706772,0.37761278522905417
2020-06-13 18:00:00+00:00,0.02494916077336328,0.3747822678975788
2020-06-13 19:00:00+00:00,0.0013658299693447052,0.3639174359867619
2020-06-13 20:00:00+00:00,0.0,0.3526171398711026
2020-06-13 21:00:00+00:00,0.0,0.34475701097369793
2020-06-13 22:00:00+00:00,0.0,0.34292806131336
2020-06-13 23:00:00+00:00,0.0,0.3350461592057133
2020-06-14 00:00:00+00:00,0.0,0.32008796376937815
2020-06-14 01:00:00+00:00,0.0,0.28259449573245077
2020-06-14 02:00:00+00:00,0.00012140710838619601,0.2831170527782616
2020-06-14 03:00:00+00:00,0.006191762527695996,0.29132555303954016
2020-06-14 04:00:00+00:00,0.03572404164263818,0.2600809963421007
2020-06-14 05:00:00+00:00,0.08452969921388898,0.2133339139522731
2020-06-14 06:00:00+00:00,0.12799344401614715,0.18770684549730013
2020-06-14 07:00:00+00:00,0.1734907578838741,0.1755356209719561
2020-06-14 08:00:00+00:00,0.22454244696026954,0.19513151018986238
2020-06-14 09:00:00+00:00,0.2588399550793699,0.22069325901410905
2020-06-14 10:00:00+00:00,0.273773029410872,0.23382250479010624
2020-06-14 11:00:00+00:00,0.2918930403375118,0.23793764152586658
2020-06-14 12:00:00+00:00,0.3076759644277172,0.2319500087092841
2020-06-14 13:00:00+00:00,0.2847907244969193,0.22287058003832086
2020-06-14 14:00:00+00:00,0.23868637508726137,0.22145532137258317
2020-06-14 15:00:00+00:00,0.17998603818253558,0.2279655112349765
2020-06-14 16:00:00+00:00,0.1141530336601208,0.2429019334610695
2020-06-14 17:00:00+00:00,0.05612043585151911,0.24599372931545027
2020-06-14 18:00:00+00:00,0.01675418095729505,0.23595627939383382
2020-06-14 19:00:00+00:00,0.0011533675296688621,0.23393137084131685
2020-06-14 20:00:00+00:00,0.0,0.24854119491377807
2020-06-14 21:00:00+00:00,0.0,0.2601027695523428
2020-06-14 22:00:00+00:00,0.0,0.27591012018812056
2020-06-14 23:00:00+00:00,0.0,0.2663952273123149
2020-06-15 00:00:00+00:00,0.0,0.25056610346629504
2020-06-15 01:00:00+00:00,0.0,0.2338878244208326
2020-06-15 02:00:00+00:00,0.000151758885482745,0.2208892179062881
2020-06-15 03:00:00+00:00,0.007102315840592467,0.21215816059919873
2020-06-15 04:00:00+00:00,0.04012504932163778,0.19970388434070718
2020-06-15 05:00:00+00:00,0.10908428688499712,0.16752307960285664
2020-06-15 06:00:00+00:00,0.2008073572707682,0.1399146490158509
2020-06-15 07:00:00+00:00,0.3052781740370899,0.12129855425883992
2020-06-15 08:00:00+00:00,0.3940267702673992,0.10901846368228532
2020-06-15 09:00:00+00:00,0.45051142744407685,0.10152847935899668
2020-06-15 10:00:00+00:00,0.47178802318875773,0.08968385298728444
2020-06-15 11:00:00+00:00,0.4714845054177922,0.07823114439993033
2020-06-15 12:00:00+00:00,0.4484778583786081,0.07043633513325205
2020-06-15 13:00:00+00:00,0.40546939023279815,0.06462288799860652
2020-06-15 14:00:00+00:00,0.3394846268249006,0.06283748475875282
2020-06-15 15:00:00+00:00,0.2585060855313079,0.06516721825465947
2020-06-15 16:00:00+00:00,0.16487085318845418,0.06815014805782965
2020-06-15 17:00:00+00:00,0.0807053752997238,0.06784532311444
2020-06-15 18:00:00+00:00,0.0258293623091632,0.06708326075596587
2020-06-15 19:00:00+00:00,0.0019728655112756853,0.06815014805782965
2020-06-15 20:00:00+00:00,0.0,0.06462288799860652
2020-06-15 21:00:00+00:00,0.0,0.059375544330256054
2020-06-15 22:00:00+00:00,0.0,0.05214683852987284
2020-06-15 23:00:00+00:00,0.0,0.04705190733321721
2020-06-16 00:00:00+00:00,0.0,0.04017157289670789
2020-06-16 01:00:00+00:00,0.0,0.03335655809092493
2020-06-16 02:00:00+00:00,0.00018211066257929403,0.029698658770249083
2020-06-16 03:00:00+00:00,0.00852884936413027,0.024930325727225224
2020-06-16 04:00:00+00:00,0.046529274289009624,0.0208151889914649
2020-06-16 05:00:00+00:00,0.12095183172974777,0.015415432851419615
2020-06-16 06:00:00+00:00,0.221750083467387,0.01040759449573245
2020-06-16 07:00:00+00:00,0.329498892160136,0.00905765546072113
2020-06-16 08:00:00+00:00,0.4247731204662033,0.009144748301689602
2020-06-16 09:00:00+00:00,0.48316993959996357,0.008970562619752657
2020-06-16 10:00:00+00:00,0.5207757914225878,0.008578644835394531
2020-06-16 11:00:00+00:00,0.5416881658421101,0.008230273471520642
2020-06-16 12:00:00+00:00,0.5370139921692415,0.01201881205364919
2020-06-16 13:00:00+00:00,0.5175888548274501,0.019095105382337572
2020-06-16 14:00:00+00:00,0.44790117461377366,0.029089008883469776
2020-06-16 15:00:00+00:00,0.3584544875102437,0.03300818672705104
2020-06-16 16:00:00+00:00,0.2393237624062889,0.03279045462462986
2020-06-16 17:00:00+00:00,0.12483685919810605,0.03041717470823898
2020-06-16 18:00:00+00:00,0.04191580417033417,0.02645445044417349
2020-06-16 19:00:00+00:00,0.0031869365951376454,0.024952098937467342
2020-06-16 20:00:00+00:00,0.0,0.0192475178540324
2020-06-16 21:00:00+00:00,0.0,0.01637345410207281
2020-06-16 22:00:00+00:00,0.0,0.014849329385124545
2020-06-16 23:00:00+00:00,0.0,0.013129245775997212
2020-06-17 00:00:00+00:00,0.0,0.011387388956627765
2020-06-17 01:00:00+00:00,0.0,0.012367183417523079
2020-06-17 02:00:00+00:00,0.000151758885482745,0.013978400975439821
2020-06-17 03:00:00+00:00,0.010441011321212857,0.01615572199965163
2020-06-17 04:00:00+00:00,0.06619722584757337,0.017266155721999653
2020-06-17 05:00:00+00:00,0.16650984915166783,0.014370318759797947
2020-06-17 06:00:00+00:00,0.30224299632743495,0.010276955234279742
2020-06-17 07:00:00+00:00,0.45136127720278024,0.007707716425709807
2020-06-17 08:00:00+00:00,0.5874282939266094,0.00801254136909946
2020-06-17 09:00:00+00:00,0.6623364798008924,0.011234976484932938
2020-06-17 10:00:00+00:00,0.6780890521140013,0.015175927538756316
2020-06-17 11:00:00+00:00,0.6643396970892645,0.021882076293328688
2020-06-17 12:00:00+00:00,0.6076425774729111,0.035098414910294376
2020-06-17 13:00:00+00:00,0.5133699578110298,0.06307699007141612
2020-06-17 14:00:00+00:00,0.4284760372719823,0.09044591534575858
2020-06-17 15:00:00+00:00,0.305672747139345,0.11642135516460547
2020-06-17 16:00:00+00:00,0.17710261935836344,0.15228183243337398
2020-06-17 17:00:00+00:00,0.0823140194858409,0.1863569064622888
2020-06-17 18:00:00+00:00,0.025768658754970104,0.20880508622191254
2020-06-17 19:00:00+00:00,0.002033569065468783,0.22513499390350114
2020-06-17 20:00:00+00:00,0.0,0.2287275735934506
2020-06-17 21:00:00+00:00,0.0,0.23192823549904198
2020-06-17 22:00:00+00:00,0.0,0.23793764152586658
2020-06-17 23:00:00+00:00,0.0,0.23136213203274691
2020-06-18 00:00:00+00:00,0.0,0.20771642570980664
2020-06-18 01:00:00+00:00,0.0,0.1917784358125762
2020-06-18 02:00:00+00:00,0.00012140710838619601,0.1783008186727051
2020-06-18 03:00:00+00:00,0.008134276261875132,0.17316234105556522
2020-06-18 04:00:00+00:00,0.05068746775123684,0.15988068280787318
2020-06-18 05:00:00+00:00,0.13239445169514674,0.13105295244730883
2020-06-18 06:00:00+00:00,0.24821683309557774,0.11134819717819196
2020-06-18 07:00:00+00:00,0.3740249491607734,0.1115223828601289
2020-06-18 08:00:00+00:00,0.4793456156857984,0.1127199094234454
2020-06-18 09:00:00+00:00,0.5439645491243512,0.11184898101376067
2020-06-18 10:00:00+00:00,0.5765016541718517,0.11352551820240377
2020-06-18 11:00:00+00:00,0.5887030685646645,0.11481013760668873
2020-06-18 12:00:00+00:00,0.5748323064315416,0.10675404981710503
2020-06-18 13:00:00+00:00,0.5205026254287188,0.10560006967427277
2020-06-18 14:00:00+00:00,0.441284487206726,0.10925796899494862
2020-06-18 15:00:00+00:00,0.33311075363462533,0.1050339662079777
2020-06-18 16:00:00+00:00,0.20888092997845023,0.10096237589270161
2020-06-18 17:00:00+00:00,0.10392448477858379,0.0915563490681066
2020-06-18 18:00:00+00:00,0.031899717728473005,0.08219386866399582
2020-06-18 19:00:00+00:00,0.0021246243967584302,0.076511060790803
2020-06-18 20:00:00+00:00,0.0,0.07030569587179934
2020-06-18 21:00:00+00:00,0.0,0.07864483539453057
2020-06-18 22:00:00+00:00,0.0,0.09066364744817976
2020-06-18 23:00:00+00:00,0.0,0.09416913429716077
2020-06-19 00:00:00+00:00,0.0,0.09693433199790977
2020-06-19 01:00:00+00:00,0.0,0.09351593798989723
2020-06-19 02:00:00+00:00,6.0703554193098006e-05,0.09593276432677234
2020-06-19 03:00:00+00:00,0.007466537165751055,0.09871973523776345
2020-06-19 04:00:00+00:00,0.05429932922572617,0.09943825117575335
2020-06-19 05:00:00+00:00,0.1387379731083255,0.08885647099808396
2020-06-19 06:00:00+00:00,0.25088778948007406,0.07792631945654067
2020-06-19 07:00:00+00:00,0.3646158982608432,0.08334784880682808
2020-06-19 08:00:00+00:00,0.4423771511822017,0.10536056436160947
2020-06-19 09:00:00+00:00,0.4745803866816402,0.1243903501132207
2020-06-19 10:00:00+00:00,0.49728351594985887,0.1348850374499216
2020-06-19 11:00:00+00:00,0.49452150423407293,0.14537972478662253
2020-06-19 12:00:00+00:00,0.47907244969192947,0.15546072112872322
2020-06-19 13:00:00+00:00,0.4379457917261056,0.16922139000174186
2020-06-19 14:00:00+00:00,0.38052022945943487,0.17880160250827382
2020-06-19 15:00:00+00:00,0.293896257625884,0.17244382511757533
2020-06-19 16:00:00+00:00,0.1969526815795065,0.1636256749695175
2020-06-19 17:00:00+00:00,0.10110176950860474,0.15045288277303606
2020-06-19 18:00:00+00:00,0.03460102589006586,0.12979010625326598
2020-06-19 19:00:00+00:00,0.0031565848180410963,0.1258491551994426
2020-06-19 20:00:00+00:00,0.0,0.12528305173314752
2020-06-19 21:00:00+00:00,0.0,0.13797683330430238
2020-06-19 22:00:00+00:00,0.0,0.15334871973523775
2020-06-19 23:00:00+00:00,0.0,0.16837223480229924
2020-06-20 00:00:00+00:00,0.0,0.1857690297857516
2020-06-20 01:00:00+00:00,0.0,0.19735237763455843
2020-06-20 02:00:00+00:00,6.0703554193098006e-05,0.21361696568542066
2020-06-20 03:00:00+00:00,0.005584726985765016,0.22282703361783662
2020-06-20 04:00:00+00:00,0.046225756518044135,0.22180369273645706
2020-06-20 05:00:00+00:00,0.12793274046195405,0.19909423445392788
2020-06-20 06:00:00+00:00,0.25161623213039125,0.19955147186901237
2020-06-20 07:00:00+00:00,0.39241812608128207,0.221977878418394
2020-06-20 08:00:00+00:00,0.5026254287188515,0.247234802299251
2020-06-20 09:00:00+00:00,0.5522809360488057,0.2744295418916565
2020-06-20 10:00:00+00:00,0.5785959267915136,0.2900409336352552
2020-06-20 11:00:00+00:00,0.5821167329347133,0.2963551646054694
2020-06-20 12:00:00+00:00,0.5467265608401372,0.28821198397491726
2020-06-20 13:00:00+00:00,0.49133456763893524,0.2859693433199791
2020-06-20 14:00:00+00:00,0.40902054815309435,0.2773906984845846
2020-06-20 15:00:00+00:00,0.3193006950556955,0.2792631945654067
2020-06-20 16:00:00+00:00,0.21282666100100162,0.26437031875979794
2020-06-20 17:00:00+00:00,0.11026800619176252,0.23033879115136735
2020-06-20 18:00:00+00:00,0.037636203599720766,0.19234453927887127
2020-06-20 19:00:00+00:00,0.0033083437035238412,0.16336439644661208
2020-06-20 20:00:00+00:00,0.0,0.14176537188643093
2020-06-20 21:00:00+00:00,0.0,0.1342536143529002
2020-06-20 22:00:00+00:00,0.0,0.12565319630726354
2020-06-20 23:00:00+00:00,0.0,0.1195784706497126
2020-06-21 00:00:00+00:00,0.0,0.11047726876850723
2020-06-21 01:00:00+00:00,0.0,0.11439644661208849
2020-06-21 02:00:00+00:00,6.0703554193098006e-05,0.11626894269291065
2020-06-21 03:00:00+00:00,0.007193371171882114,0.11611653022121582
2020-06-21 04:00:00+00:00,0.0595198348863326,0.10856122626720084
2020-06-21 05:00:00+00:00,0.17676874981030138,0.09943825117575335
2020-06-21 06:00:00+00:00,0.34880262239354115,0.08587354119491378
2020-06-21 07:00:00+00:00,0.5372568063860139,0.08900888346977878
2020-06-21 08:00:00+00:00,0.6654323610647404,0.09983016896011147
2020-06-21 09:00:00+00:00,0.7115063586973017,0.10849590663647447
2020-06-21 10:00:00+00:00,0.7362734088080857,0.11389566277651977
2020-06-21 11:00:00+00:00,0.7513885938021672,0.10740724612436857
2020-06-21 12:00:00+00:00,0.7312653655871552,0.12075422400278697
2020-06-21 13:00:00+00:00,0.6805171942817252,0.12071067758230274
2020-06-21 14:00:00+00:00,0.5729504962515556,0.11526737502177321
2020-06-21 15:00:00+00:00,0.4353658906728989,0.11274168263368751
2020-06-21 16:00:00+00:00,0.2813306219079127,0.0920353596934332
2020-06-21 17:00:00+00:00,0.13221234103256746,0.08800731579864135
2020-06-21 18:00:00+00:00,0.03945731022551371,0.09395140219473959
2020-06-21 19:00:00+00:00,0.0028834188241721554,0.0861348197178192
2020-06-21 20:00:00+00:00,0.0,0.07762149451315102
2020-06-21 21:00:00+00:00,0.0,0.07962462985542589
2020-06-21 22:00:00+00:00,0.0,0.08535098414910294
2020-06-21 23:00:00+00:00,0.0,0.0828906113917436
2020-06-22 00:00:00+00:00,0.0,0.08130116704406898
2020-06-22 01:00:00+00:00,0.0,0.09932938512454276
2020-06-22 02:00:00+00:00,0.000151758885482745,0.10984584567148581
2020-06-22 03:00:00+00:00,0.010107141773150818,0.12447744295418917
2020-06-22 04:00:00+00:00,0.06549913497435275,0.12867967253091794
2020-06-22 05:00:00+00:00,0.17746684068352203,0.11243685769029786
2020-06-22 06:00:00+00:00,0.3272832124320879,0.09652064100330952
2020-06-22 07:00:00+00:00,0.4948250220050384,0.09908987981187946
2020-06-22 08:00:00+00:00,0.6473730536922937,0.10941038146664345
2020-06-22 09:00:00+00:00,0.7229186268856042,0.13092231318585612
2020-06-22 10:00:00+00:00,0.7334810453152032,0.1501480578296464
2020-06-22 11:00:00+00:00,0.7270464685707348,0.17425100156767112
2020-06-22 12:00:00+00:00,0.7246183264030109,0.1981579864135168
2020-06-22 13:00:00+00:00,0.6737487479891948,0.2065624455669744
2020-06-22 14:00:00+00:00,0.5968373448265396,0.1991377808744121
2020-06-22 15:00:00+00:00,0.4653230946671928,0.1837005748127504
2020-06-22 16:00:00+00:00,0.3018180714480833,0.16445305695871798
2020-06-22 17:00:00+00:00,0.14335144322700094,0.13192388085699355
2020-06-22 18:00:00+00:00,0.04646857073481652,0.10729838007315798
2020-06-22 19:00:00+00:00,0.004067138130937566,0.10425013063926145
2020-06-22 20:00:00+00:00,0.0,0.11504964291935203
2020-06-22 21:00:00+00:00,0.0,0.11879463508099634
2020-06-22 22:00:00+00:00,0.0,0.11004180456366487
2020-06-22 23:00:00+00:00,0.0,0.09922051907333217
2020-06-23 00:00:00+00:00,0.0,0.08548162341055565
2020-06-23 01:00:00+00:00,0.0,0.08080038320850026
2020-06-23 02:00:00+00:00,0.000151758885482745,0.07764326772339314
2020-06-23 03:00:00+00:00,0.010896287977661092,0.07524821459676015
2020-06-23 04:00:00+00:00,0.07666858894588278,0.06462288799860652
2020-06-23 05:00:00+00:00,0.2221750083467387,0.049817105033966205
2020-06-23 06:00:00+00:00,0.4301150332351959,0.03130987632816583
2020-06-23 07:00:00+00:00,0.6349895286369017,0.030743772861870758
2020-06-23 08:00:00+00:00,0.7799192642729231,0.04703013412297509
2020-06-23 09:00:00+00:00,0.8551613196952682,0.05475962375892702
2020-06-23 10:00:00+00:00,0.9228154308434758,0.05669743947047553
2020-06-23 11:00:00+00:00,0.9472789631832944,0.058330430238634386
2020-06-23 12:00:00+00:00,0.9283394542750478,0.05959327643267723
2020-06-23 13:00:00+00:00,0.8555862445746198,0.06492771294199617
2020-06-23 14:00:00+00:00,0.7272285792333141,0.07006619055913604
2020-06-23 15:00:00+00:00,0.5504598294230127,0.0727878418394008
2020-06-23 16:00:00+00:00,0.3416699547758521,0.07165563490681066
2020-06-23 17:00:00+00:00,0.15124290527210368,0.06939122104163038
2020-06-23 18:00:00+00:00,0.044920630102892524,0.07019682982058875
2020-06-23 19:00:00+00:00,0.00397608279964792,0.09105556523253788
2020-06-23 20:00:00+00:00,3.0351777096549003e-05,0.11369970388434071
2020-06-23 21:00:00+00:00,0.0,0.129245775997213
2020-06-23 22:00:00+00:00,0.0,0.13730186378679674
2020-06-23 23:00:00+00:00,0.0,0.1355817801776694
2020-06-24 00:00:00+00:00,0.0,0.12460808221564187
2020-06-24 01:00:00+00:00,0.0,0.11287232189514022
2020-06-24 02:00:00+00:00,0.000151758885482745,0.10462027521337745
2020-06-24 03:00:00+00:00,0.011048046863143837,0.09808831214074203
2020-06-24 04:00:00+00:00,0.07487783409718639,0.08284706497125936
2020-06-24 05:00:00+00:00,0.22821501198895194,0.05689339836265459
2020-06-24 06:00:00+00:00,0.44079885877318115,0.02858822504790106
2020-06-24 07:00:00+00:00,0.650317176070659,0.028087441212332347
2020-06-24 08:00:00+00:00,0.8049291286004796,0.0466817627591012
2020-06-24 09:00:00+00:00,0.8868485749840653,0.06943476746211462
2020-06-24 10:00:00+00:00,0.9186572373812487,0.0780787319282355
2020-06-24 11:00:00+00:00,0.9093088900355116,0.0857864483539453
2020-06-24 12:00:00+00:00,0.8587731811697575,0.09443041282006619
2020-06-24 13:00:00+00:00,0.7750933317145718,0.11256749695175057
2020-06-24 14:00:00+00:00,0.6464321486023007,0.1265894443476746
2020-06-24 15:00:00+00:00,0.48134883297417064,0.14098153631771468
2020-06-24 16:00:00+00:00,0.3020912374419522,0.16149190036578992
2020-06-24 17:00:00+00:00,0.14316933256442166,0.1741203623062184
2020-06-24 18:00:00+00:00,0.04373691079612711,0.1822853161470127
2020-06-24 19:00:00+00:00,0.00397608279964792,0.20989374673401845
2020-06-24 20:00:00+00:00,0.0,0.23946176624281484
2020-06-24 21:00:00+00:00,0.0,0.26963943563839055
2020-06-24 22:00:00+00:00,0.0,0.2825074028914823
2020-06-24 23:00:00+00:00,0.0,0.286317714683853
2020-06-25 00:00:00+00:00,0.0,0.27133774603727573
2020-06-25 01:00:00+00:00,0.0,0.25550862219125586
2020-06-25 02:00:00+00:00,9.105533128964702e-05,0.24137780874412124
2020-06-25 03:00:00+00:00,0.007891462045102741,0.22476484932938512
2020-06-25 04:00:00+00:00,0.05912526178407746,0.18666173140567846
2020-06-25 05:00:00+00:00,0.17264090812517072,0.13505922313185856
2020-06-25 06:00:00+00:00,0.3376938719762042,0.10647099808395749
2020-06-25 07:00:00+00:00,0.5042644246820651,0.12140742031005052
2020-06-25 08:00:00+00:00,0.6358697301727017,0.15188991464901586
2020-06-25 09:00:00+00:00,0.7362127052538926,0.17544852813098763
2020-06-25 10:00:00+00:00,0.7919689197802532,0.1921268071764501
2020-06-25 11:00:00+00:00,0.8126081282059064,0.2053649190036579
2020-06-25 12:00:00+00:00,0.7766412723464959,0.22049730012192997
2020-06-25 13:00:00+00:00,0.6908671502716484,0.23373541194913777
2020-06-25 14:00:00+00:00,0.5848180410963062,0.23715380595715033
2020-06-25 15:00:00+00:00,0.45609615442984186,0.2383513325204668
2020-06-25 16:00:00+00:00,0.29899535617810424,0.23682720780351854
2020-06-25 17:00:00+00:00,0.1459313442802076,0.23164518376589444
2020-06-25 18:00:00+00:00,0.04634716362643033,0.2184941647796551
2020-06-25 19:00:00+00:00,0.004006434576744469,0.22602769552342797
2020-06-25 20:00:00+00:00,0.0,0.2566190559136039
2020-06-25 21:00:00+00:00,0.0,0.27279655112349765
2020-06-25 22:00:00+00:00,0.0,0.27532224351158335
2020-06-25 23:00:00+00:00,0.0,0.2623236369970388
2020-06-26 00:00:00+00:00,0.0,0.23859083783313012
2020-06-26 01:00:00+00:00,0.0,0.20743337397665912
2020-06-26 02:00:00+00:00,0.00012140710838619601,0.1838529872844452
2020-06-26 03:00:00+00:00,0.01034995598992321,0.1834610695000871
2020-06-26 04:00:00+00:00,0.0727835614775245,0.16800209022818324
2020-06-26 05:00:00+00:00,0.21689379913193918,0.12219125587876675
2020-06-26 06:00:00+00:00,0.41903663459495555,0.0808439296289845
2020-06-26 07:00:00+00:00,0.6157768537347862,0.08776781048597805
2020-06-26 08:00:00+00:00,0.7599477949433939,0.1258491551994426
2020-06-26 09:00:00+00:00,0.843324126627614,0.15293502874063752
2020-06-26 10:00:00+00:00,0.8720369077609494,0.15863960982407246
2020-06-26 11:00:00+00:00,0.8649345919203569,0.15088834697787842
2020-06-26 12:00:00+00:00,0.8112726500136583,0.14335481623410556
2020-06-26 13:00:00+00:00,0.71882113697757,0.13242466469256228
2020-06-26 14:00:00+00:00,0.5892797523294989,0.1331649538407943
2020-06-26 15:00:00+00:00,0.4113272832124321,0.14459588921790628
2020-06-26 16:00:00+00:00,0.2451513036088263,0.15576554607211288
2020-06-26 17:00:00+00:00,0.11309072146174158,0.16756662602334088
2020-06-26 18:00:00+00:00,0.03639178073876225,0.16460546943041282
2020-06-26 19:00:00+00:00,0.003095881263847998,0.16599895488590838
2020-06-26 20:00:00+00:00,3.0351777096549003e-05,0.15075770771642572
2020-06-26 21:00:00+00:00,0.0,0.14263630029611565
2020-06-26 22:00:00+00:00,0.0,0.14178714509667306
2020-06-26 23:00:00+00:00,0.0,0.13960982407246125
2020-06-27 00:00:00+00:00,0.0,0.13046507577077163
2020-06-27 01:00:00+00:00,0.0,0.13029089008883468
2020-06-27 02:00:00+00:00,0.00012140710838619601,0.11017244382511758
2020-06-27 03:00:00+00:00,0.009985734664764621,0.09647709458282529
2020-06-27 04:00:00+00:00,0.06732024160014569,0.10394530569587179
2020-06-27 05:00:00+00:00,0.18745257534828663,0.09935115833478488
2020-06-27 06:00:00+00:00,0.3538106656144717,0.0657986413516809
2020-06-27 07:00:00+00:00,0.5262391112999666,0.056632119839749175
2020-06-27 08:00:00+00:00,0.6761768901569187,0.0653196307263543
2020-06-27 09:00:00+00:00,0.7683855889762345,0.09819717819195262
2020-06-27 10:00:00+00:00,0.8032597808601694,0.14056784532311445
2020-06-27 11:00:00+00:00,0.7722706164445928,0.16708761539801428
2020-06-27 12:00:00+00:00,0.7234649588733421,0.2030787319282355
2020-06-27 13:00:00+00:00,0.6590281360973685,0.23558613481971782
2020-06-27 14:00:00+00:00,0.5459070628585304,0.23153631771468386
2020-06-27 15:00:00+00:00,0.39557471089932317,0.2331475352726006
2020-06-27 16:00:00+00:00,0.24785261177041917,0.2394182198223306
2020-06-27 17:00:00+00:00,0.12523143230036118,0.19580647970736806
2020-06-27 18:00:00+00:00,0.041642638176465234,0.15226005922313185
2020-06-27 19:00:00+00:00,0.0032172883722341944,0.14224438251175753
2020-06-27 20:00:00+00:00,0.0,0.15485107124194392
2020-06-27 21:00:00+00:00,0.0,0.1856166173140568
2020-06-27 22:00:00+00:00,0.0,0.21816756662602332
2020-06-27 23:00:00+00:00,0.0,0.24490506880334437
2020-06-28 00:00:00+00:00,0.0,0.2478444521860303
2020-06-28 01:00:00+00:00,0.0,0.2589052429890263
2020-06-28 02:00:00+00:00,9.105533128964702e-05,0.2557481275039192
2020-06-28 03:00:00+00:00,0.009409050899930192,0.24584131684375543
2020-06-28 04:00:00+00:00,0.059762649103104984,0.2365223828601289
2020-06-28 05:00:00+00:00,0.14896652198986252,0.23277739069848458
2020-06-28 06:00:00+00:00,0.26560840137190034,0.24980404110782095
2020-06-28 07:00:00+00:00,0.3639481591647191,0.29108604772687685
2020-06-28 08:00:00+00:00,0.4367924241964367,0.3429933809440864
2020-06-28 09:00:00+00:00,0.49361095092117646,0.36602943738024735
2020-06-28 10:00:00+00:00,0.5353446444289314,0.38490681066016375
2020-06-28 11:00:00+00:00,0.5572282757155431,0.4131031179237067
2020-06-28 12:00:00+00:00,0.5468176161714269,0.41765371886430935
2020-06-28 13:00:00+00:00,0.5095456338968647,0.4089879811879463
2020-06-28 14:00:00+00:00,0.4390688074786779,0.37351942170353597
2020-06-28 15:00:00+00:00,0.3200291377060127,0.31671311618184983
2020-06-28 16:00:00+00:00,0.19667951558563754,0.26460982407246125
2020-06-28 17:00:00+00:00,0.09460648920994325,0.21024211809789234
2020-06-28 18:00:00+00:00,0.03162655173460406,0.16756662602334088
2020-06-28 19:00:00+00:00,0.0036725650286824293,0.1488198920048772
2020-06-28 20:00:00+00:00,0.0,0.14224438251175753
2020-06-28 21:00:00+00:00,0.0,0.14766591186204495
2020-06-28 22:00:00+00:00,0.0,0.1725309179585438
2020-06-28 23:00:00+00:00,0.0,0.1918873018637868
2020-06-29 00:00:00+00:00,0.0,0.20976310747256574
2020-06-29 01:00:00+00:00,0.0,0.22746472739940776
2020-06-29 02:00:00+00:00,6.0703554193098006e-05,0.22881466643441908
2020-06-29 03:00:00+00:00,0.006525632075758036,0.2172966382163386
2020-06-29 04:00:00+00:00,0.04331198591677543,0.20784706497125935
2020-06-29 05:00:00+00:00,0.11812911645976872,0.18988416652151194
2020-06-29 06:00:00+00:00,0.21835068443257352,0.20386256749695175
2020-06-29 07:00:00+00:00,0.3389686466142593,0.2460372757359345
2020-06-29 08:00:00+00:00,0.46356269159559294,0.2579472217383731
2020-06-29 09:00:00+00:00,0.5740735120041278,0.281157463856471
2020-06-29 10:00:00+00:00,0.6549002944122378,0.3141438773732799
2020-06-29 11:00:00+00:00,0.6912010198197105,0.34741334262323637
2020-06-29 12:00:00+00:00,0.6925972015661517,0.38264239679498346
2020-06-29 13:00:00+00:00,0.6330470149027225,0.401367357603205
2020-06-29 14:00:00+00:00,0.5526451573739642,0.42621059048946175
2020-06-29 15:00:00+00:00,0.4140589431511215,0.4307176450095802
2020-06-29 16:00:00+00:00,0.2587185479709837,0.4055913603901759
2020-06-29 17:00:00+00:00,0.12365313989134064,0.37950705452011846
2020-06-29 18:00:00+00:00,0.03818253558745865,0.3403805957150322
2020-06-29 19:00:00+00:00,0.0029137706012687045,0.32202577948092664
2020-06-29 20:00:00+00:00,0.0,0.3343494164779655
2020-06-29 21:00:00+00:00,0.0,0.3766112175579167
2020-06-29 22:00:00+00:00,0.0,0.3989505312663299
2020-06-29 23:00:00+00:00,0.0,0.4136256749695175
2020-06-30 00:00:00+00:00,0.0,0.4320675840445915
2020-06-30 01:00:00+00:00,0.0,0.45821720954537537
2020-06-30 02:00:00+00:00,6.0703554193098006e-05,0.480643616094757
2020-06-30 03:00:00+00:00,0.008710960026709564,0.49477442954189166
2020-06-30 04:00:00+00:00,0.06650074361853886,0.49934680369273643
2020-06-30 05:00:00+00:00,0.19255167390050687,0.5165258665737676
2020-06-30 06:00:00+00:00,0.36155036877409175,0.5465293502874063
2020-06-30 07:00:00+00:00,0.5039305551340031,0.551254136909946
2020-06-30 08:00:00+00:00,0.5904027680820713,0.5546725309179585
2020-06-30 09:00:00+00:00,0.6555073299541688,0.5666477965511235
2020-06-30 10:00:00+00:00,0.687528454791028,0.5659510538233757
2020-06-30 11:00:00+00:00,0.698090873220627,0.5603335655809092
2020-06-30 12:00:00+00:00,0.6661608037150575,0.5580473785054868
2020-06-30 13:00:00+00:00,0.6169302212644551,0.5489679498345236
2020-06-30 14:00:00+00:00,0.5226272498254773,0.5328993206758404
2020-06-30 15:00:00+00:00,0.3917200352080614,0.5161339487894095
2020-06-30 16:00:00+00:00,0.24581904270495036,0.48360477268768504
2020-06-30 17:00:00+00:00,0.1125443894740037,0.4514239679498345
2020-06-30 18:00:00+00:00,0.030928460861383435,0.39725222086744466
2020-06-30 19:00:00+00:00,0.0016693477403101952,0.36326423967949834
2020-06-30 20:00:00+00:00,0.0,0.3680761191430064
2020-06-30 21:00:00+00:00,0.0,0.3764588050862219
2020-06-30 22:00:00+00:00,0.0,0.37097195610520817
2020-06-30 23:00:00+00:00,0.0,0.36859867618881725
2020-07-01 00:00:00+00:00,0.0,0.36280700226441387
2020-07-01 01:00:00+00:00,0.0,0.34998258143180627
2020-07-01 02:00:00+00:00,3.0351777096549003e-05,0.31440515589618534
2020-07-01 03:00:00+00:00,0.006495280298661487,0.27978575161121755
2020-07-01 04:00:00+00:00,0.053844052569277934,0.24645096673053474
2020-07-01 05:00:00+00:00,0.16544753695328862,0.21531527608430587
2020-07-01 06:00:00+00:00,0.3210914499043919,0.20161992684201357
2020-07-01 07:00:00+00:00,0.4640483200291377,0.21255007838355686
2020-07-01 08:00:00+00:00,0.5715239627280178,0.22881466643441908
2020-07-01 09:00:00+00:00,0.6413330500500805,0.24682111130465076
2020-07-01 10:00:00+00:00,0.683218502443318,0.2554215293502874
2020-07-01 11:00:00+00:00,0.6910492609342277,0.2788712767810486
2020-07-01 12:00:00+00:00,0.674811060187574,0.29136909946002437
2020-07-01 13:00:00+00:00,0.6096457947612832,0.29890263020379726
2020-07-01 14:00:00+00:00,0.5165568944061675,0.30924490506880337
2020-07-01 15:00:00+00:00,0.3903542052387167,0.3218080473785055
2020-07-01 16:00:00+00:00,0.24059853704434395,0.3180195087963769
2020-07-01 17:00:00+00:00,0.11806841290557563,0.3155809092492597
2020-07-01 18:00:00+00:00,0.040398215315506726,0.3057829646403066
2020-07-01 19:00:00+00:00,0.0035815096973927825,0.2868402717296638
2020-07-01 20:00:00+00:00,0.0,0.27353684027172964
2020-07-01 21:00:00+00:00,0.0,0.27338442780003486
2020-07-01 22:00:00+00:00,0.0,0.26376066887301863
2020-07-01 23:00:00+00:00,0.0,0.2496516286361261
2020-07-02 00:00:00+00:00,0.0,0.22951140916216686
2020-07-02 01:00:00+00:00,0.0,0.22267462114614178
2020-07-02 02:00:00+00:00,6.0703554193098006e-05,0.21529350287406374
2020-07-02 03:00:00+00:00,0.007223722948978663,0.19515328340010452
2020-07-02 04:00:00+00:00,0.05253892615412632,0.1692867096324682
2020-07-02 05:00:00+00:00,0.14186420614927003,0.1333173663124891
2020-07-02 06:00:00+00:00,0.2721643852247549,0.11899059397317541
2020-07-02 07:00:00+00:00,0.3944820469238474,0.12369360738547291
2020-07-02 08:00:00+00:00,0.4909703463137767,0.1283748475875283
2020-07-02 09:00:00+00:00,0.5585941056848879,0.13532050165476397
2020-07-02 10:00:00+00:00,0.6043949373235803,0.1407638042152935
2020-07-02 11:00:00+00:00,0.6082799647919386,0.15019160425013064
2020-07-02 12:00:00+00:00,0.5800224603150514,0.1558090924925971
2020-07-02 13:00:00+00:00,0.5404740947582481,0.15613569064622887
2020-07-02 14:00:00+00:00,0.47567305065711596,0.15045288277303606
2020-07-02 15:00:00+00:00,0.3516860412177133,0.1435507751262846
2020-07-02 16:00:00+00:00,0.21431389807873252,0.13684462637171224
2020-07-02 17:00:00+00:00,0.10225513703827359,0.1317279219648145
2020-07-02 18:00:00+00:00,0.03277991926427292,0.11531092144225745
2020-07-02 19:00:00+00:00,0.0027013081615928614,0.12210416303779828
2020-07-02 20:00:00+00:00,0.0,0.10880073157986414
2020-07-02 21:00:00+00:00,0.0,0.12044939905939732
2020-07-02 22:00:00+00:00,0.0,0.12648057829646403
2020-07-02 23:00:00+00:00,0.0,0.128505486848981
2020-07-03 00:00:00+00:00,0.0,0.141221041630378
2020-07-03 01:00:00+00:00,0.0,0.14986500609649886
2020-07-03 02:00:00+00:00,3.0351777096549003e-05,0.15319630726354294
2020-07-03 03:00:00+00:00,0.006373873190275291,0.14490071416129593
2020-07-03 04:00:00+00:00,0.05287279570218836,0.12981187946350808
2020-07-03 05:00:00+00:00,0.16380854099007497,0.09780526040759449
2020-07-03 06:00:00+00:00,0.3238838133972744,0.09181762759101202
2020-07-03 07:00:00+00:00,0.4838376786960877,0.11583347848806828
2020-07-03 08:00:00+00:00,0.5813882902843962,0.14477007489984323
2020-07-03 09:00:00+00:00,0.6271891219230886,0.17773471520641004
2020-07-03 10:00:00+00:00,0.6365981728230188,0.22633252046681762
2020-07-03 11:00:00+00:00,0.6537165751054724,0.27697700748998433
2020-07-03 12:00:00+00:00,0.6604850213980028,0.3173663124891134
2020-07-03 13:00:00+00:00,0.6179318299086412,0.32309266678279047
2020-07-03 14:00:00+00:00,0.533887759128297,0.320610520815189
2020-07-03 15:00:00+00:00,0.41776185995690046,0.3202621494513151
2020-07-03 16:00:00+00:00,0.27319634564603756,0.3142309702142484
2020-07-03 17:00:00+00:00,0.13412450298965004,0.3093102246995297
2020-07-03 18:00:00+00:00,0.04170334173065833,0.2803300818672705
2020-07-03 19:00:00+00:00,0.0026406046073997633,0.26463159728270336
2020-07-03 20:00:00+00:00,0.0,0.26970475526911686
2020-07-03 21:00:00+00:00,0.0,0.3166913429716077
2020-07-03 22:00:00+00:00,0.0,0.36160947570109736
2020-07-03 23:00:00+00:00,0.0,0.3999085525169831
2020-07-04 00:00:00+00:00,0.0,0.44948615223828603
2020-07-04 01:00:00+00:00,0.0,0.48889566277651975
2020-07-04 02:00:00+00:00,6.0703554193098006e-05,0.4981275039191778
2020-07-04 03:00:00+00:00,0.0076486478283303485,0.5009797944608954
2020-07-04 04:00:00+00:00,0.06225149482502201,0.5128897404633339
2020-07-04 05:00:00+00:00,0.1828998087838043,0.4934027172966382
2020-07-04 06:00:00+00:00,0.34713327465323096,0.5020684549730012
2020-07-04 07:00:00+00:00,0.5082708592588097,0.5464204842361958
2020-07-04 08:00:00+00:00,0.6304367620724194,0.5844147361086919
2020-07-04 09:00:00+00:00,0.6926275533432482,0.5894008012541369
2020-07-04 10:00:00+00:00,0.7156949039366255,0.5787972478662254
2020-07-04 11:00:00+00:00,0.7133881688772877,0.5692170353596934
2020-07-04 12:00:00+00:00,0.677633775457553,0.5912950705452011
2020-07-04 13:00:00+00:00,0.6034540322335873,0.6104990419787494
2020-07-04 14:00:00+00:00,0.498892160135976,0.632206932590141
2020-07-04 15:00:00+00:00,0.36291619874343645,0.6346237589270162
2020-07-04 16:00:00+00:00,0.21959510729353204,0.6047944608953144
2020-07-04 17:00:00+00:00,0.09387804655962606,0.5890959763107473
2020-07-04 18:00:00+00:00,0.026648860290770026,0.5431980491203623
2020-07-04 19:00:00+00:00,0.0011837193067654112,0.5250174185681937
2020-07-04 20:00:00+00:00,0.0,0.5139130813447135
2020-07-04 21:00:00+00:00,0.0,0.5268028218080474
2020-07-04 22:00:00+00:00,0.0,0.5329428670963247
2020-07-04 23:00:00+00:00,0.0,0.5468559484410381
2020-07-05 00:00:00+00:00,0.0,0.5708282529176102
2020-07-05 01:00:00+00:00,0.0,0.5301558961853335
2020-07-05 02:00:00+00:00,0.0,0.5308961853335655
2020-07-05 03:00:00+00:00,0.0035208061431996843,0.5422400278697092
2020-07-05 04:00:00+00:00,0.03806112847907245,0.5587005748127504
2020-07-05 05:00:00+00:00,0.11339423923270707,0.6002656331649538
2020-07-05 06:00:00+00:00,0.225453000273166,0.6209284096847238
2020-07-05 07:00:00+00:00,0.34397668983518986,0.6481231492771294
2020-07-05 08:00:00+00:00,0.43597292621482986,0.6700487719909424
2020-07-05 09:00:00+00:00,0.4946732631195557,0.6756009406026825
2020-07-05 10:00:00+00:00,0.5122469420584576,0.6351898623933112
2020-07-05 11:00:00+00:00,0.5366497708440829,0.5858299947744295
2020-07-05 12:00:00+00:00,0.5468176161714269,0.5462027521337746
2020-07-05 13:00:00+00:00,0.5440252526785443,0.5090794286709632
2020-07-05 14:00:00+00:00,0.5015631165204723,0.5012192997735586
2020-07-05 15:00:00+00:00,0.40288948917959144,0.5904241421355164
2020-07-05 16:00:00+00:00,0.264485385619328,0.635886605121059
2020-07-05 17:00:00+00:00,0.12310680790360276,0.6643659641177495
2020-07-05 18:00:00+00:00,0.035511579202962336,0.572635429367706
2020-07-05 19:00:00+00:00,0.0026406046073997633,0.5068803344365093
2020-07-05 20:00:00+00:00,0.0,0.4864570632294025
2020-07-05 21:00:00+00:00,0.0,0.4870449399059397
2020-07-05 22:00:00+00:00,0.0,0.5011757533530744
2020-07-05 23:00:00+00:00,0.0,0.5381466643441909
2020-07-06 00:00:00+00:00,0.0,0.5700879637693781
2020-07-06 01:00:00+00:00,0.0,0.5799730012192997
2020-07-06 02:00:00+00:00,3.0351777096549003e-05,0.5880944086396098
2020-07-06 03:00:00+00:00,0.006495280298661487,0.5986544156070371
2020-07-06 04:00:00+00:00,0.05420827389443652,0.6160947570109737
2020-07-06 05:00:00+00:00,0.1611072328284821,0.6427669395575684
2020-07-06 06:00:00+00:00,0.3077063162048138,0.6928670963246821
2020-07-06 07:00:00+00:00,0.4500561507876286,0.6894922487371538
2020-07-06 08:00:00+00:00,0.5575621452636051,0.6686117401149625
2020-07-06 09:00:00+00:00,0.6319543509272468,0.6603596934331998
2020-07-06 10:00:00+00:00,0.6734755819953259,0.6719865877024909
2020-07-06 11:00:00+00:00,0.6917777035845449,0.6691342971607733
2020-07-06 12:00:00+00:00,0.67581266883176,0.6799773558613482
2020-07-06 13:00:00+00:00,0.6197225847573375,0.681414387737328
2020-07-06 14:00:00+00:00,0.5476674659301302,0.6781919526214945
2020-07-06 15:00:00+00:00,0.4263817646523204,0.6486239331126982
2020-07-06 16:00:00+00:00,0.26648860290770027,0.6349939035011322
2020-07-06 17:00:00+00:00,0.12899505266033326,0.5922313185856123
2020-07-06 18:00:00+00:00,0.04158193462227214,0.5387998606514545
2020-07-06 19:00:00+00:00,0.0029744741554618022,0.48604337223480226
2020-07-06 20:00:00+00:00,0.0,0.45734628113569065
2020-07-06 21:00:00+00:00,0.0,0.4644878940951054
2020-07-06 22:00:00+00:00,0.0,0.4450008709284097
2020-07-06 23:00:00+00:00,0.0,0.4218994948615224
2020-07-07 00:00:00+00:00,0.0,0.36764065493816406
2020-07-07 01:00:00+00:00,0.0,0.31322940254311094
2020-07-07 02:00:00+00:00,3.0351777096549003e-05,0.274516634732625
2020-07-07 03:00:00+00:00,0.007254074726075211,0.24362044939905939
2020-07-07 04:00:00+00:00,0.0640422496737184,0.2182546594669918
2020-07-07 05:00:00+00:00,0.20299268522171973,0.19184375544330257
2020-07-07 06:00:00+00:00,0.40380004249248796,0.2087615398014283
2020-07-07 07:00:00+00:00,0.5632075758035633,0.21912558787667652
2020-07-07 08:00:00+00:00,0.6593620056454306,0.2323201532834001
2020-07-07 09:00:00+00:00,0.7237988284214041,0.24854119491377807
2020-07-07 10:00:00+00:00,0.755971712143746,0.28566451837658946
2020-07-07 11:00:00+00:00,0.7251343066136522,0.31475352726005923
2020-07-07 12:00:00+00:00,0.677299905909491,0.34584567148580386
2020-07-07 13:00:00+00:00,0.6312866118311227,0.3612828775474656
2020-07-07 14:00:00+00:00,0.5425380156008134,0.35340097543981885
2020-07-07 15:00:00+00:00,0.4028591374024949,0.3280787319282355
2020-07-07 16:00:00+00:00,0.2546817616171427,0.30205974568890437
2020-07-07 17:00:00+00:00,0.11630800983397578,0.25424577599721304
2020-07-07 18:00:00+00:00,0.03159619995750751,0.22554868489810137
2020-07-07 19:00:00+00:00,0.0014568853006343523,0.19626371712245252
2020-07-07 20:00:00+00:00,0.0,0.1906897753004703
2020-07-07 21:00:00+00:00,0.0,0.18722783487197353
2020-07-07 22:00:00+00:00,0.0,0.18265546072112873
2020-07-07 23:00:00+00:00,0.0,0.17198658770249084
2020-07-08 00:00:00+00:00,0.0,0.16950444173488938
2020-07-08 01:00:00+00:00,0.0,0.1690472043198049
2020-07-08 02:00:00+00:00,3.0351777096549003e-05,0.16656505835220345
2020-07-08 03:00:00+00:00,0.0038850274683582724,0.16358212854903326
2020-07-08 04:00:00+00:00,0.04033751176131362,0.15215119317192127
2020-07-08 05:00:00+00:00,0.12262117947005798,0.13151018986239332
2020-07-08 06:00:00+00:00,0.24163049746562662,0.10912732973349591
2020-07-08 07:00:00+00:00,0.35769569308283,0.10766852464727399
2020-07-08 08:00:00+00:00,0.4499347436792424,0.12116791499738722
2020-07-08 09:00:00+00:00,0.5019576896227275,0.13070458108343494
2020-07-08 10:00:00+00:00,0.5245090600054633,0.13645270858735412
2020-07-08 11:00:00+00:00,0.5006829149846723,0.13941386518028218
2020-07-08 12:00:00+00:00,0.4528788660576077,0.13168437554433027
2020-07-08 13:00:00+00:00,0.4121164294169424,0.11829385124542763
2020-07-08 14:00:00+00:00,0.34194312076972105,0.10666695697613655
2020-07-08 15:00:00+00:00,0.24333019698303335,0.10272600592231318
2020-07-08 16:00:00+00:00,0.15491547030078612,0.08985803866922139
2020-07-08 17:00:00+00:00,0.07812547424651714,0.07544417348893921
2020-07-08 18:00:00+00:00,0.02431177345433575,0.06187946350809963
2020-07-08 19:00:00+00:00,0.0012444228609585091,0.05295244730883122
2020-07-08 20:00:00+00:00,0.0,0.05036143529001916
2020-07-08 21:00:00+00:00,0.0,0.05205974568890437
2020-07-08 22:00:00+00:00,0.0,0.04979533182372409
2020-07-08 23:00:00+00:00,0.0,0.048576032050165474
2020-07-09 00:00:00+00:00,0.0,0.048902630203797245
2020-07-09 01:00:00+00:00,0.0,0.05314840620101028
2020-07-09 02:00:00+00:00,3.0351777096549003e-05,0.05970214248388782
2020-07-09 03:00:00+00:00,0.0036118614744893316,0.07886256749695175
2020-07-09 04:00:00+00:00,0.037909369593589703,0.099743076119143
2020-07-09 05:00:00+00:00,0.11418338543721734,0.113198920048772
2020-07-09 06:00:00+00:00,0.2234801347618903,0.11986152238286013
2020-07-09 07:00:00+00:00,0.3295899474914256,0.13103117923706672
2020-07-09 08:00:00+00:00,0.43117734543357517,0.1495601811531092
2020-07-09 09:00:00+00:00,0.5054481439888305,0.18679237066713117
2020-07-09 10:00:00+00:00,0.5362248459647312,0.221607733844278
2020-07-09 11:00:00+00:00,0.5573193310468328,0.24536230621842883
2020-07-09 12:00:00+00:00,0.5611133031839014,0.26090837833130115
2020-07-09 13:00:00+00:00,0.5450268613227305,0.2657202577948093
2020-07-09 14:00:00+00:00,0.4802865207757914,0.26458805086221915
2020-07-09 15:00:00+00:00,0.37165751054724255,0.2544417348893921
2020-07-09 16:00:00+00:00,0.234133608522779,0.2284445218603031
2020-07-09 17:00:00+00:00,0.10680790360275594,0.1821329036753179
2020-07-09 18:00:00+00:00,0.029471575560749082,0.15511234976484933
2020-07-09 19:00:00+00:00,0.001305126415151607,0.1411121755791674
2020-07-09 20:00:00+00:00,0.0,0.10699355512976833
2020-07-09 21:00:00+00:00,0.0,0.08596063403588225
2020-07-09 22:00:00+00:00,0.0,0.07359345061835917
2020-07-09 23:00:00+00:00,0.0,0.08809440863960982
2020-07-10 00:00:00+00:00,0.0,0.11740114962550079
2020-07-10 01:00:00+00:00,0.0,0.14777477791325552
2020-07-10 02:00:00+00:00,3.0351777096549003e-05,0.1863569064622888
2020-07-10 03:00:00+00:00,0.0036118614744893316,0.2335176798467166
2020-07-10 04:00:00+00:00,0.042826357483230645,0.2730796028566452
2020-07-10 05:00:00+00:00,0.13634018271769813,0.26484932938512457
2020-07-10 06:00:00+00:00,0.26582086381157616,0.23565145445044416
2020-07-10 07:00:00+00:00,0.40021853279509517,0.2588399233582999
2020-07-10 08:00:00+00:00,0.5113363887455611,0.31634297160773384
2020-07-10 09:00:00+00:00,0.5817525116095548,0.38734541020728097
2020-07-10 10:00:00+00:00,0.6032415697939114,0.4480491203623062
2020-07-10 11:00:00+00:00,0.5910401554010988,0.4792065842187772
2020-07-10 12:00:00+00:00,0.5368015297295656,0.5052473436683504
2020-07-10 13:00:00+00:00,0.47169696785746806,0.5269552342797422
2020-07-10 14:00:00+00:00,0.4035875800528121,0.5344887650235151
2020-07-10 15:00:00+00:00,0.30439797250128997,0.5163081344713465
2020-07-10 16:00:00+00:00,0.19358363432178954,0.4817975962375893
2020-07-10 17:00:00+00:00,0.09591161562509486,0.40970649712593626
2020-07-10 18:00:00+00:00,0.03244604971621089,0.32405068803344367
2020-07-10 19:00:00+00:00,0.0024888457219170183,0.2707934157812228
2020-07-10 20:00:00+00:00,0.0,0.24677756488416652
2020-07-10 21:00:00+00:00,0.0,0.2484323288625675
2020-07-10 22:00:00+00:00,0.0,0.2537667653718864
2020-07-10 23:00:00+00:00,0.0,0.25235150670614875
2020-07-11 00:00:00+00:00,0.0,0.23619578470649713
2020-07-11 01:00:00+00:00,0.0,0.22424229228357428
2020-07-11 02:00:00+00:00,3.0351777096549003e-05,0.21892962898449747
2020-07-11 03:00:00+00:00,0.0049473396667374875,0.2147491726180108
2020-07-11 04:00:00+00:00,0.04012504932163778,0.19519682982058875
2020-07-11 05:00:00+00:00,0.13312289434546393,0.15622278348719734
2020-07-11 06:00:00+00:00,0.28740097732722253,0.158552516983104
2020-07-11 07:00:00+00:00,0.4468995659695875,0.17161644312837485
2020-07-11 08:00:00+00:00,0.5477888730385164,0.18019508796376937
2020-07-11 09:00:00+00:00,0.602998755577139,0.1834610695000871
2020-07-11 10:00:00+00:00,0.6267034934895438,0.18139261452708588
2020-07-11 11:00:00+00:00,0.6438825993261905,0.1739679498345236
2020-07-11 12:00:00+00:00,0.6335629951133639,0.17938947918481102
2020-07-11 13:00:00+00:00,0.5828755273621271,0.18036927364570632
2020-07-11 14:00:00+00:00,0.5064497526330166,0.1681980491203623
2020-07-11 15:00:00+00:00,0.3981546119525298,0.16597718167566625
2020-07-11 16:00:00+00:00,0.26066106170516284,0.15326162689426928
2020-07-11 17:00:00+00:00,0.12565635717971288,0.12491290715903153
2020-07-11 18:00:00+00:00,0.03903238534616202,0.09715206410033095
2020-07-11 19:00:00+00:00,0.00242814216772392,0.08850809963421007
2020-07-11 20:00:00+00:00,0.0,0.10011322069325901
2020-07-11 21:00:00+00:00,0.0,0.11511496255007839
2020-07-11 22:00:00+00:00,0.0,0.12336700923184113
2020-07-11 23:00:00+00:00,0.0,0.12410729838007314
2020-07-12 00:00:00+00:00,0.0,0.12913690994600244
2020-07-12 01:00:00+00:00,0.0,0.1265894443476746
2020-07-12 02:00:00+00:00,3.0351777096549003e-05,0.11846803692736457
2020-07-12 03:00:00+00:00,0.005918596533827055,0.1122408987981188
2020-07-12 04:00:00+00:00,0.05936807600084985,0.09961243685769029
2020-07-12 05:00:00+00:00,0.196649163808541,0.07829646403065668
2020-07-12 06:00:00+00:00,0.40543903845570156,0.07189514021947396
2020-07-12 07:00:00+00:00,0.6047288068716423,0.08624368576902978
2020-07-12 08:00:00+00:00,0.7299602391720035,0.09146925622713813
2020-07-12 09:00:00+00:00,0.7775518256593924,0.09939470475526911
2020-07-12 10:00:00+00:00,0.7957628919173217,0.11496255007838356
2020-07-12 11:00:00+00:00,0.7954593741463563,0.12907159031527607
2020-07-12 12:00:00+00:00,0.7575803563298631,0.14191778435812577
2020-07-12 13:00:00+00:00,0.6912920751510001,0.1462724264065494
2020-07-12 14:00:00+00:00,0.5962606610617052,0.1411121755791674
2020-07-12 15:00:00+00:00,0.4615594743072207,0.12894095105382336
2020-07-12 16:00:00+00:00,0.30266792120678665,0.1140480752482146
2020-07-12 17:00:00+00:00,0.14253194524539411,0.09281919526214945
2020-07-12 18:00:00+00:00,0.03903238534616202,0.08077860999825814
2020-07-12 19:00:00+00:00,0.002276383282241175,0.09042414213551646
2020-07-12 20:00:00+00:00,0.0,0.10738547291412645
2020-07-12 21:00:00+00:00,0.0,0.12040585263891308
2020-07-12 22:00:00+00:00,0.0,0.12541369099460023
2020-07-12 23:00:00+00:00,0.0,0.11639958195436335
2020-07-13 00:00:00+00:00,0.0,0.1038364396446612
2020-07-13 01:00:00+00:00,0.0,0.09371189688207629
2020-07-13 02:00:00+00:00,3.0351777096549003e-05,0.08256401323811183
2020-07-13 03:00:00+00:00,0.006222114304792545,0.07553126632990768
2020-07-13 04:00:00+00:00,0.05912526178407746,0.07069761365615747
2020-07-13 05:00:00+00:00,0.20508695784138162,0.05380160250827382
2020-07-13 06:00:00+00:00,0.42313412450298965,0.0352508273819892
2020-07-13 07:00:00+00:00,0.6259446990621301,0.036927364570632296
2020-07-13 08:00:00+00:00,0.7861413785777157,0.04426493642222609
2020-07-13 09:00:00+00:00,0.8669074574316327,0.048924403414039364
2020-07-13 10:00:00+00:00,0.9089143169332564,0.05634906810660164
2020-07-13 11:00:00+00:00,0.9196588460254348,0.05959327643267723
2020-07-13 12:00:00+00:00,0.891856618204996,0.0544983452360216
2020-07-13 13:00:00+00:00,0.8081464169727137,0.0492074551471869
2020-07-13 14:00:00+00:00,0.6825811151242905,0.040345758578644836
2020-07-13 15:00:00+00:00,0.5176495583816433,0.03287754746559833
2020-07-13 16:00:00+00:00,0.3223055209882539,0.029415607037101547
2020-07-13 17:00:00+00:00,0.1449297356360215,0.026389130813447136
2020-07-13 18:00:00+00:00,0.04394937323580295,0.027085873541194915
2020-07-13 19:00:00+00:00,0.002762011715785959,0.035120188120536494
2020-07-13 20:00:00+00:00,0.0,0.045701968298205886
2020-07-13 21:00:00+00:00,0.0,0.061683504615920565
2020-07-13 22:00:00+00:00,0.0,0.08369622017070197
2020-07-13 23:00:00+00:00,0.0,0.10592666782790454
2020-07-14 00:00:00+00:00,0.0,0.12565319630726354
2020-07-14 01:00:00+00:00,0.0,0.13447134645532138
2020-07-14 02:00:00+00:00,3.0351777096549003e-05,0.1307916739244034
2020-07-14 03:00:00+00:00,0.005827541202537409,0.12619752656331648
2020-07-14 04:00:00+00:00,0.05897350289859472,0.1156157463856471
2020-07-14 05:00:00+00:00,0.1899110692931071,0.09451750566103466
2020-07-14 06:00:00+00:00,0.37630133244301456,0.06270684549730011
2020-07-14 07:00:00+00:00,0.5634200382432392,0.04465685420658422
2020-07-14 08:00:00+00:00,0.7069535921328194,0.047770423271207105
2020-07-14 09:00:00+00:00,0.7614957355753179,0.05769900714161296
2020-07-14 10:00:00+00:00,0.75839985431147,0.06710503396620798
2020-07-14 11:00:00+00:00,0.737669590554527,0.08920484236195785
2020-07-14 12:00:00+00:00,0.6702886454001882,0.09948179759623758
2020-07-14 13:00:00+00:00,0.5783531125747412,0.10438076990071415
2020-07-14 14:00:00+00:00,0.4533037909369594,0.1040759449573245
2020-07-14 15:00:00+00:00,0.31987737882052997,0.10496864657725134
2020-07-14 16:00:00+00:00,0.1944334840804929,0.11298118794635081
2020-07-14 17:00:00+00:00,0.0914802561689987,0.10775561748824246
2020-07-14 18:00:00+00:00,0.02412966279175646,0.10734192649364221
2020-07-14 19:00:00+00:00,0.000819497981606823,0.11184898101376067
2020-07-14 20:00:00+00:00,0.0,0.11174011496255008
2020-07-14 21:00:00+00:00,0.0,0.10348806828078731
2020-07-14 22:00:00+00:00,0.0,0.09166521511931719
2020-07-14 23:00:00+00:00,0.0,0.06932590141090403
2020-07-15 00:00:00+00:00,0.0,0.05288712767810486
2020-07-15 01:00:00+00:00,0.0,0.04533182372408988
2020-07-15 02:00:00+00:00,3.0351777096549003e-05,0.040019160425013064
2020-07-15 03:00:00+00:00,0.002276383282241175,0.038429716077338444
2020-07-15 04:00:00+00:00,0.026861322730445867,0.03788538582128549
2020-07-15 05:00:00+00:00,0.07982517376392388,0.0318759797944609
2020-07-15 06:00:00+00:00,0.1524873281330622,0.027564884166521513
2020-07-15 07:00:00+00:00,0.23079491304215863,0.029089008883469776
2020-07-15 08:00:00+00:00,0.29772058154004916,0.03322591882947222
2020-07-15 09:00:00+00:00,0.34682975688226547,0.038995819543633514
2020-07-15 10:00:00+00:00,0.40313230339636386,0.043306915171572896
2020-07-15 11:00:00+00:00,0.4460800679879807,0.048488939209197
2020-07-15 12:00:00+00:00,0.4593134428020761,0.057982058874760496
2020-07-15 13:00:00+00:00,0.43324126627614046,0.06501480578296465
2020-07-15 14:00:00+00:00,0.3678028348559808,0.07209109911165303
2020-07-15 15:00:00+00:00,0.2837587640756366,0.07196045985020032
2020-07-15 16:00:00+00:00,0.19519227850790663,0.07067584044591535
2020-07-15 17:00:00+00:00,0.09994840197893587,0.056784532311444
2020-07-15 18:00:00+00:00,0.029077002458493945,0.03960546943041282
2020-07-15 19:00:00+00:00,0.0012747746380550582,0.032137258317366316
2020-07-15 20:00:00+00:00,0.0,0.029676885560006964
2020-07-15 21:00:00+00:00,0.0,0.03128810311792371
2020-07-15 22:00:00+00:00,0.0,0.03302995993729316
2020-07-15 23:00:00+00:00,0.0,0.03437989897230448
2020-07-16 00:00:00+00:00,0.0,0.03862567496951751
2020-07-16 01:00:00+00:00,0.0,0.042588399233583
2020-07-16 02:00:00+00:00,3.0351777096549003e-05,0.04396011147883644
2020-07-16 03:00:00+00:00,0.0029744741554618022,0.04215293502874064
2020-07-16 04:00:00+00:00,0.029714389777521475,0.036687859257969
2020-07-16 05:00:00+00:00,0.08489392053904757,0.02591012018812054
2020-07-16 06:00:00+00:00,0.1599842170759098,0.01911687859257969
2020-07-16 07:00:00+00:00,0.2369259720156615,0.02186030308308657
2020-07-16 08:00:00+00:00,0.30142349834582816,0.028261626894269292
2020-07-16 09:00:00+00:00,0.34173065833004523,0.033508970562619755
2020-07-16 10:00:00+00:00,0.3628858469663399,0.045135864831910816
2020-07-16 11:00:00+00:00,0.3647676571463259,0.06033356558090924
2020-07-16 12:00:00+00:00,0.3522930767596443,0.06560268245950183
2020-07-16 13:00:00+00:00,0.32151637478374356,0.06778000348371364
2020-07-16 14:00:00+00:00,0.2745014720611892,0.06660425013063927
2020-07-16 15:00:00+00:00,0.21182505235681548,0.06873802473436684
2020-07-16 16:00:00+00:00,0.13846480711445655,0.061226267200836085
2020-07-16 17:00:00+00:00,0.06971803199077306,0.053649190036578996
2020-07-16 18:00:00+00:00,0.02191398306370838,0.05068803344365093
2020-07-16 19:00:00+00:00,0.0010926639754757642,0.047988155373628286
2020-07-16 20:00:00+00:00,0.0,0.04557132903675318
2020-07-16 21:00:00+00:00,0.0,0.045375370144574115
2020-07-16 22:00:00+00:00,0.0,0.04539714335481623
2020-07-16 23:00:00+00:00,0.0,0.04746559832781745
2020-07-17 00:00:00+00:00,0.0,0.05136300296115659
2020-07-17 01:00:00+00:00,0.0,0.051646054694304125
2020-07-17 02:00:00+00:00,3.0351777096549003e-05,0.05295244730883122
2020-07-17 03:00:00+00:00,0.003460102589006586,0.053431457934157815
2020-07-17 04:00:00+00:00,0.04097489908034115,0.053104859780526044
2020-07-17 05:00:00+00:00,0.1327283212432088,0.039910294373802474
2020-07-17 06:00:00+00:00,0.2654566424864176,0.02726005922313186
2020-07-17 07:00:00+00:00,0.4201900021246244,0.03427103292109389
2020-07-17 08:00:00+00:00,0.5496099796643094,0.043677059745688904
2020-07-17 09:00:00+00:00,0.6021792575955323,0.049142135516460544
2020-07-17 10:00:00+00:00,0.620026102528303,0.048924403414039364
2020-07-17 11:00:00+00:00,0.6135611740067382,0.052451663473262494
2020-07-17 12:00:00+00:00,0.5803563298631135,0.05462898449747431
2020-07-17 13:00:00+00:00,0.5198955898867879,0.05371450966730535
2020-07-17 14:00:00+00:00,0.43093453121680275,0.053431457934157815
2020-07-17 15:00:00+00:00,0.33426412116429416,0.04563664866747953
2020-07-17 16:00:00+00:00,0.2172276686800012,0.037384601985716776
2020-07-17 17:00:00+00:00,0.10617051628372841,0.026149625500783837
2020-07-17 18:00:00+00:00,0.029350168452362886,0.018180630552168613
2020-07-17 19:00:00+00:00,0.0011837193067654112,0.01639522731231493
2020-07-17 20:00:00+00:00,0.0,0.017788712767810487
2020-07-17 21:00:00+00:00,0.0,0.016983103988852118
2020-07-17 22:00:00+00:00,0.0,0.015263020379724788
2020-07-17 23:00:00+00:00,0.0,0.015872670266504095
2020-07-18 00:00:00+00:00,0.0,0.017549207455147188
2020-07-18 01:00:00+00:00,0.0,0.01811531092144226
2020-07-18 02:00:00+00:00,3.0351777096549003e-05,0.020793415781222784
2020-07-18 03:00:00+00:00,0.0036725650286824293,0.02299251001567671
2020-07-18 04:00:00+00:00,0.04944304489027833,0.02484323288625675
2020-07-18 05:00:00+00:00,0.17424955231128783,0.026628636126110435
2020-07-18 06:00:00+00:00,0.36992745925273923,0.02438599547117227
2020-07-18 07:00:00+00:00,0.5735575317934866,0.02869709109911165
2020-07-18 08:00:00+00:00,0.7044040428567092,0.03422748650060965
2020-07-18 09:00:00+00:00,0.7457735150393056,0.039104685594844105
2020-07-18 10:00:00+00:00,0.7427990408838437,0.04352464727399408
2020-07-18 11:00:00+00:00,0.7037666555376817,0.04938164082912384
2020-07-18 12:00:00+00:00,0.6484353658906729,0.05168960111478836
2020-07-18 13:00:00+00:00,0.5845752268795338,0.04772687685072287
2020-07-18 14:00:00+00:00,0.4933984884815006,0.0382555303954015
2020-07-18 15:00:00+00:00,0.37493550247366986,0.028893049991290713
2020-07-18 16:00:00+00:00,0.24053783349015084,0.01935638390524299
2020-07-18 17:00:00+00:00,0.11755243269493429,0.012388956627765197
2020-07-18 18:00:00+00:00,0.033902935016845236,0.010168089183069152
2020-07-18 19:00:00+00:00,0.0014568853006343523,0.012410729838007315
2020-07-18 20:00:00+00:00,0.0,0.017135516460546944
2020-07-18 21:00:00+00:00,0.0,0.025844800557394184
2020-07-18 22:00:00+00:00,0.0,0.03483713638738896
2020-07-18 23:00:00+00:00,0.0,0.03969256227138129
2020-07-19 00:00:00+00:00,0.0,0.04454798815537363
2020-07-19 01:00:00+00:00,0.0,0.042762584915519944
2020-07-19 02:00:00+00:00,3.0351777096549003e-05,0.039453056958717994
2020-07-19 03:00:00+00:00,0.003460102589006586,0.0421093886082564
2020-07-19 04:00:00+00:00,0.04722736516223025,0.04565842187772165
2020-07-19 05:00:00+00:00,0.1643245212007163,0.04208761539801428
2020-07-19 06:00:00+00:00,0.34761890308677573,0.028675317888869532
2020-07-19 07:00:00+00:00,0.5416881658421101,0.020314405155896186
2020-07-19 08:00:00+00:00,0.7003369047257717,0.019748301689601115
2020-07-19 09:00:00+00:00,0.7867484141196467,0.02974220519073332
2020-07-19 10:00:00+00:00,0.7962485203508666,0.044787493468036926
2020-07-19 11:00:00+00:00,0.7735757428597444,0.051972652847935896
2020-07-19 12:00:00+00:00,0.733298934652624,0.061683504615920565
2020-07-19 13:00:00+00:00,0.6397851094181565,0.060442431632119833
2020-07-19 14:00:00+00:00,0.5301544905454214,0.07239592405504268
2020-07-19 15:00:00+00:00,0.4099311014659908,0.08066974394704755
2020-07-19 16:00:00+00:00,0.25553161137584607,0.08848632642396795
2020-07-19 17:00:00+00:00,0.12137675660909947,0.11258927016199269
2020-07-19 18:00:00+00:00,0.03414574923361763,0.10819108169308482
2020-07-19 19:00:00+00:00,0.0012444228609585091,0.10860477268768508
2020-07-19 20:00:00+00:00,0.0,0.10799512280090576
2020-07-19 21:00:00+00:00,0.0,0.102508273819892
2020-07-19 22:00:00+00:00,0.0,0.0987850548684898
2020-07-19 23:00:00+00:00,0.0,0.0950400627068455
2020-07-20 00:00:00+00:00,0.0,0.09177408117052778
2020-07-20 01:00:00+00:00,0.0,0.0839792719038495
2020-07-20 02:00:00+00:00,0.0,0.07929803170179411
2020-07-20 03:00:00+00:00,0.0030048259325583513,0.08996690472043198
2020-07-20 04:00:00+00:00,0.04598294230127174,0.10390175927538756
2020-07-20 05:00:00+00:00,0.14502079096731113,0.11113046507577078
2020-07-20 06:00:00+00:00,0.2897987677178499,0.11872931545026999
2020-07-20 07:00:00+00:00,0.444714238018636,0.128135342274865
2020-07-20 08:00:00+00:00,0.5750447688712174,0.14109040236892528
2020-07-20 09:00:00+00:00,0.6736273408808086,0.1446176624281484
2020-07-20 10:00:00+00:00,0.7296870731781346,0.14733931370841316
2020-07-20 11:00:00+00:00,0.7456217561538228,0.15914039365964117
2020-07-20 12:00:00+00:00,0.7233739035420524,0.18616094757010973
2020-07-20 13:00:00+00:00,0.6830363917807387,0.2128331301167044
2020-07-20 14:00:00+00:00,0.5857892979633957,0.21300731579864135
2020-07-20 15:00:00+00:00,0.4465656964215255,0.19576293328688382
2020-07-20 16:00:00+00:00,0.2816948432330713,0.17588399233583
2020-07-20 17:00:00+00:00,0.126050930281968,0.15894443476746212
2020-07-20 18:00:00+00:00,0.03466172944425896,0.13238111827207805
2020-07-20 19:00:00+00:00,0.001547940631923999,0.12182111130465076
2020-07-20 20:00:00+00:00,0.0,0.12687249608082216
2020-07-20 21:00:00+00:00,0.0,0.12748214596760146
2020-07-20 22:00:00+00:00,0.0,0.1269378157115485
2020-07-20 23:00:00+00:00,0.0,0.12025344016721826
2020-07-21 00:00:00+00:00,0.0,0.11546333391395228
2020-07-21 01:00:00+00:00,0.0,0.11613830343145794
2020-07-21 02:00:00+00:00,0.0,0.1192300992858387
2020-07-21 03:00:00+00:00,0.0029137706012687045,0.12709022818324334
2020-07-21 04:00:00+00:00,0.05056606064285064,0.12634993903501132
2020-07-21 05:00:00+00:00,0.17452271830515675,0.09880682807873192
2020-07-21 06:00:00+00:00,0.3667405226576016,0.07609736979620275
2020-07-21 07:00:00+00:00,0.5612954138464807,0.08419700400627068
2020-07-21 08:00:00+00:00,0.6925668497890551,0.099743076119143
2020-07-21 09:00:00+00:00,0.7696907153913861,0.11372147709458283
2020-07-21 10:00:00+00:00,0.7988891249582664,0.1359519247517854
2020-07-21 11:00:00+00:00,0.8065681245636932,0.14947308831214073
2020-07-21 12:00:00+00:00,0.7730597626491031,0.16305957150322242
2020-07-21 13:00:00+00:00,0.7134792242085775,0.17257446437902804
2020-07-21 14:00:00+00:00,0.6073390597019456,0.18783748475875284
2020-07-21 15:00:00+00:00,0.4572798737366073,0.18807699007141612
2020-07-21 16:00:00+00:00,0.28381946762982974,0.1867052778261627
2020-07-21 17:00:00+00:00,0.12705253892615412,0.17220431980491202
2020-07-21 18:00:00+00:00,0.03311378881233496,0.15060529524473087
2020-07-21 19:00:00+00:00,0.001123015752572313,0.15188991464901586
2020-07-21 20:00:00+00:00,0.0,0.16473610869186553
2020-07-21 21:00:00+00:00,0.0,0.17198658770249084
2020-07-21 22:00:00+00:00,0.0,0.15927103292109387
2020-07-21 23:00:00+00:00,0.0,0.1401323811182721
2020-07-22 00:00:00+00:00,0.0,0.1297030134122975
2020-07-22 01:00:00+00:00,0.0,0.12234366835046159
2020-07-22 02:00:00+00:00,0.0,0.1109127329733496
2020-07-22 03:00:00+00:00,0.0028834188241721554,0.10200748998432328
2020-07-22 04:00:00+00:00,0.045800831638692446,0.09003222435115833
2020-07-22 05:00:00+00:00,0.17500834673870155,0.06464466120884864
2020-07-22 06:00:00+00:00,0.3760281664491456,0.044700400627068454
2020-07-22 07:00:00+00:00,0.5782013536892585,0.0421093886082564
2020-07-22 08:00:00+00:00,0.7217956111330318,0.042196481449224874
2020-07-22 09:00:00+00:00,0.7938507299602392,0.04761801079951228
2020-07-22 10:00:00+00:00,0.8256593923574226,0.053649190036578996
2020-07-22 11:00:00+00:00,0.8293926609402981,0.06597282703361784
2020-07-22 12:00:00+00:00,0.8030473184204935,0.06780177669395576
2020-07-22 13:00:00+00:00,0.7233435517649558,0.06764936422226094
2020-07-22 14:00:00+00:00,0.6033629769022977,0.06475352726005923
2020-07-22 15:00:00+00:00,0.4421646887425259,0.05917958543807699
2020-07-22 16:00:00+00:00,0.27183051567669286,0.06251088660512105
2020-07-22 17:00:00+00:00,0.12295504901812002,0.06695262149451316
2020-07-22 18:00:00+00:00,0.030928460861383435,0.06919526214945132
2020-07-22 19:00:00+00:00,0.00091055331289647,0.07135080996342101
2020-07-22 20:00:00+00:00,0.0,0.07733844278000349
2020-07-22 21:00:00+00:00,0.0,0.07738198920048772
2020-07-22 22:00:00+00:00,0.0,0.06993555129768333
2020-07-22 23:00:00+00:00,0.0,0.062140742031005045
2020-07-23 00:00:00+00:00,0.0,0.0547378505486849
2020-07-23 01:00:00+00:00,0.0,0.054803170179411255
2020-07-23 02:00:00+00:00,0.0,0.05637084131684376
2020-07-23 03:00:00+00:00,0.002094272619661881,0.05610956279393834
2020-07-23 04:00:00+00:00,0.03979117977357574,0.06103030830865702
2020-07-23 05:00:00+00:00,0.1484201900021246,0.06449224873715381
2020-07-23 06:00:00+00:00,0.322700094090509,0.06740985890959764
2020-07-23 07:00:00+00:00,0.5204722736516223,0.07794809266678279
2020-07-23 08:00:00+00:00,0.6969071539138617,0.08824682111130465
2020-07-23 09:00:00+00:00,0.8220171791058366,0.09595453753701445
2020-07-23 10:00:00+00:00,0.8668771056545361,0.10037449921616443
2020-07-23 11:00:00+00:00,0.8540079521655993,0.11097805260407595
2020-07-23 12:00:00+00:00,0.8047166661608037,0.11781484062010103
2020-07-23 13:00:00+00:00,0.7161198288159771,0.10568716251524124
2020-07-23 14:00:00+00:00,0.5925880960330228,0.09726093015154154
2020-07-23 15:00:00+00:00,0.4440161471454154,0.09843668350461592
2020-07-23 16:00:00+00:00,0.27604941269311317,0.09064187423793764
2020-07-23 17:00:00+00:00,0.11749172914074119,0.08713638738895663
2020-07-23 18:00:00+00:00,0.02740765471818375,0.07659815363177147
2020-07-23 19:00:00+00:00,0.00048562843354478405,0.07877547465598328
2020-07-23 20:00:00+00:00,0.0,0.08942257446437903
2020-07-23 21:00:00+00:00,0.0,0.10374934680369273
2020-07-23 22:00:00+00:00,0.0,0.11855512976833305
2020-07-23 23:00:00+00:00,0.0,0.15347935899669046
2020-07-24 00:00:00+00:00,0.0,0.190450269987807
2020-07-24 01:00:00+00:00,0.0,0.2174272774777913
2020-07-24 02:00:00+00:00,0.0,0.22032311443999303
2020-07-24 03:00:00+00:00,0.0019425137341791362,0.23597805260407595
2020-07-24 04:00:00+00:00,0.03736303760585182,0.23525953666608604
2020-07-24 05:00:00+00:00,0.12680972470938173,0.208151889914649
2020-07-24 06:00:00+00:00,0.24666889246365375,0.16244992161644312
2020-07-24 07:00:00+00:00,0.3749658542507664,0.1551994426058178
2020-07-24 08:00:00+00:00,0.4964943697453486,0.1829820588747605
2020-07-24 09:00:00+00:00,0.5891279934440161,0.22755182024037623
2020-07-24 10:00:00+00:00,0.648496069444866,0.2616486674795332
2020-07-24 11:00:00+00:00,0.6688621118766503,0.29396011147883644
2020-07-24 12:00:00+00:00,0.6379943545694601,0.3337179933809441
2020-07-24 13:00:00+00:00,0.579779646098279,0.36888172792196483
2020-07-24 14:00:00+00:00,0.4730020942726197,0.3743903501132207
2020-07-24 15:00:00+00:00,0.3377545755303973,0.35100592231318584
2020-07-24 16:00:00+00:00,0.21076274015843627,0.30756836788016023
2020-07-24 17:00:00+00:00,0.09979664309345312,0.24666869883295592
2020-07-24 18:00:00+00:00,0.024736698333687437,0.17664605469430414
2020-07-24 19:00:00+00:00,0.000455276656448235,0.1358212854903327
2020-07-24 20:00:00+00:00,0.0,0.1255007838355687
2020-07-24 21:00:00+00:00,0.0,0.11635603553387912
2020-07-24 22:00:00+00:00,0.0,0.09743511583347848
2020-07-24 23:00:00+00:00,0.0,0.0809745688904372
2020-07-25 00:00:00+00:00,0.0,0.06926058178017767
2020-07-25 01:00:00+00:00,0.0,0.057655460721128725
2020-07-25 02:00:00+00:00,0.0,0.05395401497996865
2020-07-25 03:00:00+00:00,0.0017907548486963912,0.06140045288277303
2020-07-25 04:00:00+00:00,0.03578474519683127,0.0730273471520641
2020-07-25 05:00:00+00:00,0.13239445169514674,0.07082825291761018
2020-07-25 06:00:00+00:00,0.2835463016359608,0.07150322243511584
2020-07-25 07:00:00+00:00,0.4527574589492215,0.09985194217035359
2020-07-25 08:00:00+00:00,0.5880960330227335,0.15500348371363873
2020-07-25 09:00:00+00:00,0.6391780738762255,0.19267113743250305
2020-07-25 10:00:00+00:00,0.6414241053813701,0.20475526911687858
2020-07-25 11:00:00+00:00,0.6096457947612832,0.21588137955060094
2020-07-25 12:00:00+00:00,0.5681245636932042,0.2075204668176276
2020-07-25 13:00:00+00:00,0.525541020426746,0.19258404459153458
2020-07-25 14:00:00+00:00,0.46948128812941997,0.17692910642745166
2020-07-25 15:00:00+00:00,0.3500773970315962,0.16288538582128548
2020-07-25 16:00:00+00:00,0.21619570825871856,0.14551036404807524
2020-07-25 17:00:00+00:00,0.09654900294412237,0.13216338616965687
2020-07-25 18:00:00+00:00,0.021398002853067047,0.12685072287058002
2020-07-25 19:00:00+00:00,0.00021246243967584303,0.1403936596411775
2020-07-25 20:00:00+00:00,0.0,0.17570980665389305
2020-07-25 21:00:00+00:00,0.0,0.21244121233234628
2020-07-25 22:00:00+00:00,0.0,0.2525474655983278
2020-07-25 23:00:00+00:00,0.0,0.27127242640654936
2020-07-26 00:00:00+00:00,0.0,0.3098545549555827
2020-07-26 01:00:00+00:00,0.0,0.3309527956801951
2020-07-26 02:00:00+00:00,0.0,0.3325640132381118
2020-07-26 03:00:00+00:00,0.0012747746380550582,0.35751611217557916
2020-07-26 04:00:00+00:00,0.0182110662579294,0.3649625500783836
2020-07-26 05:00:00+00:00,0.06167481106018757,0.35281309876328165
2020-07-26 06:00:00+00:00,0.12999666130451937,0.3130334436509319
2020-07-26 07:00:00+00:00,0.23325340698697908,0.30998519421703535
2020-07-26 08:00:00+00:00,0.3617931829908641,0.34475701097369793
2020-07-26 09:00:00+00:00,0.49115245697635596,0.37482581431806306
2020-07-26 10:00:00+00:00,0.6063374510577595,0.3957498693607385
2020-07-26 11:00:00+00:00,0.655355571068686,0.3986457063229403
2020-07-26 12:00:00+00:00,0.6474034054693902,0.37941996167915
2020-07-26 13:00:00+00:00,0.5894618629920781,0.37025344016721823
2020-07-26 14:00:00+00:00,0.4866907457431633,0.3594757010973698
2020-07-26 15:00:00+00:00,0.37733329286429723,0.328361783661383
2020-07-26 16:00:00+00:00,0.24311773454335753,0.2918698832955931
2020-07-26 17:00:00+00:00,0.10853795489725923,0.23325640132381117
2020-07-26 18:00:00+00:00,0.026011472971742496,0.15894443476746212
2020-07-26 19:00:00+00:00,0.0005463319877378821,0.11502786970910991
2020-07-26 20:00:00+00:00,0.0,0.10649277129419961
2020-07-26 21:00:00+00:00,0.0,0.10390175927538756
2020-07-26 22:00:00+00:00,0.0,0.08983626545897927
2020-07-26 23:00:00+00:00,0.0,0.07738198920048772
2020-07-27 00:00:00+00:00,0.0,0.07953753701445741
2020-07-27 01:00:00+00:00,0.0,0.08434941647796551
2020-07-27 02:00:00+00:00,0.0,0.09939470475526911
2020-07-27 03:00:00+00:00,0.0014568853006343523,0.12478226789757882
2020-07-27 04:00:00+00:00,0.03982153155067229,0.14130813447134646
2020-07-27 05:00:00+00:00,0.1521838103620967,0.14165650583522035
2020-07-27 06:00:00+00:00,0.3177527544237715,0.11925187249608082
2020-07-27 07:00:00+00:00,0.48927064679636995,0.09255791673924403
2020-07-27 08:00:00+00:00,0.6165356481621999,0.09338529872844452
2020-07-27 09:00:00+00:00,0.6967250432512824,0.11378679672530918
2020-07-27 10:00:00+00:00,0.714116611527605,0.13201097369796203
2020-07-27 11:00:00+00:00,0.6895013203023037,0.1485803866922139
2020-07-27 12:00:00+00:00,0.6395422952013841,0.16767549207455146
2020-07-27 13:00:00+00:00,0.5526755091510608,0.18489810137606688
2020-07-27 14:00:00+00:00,0.47163626430327493,0.1950444173488939
2020-07-27 15:00:00+00:00,0.3587580052812092,0.2066930848284271
2020-07-27 16:00:00+00:00,0.21804716666160803,0.2153588225047901
2020-07-27 17:00:00+00:00,0.09363523234285367,0.25185072287058
2020-07-27 18:00:00+00:00,0.02036604243178438,0.3051079951228009
2020-07-27 19:00:00+00:00,0.00030351777096549,0.3681414387737328
2020-07-27 20:00:00+00:00,0.0,0.4062881031179237
2020-07-27 21:00:00+00:00,0.0,0.44040672356732274
2020-07-27 22:00:00+00:00,0.0,0.46675230796028566
2020-07-27 23:00:00+00:00,0.0,0.4767462114614179
2020-07-28 00:00:00+00:00,0.0,0.4950574812750392
2020-07-28 01:00:00+00:00,0.0,0.5035490332694652
2020-07-28 02:00:00+00:00,0.0,0.5092971607733844
2020-07-28 03:00:00+00:00,0.0011533675296688621,0.5028522905417174
2020-07-28 04:00:00+00:00,0.031140923301059276,0.4943171921268072
2020-07-28 05:00:00+00:00,0.12687042826357484,0.4414082912384602
2020-07-28 06:00:00+00:00,0.2788417761859957,0.422574464379028
2020-07-28 07:00:00+00:00,0.4560354508756488,0.4584131684375544
2020-07-28 08:00:00+00:00,0.6018453880474702,0.5034619404284968
2020-07-28 09:00:00+00:00,0.6966946914741858,0.5339444347674621
2020-07-28 10:00:00+00:00,0.7345130057364859,0.5668437554433026
2020-07-28 11:00:00+00:00,0.7139952044192187,0.5902064100330953
2020-07-28 12:00:00+00:00,0.6582389898928582,0.5996995296986588
2020-07-28 13:00:00+00:00,0.5624487813761496,0.5891177495209894
2020-07-28 14:00:00+00:00,0.45303062494309043,0.5683025605295244
2020-07-28 15:00:00+00:00,0.34931860260418246,0.5359040236892527
2020-07-28 16:00:00+00:00,0.22065741949191126,0.4965162863612611
2020-07-28 17:00:00+00:00,0.10656508938598355,0.4617444696045985
2020-07-28 18:00:00+00:00,0.024190366345949555,0.4127547465598328
2020-07-28 19:00:00+00:00,0.00033386954806203904,0.384035882250479
2020-07-28 20:00:00+00:00,0.0,0.369469604598502
2020-07-28 21:00:00+00:00,0.0,0.36036840271729664
2020-07-28 22:00:00+00:00,0.0,0.34630290890088833
2020-07-28 23:00:00+00:00,0.0,0.32503048249433897
2020-07-29 00:00:00+00:00,0.0,0.30959327643267726
2020-07-29 01:00:00+00:00,0.0,0.31686552865354467
2020-07-29 02:00:00+00:00,0.0,0.3252482145967601
2020-07-29 03:00:00+00:00,0.00121407108386196,0.33545985020031355
2020-07-29 04:00:00+00:00,0.03302273348104531,0.34747866225396273
2020-07-29 05:00:00+00:00,0.14744893313503507,0.350113220693259
2020-07-29 06:00:00+00:00,0.338179500409749,0.36635603553387913
2020-07-29 07:00:00+00:00,0.5467265608401372,0.43598676188817276
2020-07-29 08:00:00+00:00,0.6791817160894771,0.5069456540672357
2020-07-29 09:00:00+00:00,0.7413118038061128,0.5204014979968646
2020-07-29 10:00:00+00:00,0.796491334567639,0.5187249608082215
2020-07-29 11:00:00+00:00,0.8271466294351534,0.5135211635603554
2020-07-29 12:00:00+00:00,0.8213797917868091,0.4915519944260582
2020-07-29 13:00:00+00:00,0.7615867909066076,0.4635298728444522
2020-07-29 14:00:00+00:00,0.645400188181018,0.4368576902978575
2020-07-29 15:00:00+00:00,0.4761283273135642,0.4159554084654241
2020-07-29 16:00:00+00:00,0.2818769538956506,0.3889566277651977
2020-07-29 17:00:00+00:00,0.11163383616110724,0.33863873889566276
2020-07-29 18:00:00+00:00,0.022429963274349714,0.281527608430587
2020-07-29 19:00:00+00:00,0.00027316599386894105,0.25428932241769725
2020-07-29 20:00:00+00:00,0.0,0.24200923184114265
2020-07-29 21:00:00+00:00,0.0,0.23129681240202055
2020-07-29 22:00:00+00:00,0.0,0.2255922313185856
2020-07-29 23:00:00+00:00,0.0,0.21246298554258838
2020-07-30 00:00:00+00:00,0.0,0.20331823724089879
2020-07-30 01:00:00+00:00,0.0,0.1975701097369796
2020-07-30 02:00:00+00:00,0.0,0.19230099285838703
2020-07-30 03:00:00+00:00,0.001305126415151607,0.19957324507925447
2020-07-30 04:00:00+00:00,0.03554193098005888,0.18727138129245777
2020-07-30 05:00:00+00:00,0.16623668315779888,0.15391482320153282
2020-07-30 06:00:00+00:00,0.37481409536528365,0.13721477094582826
2020-07-30 07:00:00+00:00,0.5887637721188576,0.13952273123149278
2020-07-30 08:00:00+00:00,0.7509333171457189,0.13155373628287756
2020-07-30 09:00:00+00:00,0.8568306674355783,0.1280264762236544
2020-07-30 10:00:00+00:00,0.9155310043403041,0.1215162863612611
2020-07-30 11:00:00+00:00,0.9287340273773029,0.12097195610520815
2020-07-30 12:00:00+00:00,0.8852702825750448,0.11661731405678454
2020-07-30 13:00:00+00:00,0.7969769630011837,0.11082564013238112
2020-07-30 14:00:00+00:00,0.6710170880505054,0.10392353248562967
2020-07-30 15:00:00+00:00,0.49133456763893524,0.09956889043720606
2020-07-30 16:00:00+00:00,0.28287856253983673,0.08576467514370319
2020-07-30 17:00:00+00:00,0.11005554375208669,0.0688033443650932
2020-07-30 18:00:00+00:00,0.021519409961453243,0.05876589444347675
2020-07-30 19:00:00+00:00,0.00030351777096549,0.0688033443650932
2020-07-30 20:00:00+00:00,0.0,0.07685943215467689
2020-07-30 21:00:00+00:00,0.0,0.08443650931893398
2020-07-30 22:00:00+00:00,0.0,0.08282529176101724
2020-07-30 23:00:00+00:00,0.0,0.0808439296289845
2020-07-31 00:00:00+00:00,0.0,0.07679411252395053
2020-07-31 01:00:00+00:00,0.0,0.07498693607385473
2020-07-31 02:00:00+00:00,0.0,0.07487807002264414
2020-07-31 03:00:00+00:00,0.0011533675296688621,0.07063229402543111
2020-07-31 04:00:00+00:00,0.03217288372234194,0.06930412820066191
2020-07-31 05:00:00+00:00,0.15710079825173764,0.054694304128200665
2020-07-31 06:00:00+00:00,0.3640088627189122,0.04189165650583522
2020-07-31 07:00:00+00:00,0.5745591404376726,0.03938773732799164
2020-07-31 08:00:00+00:00,0.748232008984126,0.04123846019857168
2020-07-31 09:00:00+00:00,0.8674841411964671,0.04130377982929803
2020-07-31 10:00:00+00:00,0.9312835766534131,0.037166869883295595
2020-07-31 11:00:00+00:00,0.9426958448417155,0.033291238460198574
2020-07-31 12:00:00+00:00,0.9054542143442499,0.034314579341578125
2020-07-31 13:00:00+00:00,0.8205299420281057,0.037493468036927366
2020-07-31 14:00:00+00:00,0.6853127750629799,0.0410207280961505
2020-07-31 15:00:00+00:00,0.5023522627249826,0.047422051907333215
2020-07-31 16:00:00+00:00,0.2900719337117188,0.054585438076990074
2020-07-31 17:00:00+00:00,0.10850760312016268,0.0666477965511235
2020-07-31 18:00:00+00:00,0.019364433787598265,0.0874629855425884
2020-07-31 19:00:00+00:00,0.00018211066257929403,0.14551036404807524
2020-07-31 20:00:00+00:00,0.0,0.22705103640480753
2020-07-31 21:00:00+00:00,0.0,0.2968994948615224
2020-07-31 22:00:00+00:00,0.0,0.35209458282529177
2020-07-31 23:00:00+00:00,0.0,0.3633513325204668
2020-08-01 00:00:00+00:00,0.0,0.36674795331823723
2020-08-01 01:00:00+00:00,0.0,0.362828775474656
2020-08-01 02:00:00+00:00,0.0,0.3495253440167218
2020-08-01 03:00:00+00:00,0.001031960421282666,0.3256619055913604
2020-08-01 04:00:00+00:00,0.03299238170394877,0.2869273645706323
2020-08-01 05:00:00+00:00,0.15288190123531734,0.2325378853858213
2020-08-01 06:00:00+00:00,0.33511397092299755,0.16556349068106602
2020-08-01 07:00:00+00:00,0.5128843293774851,0.12811356906462287
2020-08-01 08:00:00+00:00,0.642577472911039,0.12192997735586135
2020-08-01 09:00:00+00:00,0.7216742040246457,0.14006706148754572
2020-08-01 10:00:00+00:00,0.7658360397001245,0.14522731231492772
2020-08-01 11:00:00+00:00,0.767414332109145,0.14875457237415085
2020-08-01 12:00:00+00:00,0.7305065711597414,0.14045897927190384
2020-08-01 13:00:00+00:00,0.6384496312259083,0.12689426929106426
2020-08-01 14:00:00+00:00,0.5090903572404164,0.1286143529001916
2020-08-01 15:00:00+00:00,0.36212705253892613,0.14855861348197177
2020-08-01 16:00:00+00:00,0.20162685525237503,0.15994600243859955
2020-08-01 17:00:00+00:00,0.08641150939387501,0.1538712767810486
2020-08-01 18:00:00+00:00,0.01830212158921905,0.144356383905243
2020-08-01 19:00:00+00:00,0.00030351777096549,0.15045288277303606
2020-08-01 20:00:00+00:00,0.0,0.14775300470301342
2020-08-01 21:00:00+00:00,0.0,0.13926145270858736
2020-08-01 22:00:00+00:00,0.0,0.12628461940428495
2020-08-01 23:00:00+00:00,0.0,0.1160947570109737
2020-08-02 00:00:00+00:00,0.0,0.10013499390350113
2020-08-02 01:00:00+00:00,0.0,0.08680978923532486
2020-08-02 02:00:00+00:00,0.0,0.0853074377286187
2020-08-02 03:00:00+00:00,0.00060703554193098,0.08049555826511061
2020-08-02 04:00:00+00:00,0.021124836859198106,0.07910207280961505
2020-08-02 05:00:00+00:00,0.08753452514644733,0.0789278871276781
2020-08-02 06:00:00+00:00,0.18374965854250766,0.06527608430587006
2020-08-02 07:00:00+00:00,0.2876741433210914,0.06113917435986761
2020-08-02 08:00:00+00:00,0.35469086715027165,0.07257010973697962
2020-08-02 09:00:00+00:00,0.3853765137948827,0.08757185159379899
2020-08-02 10:00:00+00:00,0.3960299875557714,0.10727660686291586
2020-08-02 11:00:00+00:00,0.4085652714966461,0.13301254136909946
2020-08-02 12:00:00+00:00,0.39599963577867486,0.14442170353596934
2020-08-02 13:00:00+00:00,0.3350229155917079,0.1648449747430761
2020-08-02 14:00:00+00:00,0.2752299147115064,0.18485455495558265
2020-08-02 15:00:00+00:00,0.20903268886393297,0.19654676885560007
2020-08-02 16:00:00+00:00,0.13294078368288464,0.1944347674621146
2020-08-02 17:00:00+00:00,0.06340486235469087,0.170723741508448
2020-08-02 18:00:00+00:00,0.014386742343764228,0.13177146838529874
2020-08-02 19:00:00+00:00,0.00012140710838619601,0.11012889740463334
2020-08-02 20:00:00+00:00,0.0,0.10340097543981884
2020-08-02 21:00:00+00:00,0.0,0.10980229925100157
2020-08-02 22:00:00+00:00,0.0,0.1089966904720432
2020-08-02 23:00:00+00:00,0.0,0.10080996342100679
2020-08-03 00:00:00+00:00,0.0,0.10337920222957672
2020-08-03 01:00:00+00:00,0.0,0.09961243685769029
2020-08-03 02:00:00+00:00,0.0,0.0922748650060965
2020-08-03 03:00:00+00:00,0.000455276656448235,0.08667914997387215
2020-08-03 04:00:00+00:00,0.016905939842777794,0.07749085525169831
2020-08-03 05:00:00+00:00,0.08021974686617901,0.05556523253788539
2020-08-03 06:00:00+00:00,0.18135186815188029,0.03810311792370667
2020-08-03 07:00:00+00:00,0.28761343976689835,0.03446699181327295
2020-08-03 08:00:00+00:00,0.4025252678544329,0.03581693084828427
2020-08-03 09:00:00+00:00,0.4763711415303366,0.037863612611043374
2020-08-03 10:00:00+00:00,0.5300027316599387,0.0416303779829298
2020-08-03 11:00:00+00:00,0.531732782954442,0.049033269465249954
2020-08-03 12:00:00+00:00,0.4855980817676875,0.05658857341926494
2020-08-03 13:00:00+00:00,0.42534980423103774,0.06118272078035185
2020-08-03 14:00:00+00:00,0.330439797250129,0.07971172269639436
2020-08-03 15:00:00+00:00,0.2344371262937445,0.08868228531614701
2020-08-03 16:00:00+00:00,0.14550641940085593,0.09406026824595018
2020-08-03 17:00:00+00:00,0.06640968828724922,0.08955321372583173
2020-08-03 18:00:00+00:00,0.01280844993474368,0.07775213377460373
2020-08-03 19:00:00+00:00,9.105533128964702e-05,0.08260755965859606
2020-08-03 20:00:00+00:00,0.0,0.09218777216512802
2020-08-03 21:00:00+00:00,0.0,0.09362480404110782
2020-08-03 22:00:00+00:00,0.0,0.09159989548859084
2020-08-03 23:00:00+00:00,0.0,0.10163734541020727
2020-08-04 00:00:00+00:00,0.0,0.10638390524298902
2020-08-04 01:00:00+00:00,0.0,0.10135429367705974
2020-08-04 02:00:00+00:00,0.0,0.09591099111653022
2020-08-04 03:00:00+00:00,0.000515980210641333,0.09247082389827556
2020-08-04 04:00:00+00:00,0.01860563936018454,0.08874760494687337
2020-08-04 05:00:00+00:00,0.09248186481318481,0.07124194391221042
2020-08-04 06:00:00+00:00,0.21677239202355297,0.04437380247343668
2020-08-04 07:00:00+00:00,0.35302151940996146,0.0341621668698833
2020-08-04 08:00:00+00:00,0.457097763074028,0.04221825465946699
2020-08-04 09:00:00+00:00,0.5218684553980636,0.058461069500087094
2020-08-04 10:00:00+00:00,0.5344340911160348,0.07894966033792022
2020-08-04 11:00:00+00:00,0.5234770995841806,0.08811618184985194
2020-08-04 12:00:00+00:00,0.4975566819437278,0.08881292457759972
2020-08-04 13:00:00+00:00,0.453728715816311,0.08691865528653545
2020-08-04 14:00:00+00:00,0.39481591647190944,0.08417523079602857
2020-08-04 15:00:00+00:00,0.32151637478374356,0.06936944783138826
2020-08-04 16:00:00+00:00,0.20690806446717455,0.0612480404110782
2020-08-04 17:00:00+00:00,0.0867757307190336,0.051297683330430235
2020-08-04 18:00:00+00:00,0.014477797675053874,0.04224002786970911
2020-08-04 19:00:00+00:00,3.0351777096549003e-05,0.04611565929280613
2020-08-04 20:00:00+00:00,0.0,0.06205364919003657
2020-08-04 21:00:00+00:00,0.0,0.09821895140219473
2020-08-04 22:00:00+00:00,0.0,0.13817279219648146
2020-08-04 23:00:00+00:00,0.0,0.18254659466991813
2020-08-05 00:00:00+00:00,0.0,0.2179062881031179
2020-08-05 01:00:00+00:00,0.0,0.24736544156070372
2020-08-05 02:00:00+00:00,0.0,0.27375457237415085
2020-08-05 03:00:00+00:00,0.0005463319877378821,0.2997953318237241
2020-08-05 04:00:00+00:00,0.025950769417549396,0.3274690820414562
2020-08-05 05:00:00+00:00,0.1372507360305946,0.31503657899320675
2020-08-05 06:00:00+00:00,0.32552280936048805,0.2670484236195785
2020-08-05 07:00:00+00:00,0.5415364069566273,0.24614614178714508
2020-08-05 08:00:00+00:00,0.7342701915197135,0.27162079777042325
2020-08-05 09:00:00+00:00,0.8554648374662337,0.2959850200313534
2020-08-05 10:00:00+00:00,0.8933742070598234,0.2768463682285316
2020-08-05 11:00:00+00:00,0.8985947127204298,0.23789409510538234
2020-08-05 12:00:00+00:00,0.865268461468419,0.21015502525692387
2020-08-05 13:00:00+00:00,0.7964306310134458,0.18544243163211985
2020-08-05 14:00:00+00:00,0.6715937718153397,0.16499738721477095
2020-08-05 15:00:00+00:00,0.4937323580295626,0.1438773732799164
2020-08-05 16:00:00+00:00,0.27950951528211976,0.10542588399233582
2020-08-05 17:00:00+00:00,0.0991592557744256,0.07564013238111827
2020-08-05 18:00:00+00:00,0.014963426108598658,0.06283748475875282
2020-08-05 19:00:00+00:00,6.0703554193098006e-05,0.08095279568019509
2020-08-05 20:00:00+00:00,0.0,0.11365615746385647
2020-08-05 21:00:00+00:00,0.0,0.14853684027172967
2020-08-05 22:00:00+00:00,0.0,0.18653109214422575
2020-08-05 23:00:00+00:00,0.0,0.2254615920571329
2020-08-06 00:00:00+00:00,0.0,0.2557916739244034
2020-08-06 01:00:00+00:00,0.0,0.2506531963072635
2020-08-06 02:00:00+00:00,0.0,0.23493293851245428
2020-08-06 03:00:00+00:00,0.000515980210641333,0.21394356383905241
2020-08-06 04:00:00+00:00,0.025677603423680456,0.1863786796725309
2020-08-06 05:00:00+00:00,0.14757034024342125,0.15141090402368926
2020-08-06 06:00:00+00:00,0.3571493610950921,0.08347848806828079
2020-08-06 07:00:00+00:00,0.5766837648344311,0.04180456366486675
2020-08-06 08:00:00+00:00,0.7560627674750356,0.04117314056784532
2020-08-06 09:00:00+00:00,0.8767110814338179,0.04493990593973175
2020-08-06 10:00:00+00:00,0.9395392600236744,0.04202229576728793
2020-08-06 11:00:00+00:00,0.9488572555923149,0.03838616965685421
2020-08-06 12:00:00+00:00,0.9096124078064771,0.033508970562619755
2020-08-06 13:00:00+00:00,0.8197407958235955,0.029132555303954012
2020-08-06 14:00:00+00:00,0.6771784988011048,0.02647622365441561
2020-08-06 15:00:00+00:00,0.4864479315263909,0.026889914649015852
2020-08-06 16:00:00+00:00,0.26994870549670685,0.03242031005051385
2020-08-06 17:00:00+00:00,0.09351382523446748,0.04428670963246821
2020-08-06 18:00:00+00:00,0.013931465687315993,0.06464466120884864
2020-08-06 19:00:00+00:00,6.0703554193098006e-05,0.0987850548684898
2020-08-06 20:00:00+00:00,0.0,0.12950705452011843
2020-08-06 21:00:00+00:00,0.0,0.1423097021424839
2020-08-06 22:00:00+00:00,0.0,0.14037188643093537
2020-08-06 23:00:00+00:00,0.0,0.13235934506183591
2020-08-07 00:00:00+00:00,0.0,0.11165302212158161
2020-08-07 01:00:00+00:00,0.0,0.09018463682285316
2020-08-07 02:00:00+00:00,0.0,0.07363699703884341
2020-08-07 03:00:00+00:00,0.00042492487935168606,0.06005051384776171
2020-08-07 04:00:00+00:00,0.02412966279175646,0.057894966033792024
2020-08-07 05:00:00+00:00,0.14065013506540808,0.05223393137084131
2020-08-07 06:00:00+00:00,0.3410325674568246,0.031788886953492426
2020-08-07 07:00:00+00:00,0.5544359122226606,0.014130813447134648
2020-08-07 08:00:00+00:00,0.7302941087200656,0.015676711374325032
2020-08-07 09:00:00+00:00,0.8486660393966067,0.031113917435986765
2020-08-07 10:00:00+00:00,0.9049989376878016,0.04095540846542414
2020-08-07 11:00:00+00:00,0.9148329134670835,0.038429716077338444
2020-08-07 12:00:00+00:00,0.8819922906486175,0.03390088834697788
2020-08-07 13:00:00+00:00,0.7910887182444533,0.03346542414213552
2020-08-07 14:00:00+00:00,0.6518347649254864,0.04141264588050862
2020-08-07 15:00:00+00:00,0.46611224087170305,0.051188817279219645
2020-08-07 16:00:00+00:00,0.258293623091632,0.05874412123323463
2020-08-07 17:00:00+00:00,0.09050899930190913,0.0614875457237415
2020-08-07 18:00:00+00:00,0.012626339272164385,0.07816582476920397
2020-08-07 19:00:00+00:00,6.0703554193098006e-05,0.10969343319979098
2020-08-07 20:00:00+00:00,0.0,0.13346977878418395
2020-08-07 21:00:00+00:00,0.0,0.14017592753875632
2020-08-07 22:00:00+00:00,0.0,0.13272948963595194
2020-08-07 23:00:00+00:00,0.0,0.12003570806479708
2020-08-08 00:00:00+00:00,0.0,0.09495296986587702
2020-08-08 01:00:00+00:00,0.0,0.07387650235150671
2020-08-08 02:00:00+00:00,0.0,0.05330081867270511
2020-08-08 03:00:00+00:00,0.00033386954806203904,0.03858212854903327
2020-08-08 04:00:00+00:00,0.022976295262087595,0.03220257794809267
2020-08-08 05:00:00+00:00,0.134731538531581,0.024429541891656505
2020-08-08 06:00:00+00:00,0.32965065104561875,0.008578644835394531
2020-08-08 07:00:00+00:00,0.5394117825598689,0.0016547639784009758
2020-08-08 08:00:00+00:00,0.7148754059550186,0.0
2020-08-08 09:00:00+00:00,0.8306674355783531,0.0033095279568019506
2020-08-08 10:00:00+00:00,0.8864540018818102,0.007577077164257098
2020-08-08 11:00:00+00:00,0.8834491759492519,0.009253614352900192
2020-08-08 12:00:00+00:00,0.8441739763863174,0.009253614352900192
2020-08-08 13:00:00+00:00,0.7508119100373327,0.010276955234279742
2020-08-08 14:00:00+00:00,0.6157161501805931,0.015328340010451143
2020-08-08 15:00:00+00:00,0.4366710170880505,0.023711025953666608
2020-08-08 16:00:00+00:00,0.24035572282757156,0.03816843755443303
2020-08-08 17:00:00+00:00,0.08446899565969587,0.054563664866747956
2020-08-08 18:00:00+00:00,0.011017695086047288,0.08154067235673228
2020-08-08 19:00:00+00:00,3.0351777096549003e-05,0.11448353945305696
2020-08-08 20:00:00+00:00,0.0,0.13614788364396446
2020-08-08 21:00:00+00:00,0.0,0.14163473262497822
2020-08-08 22:00:00+00:00,0.0,0.13048684898101376
2020-08-08 23:00:00+00:00,0.0,0.11840271729663822
2020-08-09 00:00:00+00:00,0.0,0.10368402717296638
2020-08-09 01:00:00+00:00,0.0,0.09848022992510015
2020-08-09 02:00:00+00:00,0.0,0.09497474307611914
2020-08-09 03:00:00+00:00,0.00027316599386894105,0.0951707019682982
2020-08-09 04:00:00+00:00,0.0213069475217774,0.09858909597631074
2020-08-09 05:00:00+00:00,0.12240871703038213,0.09157812227834872
2020-08-09 06:00:00+00:00,0.29231796521686343,0.0689339836265459
2020-08-09 07:00:00+00:00,0.4767960664096883,0.04737850548684898
2020-08-09 08:00:00+00:00,0.6361428961665706,0.03993206758404459
2020-08-09 09:00:00+00:00,0.7422527088961058,0.04585438076990071
2020-08-09 10:00:00+00:00,0.8069930494430448,0.05735063577773907
2020-08-09 11:00:00+00:00,0.8019850062221143,0.07396359519247518
2020-08-09 12:00:00+00:00,0.7583087989801803,0.0940820414561923
2020-08-09 13:00:00+00:00,0.6616687407047682,0.11174011496255008
2020-08-09 14:00:00+00:00,0.5320059489483109,0.12983365267375022
2020-08-09 15:00:00+00:00,0.3691686648253255,0.1437467340184637
2020-08-09 16:00:00+00:00,0.1965277567001548,0.16053387911513672
2020-08-09 17:00:00+00:00,0.06911099644884208,0.1831126981362132
2020-08-09 18:00:00+00:00,0.009833975779281877,0.197091099111653
2020-08-09 19:00:00+00:00,6.0703554193098006e-05,0.2118751088660512
2020-08-09 20:00:00+00:00,0.0,0.20455931022469953
2020-08-09 21:00:00+00:00,0.0,0.19110346629507055
2020-08-09 22:00:00+00:00,0.0,0.17355425883992334
2020-08-09 23:00:00+00:00,0.0,0.16863351332520465
2020-08-10 00:00:00+00:00,0.0,0.1650627068454973
2020-08-10 01:00:00+00:00,0.0,0.15683243337397665
2020-08-10 02:00:00+00:00,0.0,0.1538712767810486
2020-08-10 03:00:00+00:00,0.00018211066257929403,0.1622975091447483
2020-08-10 04:00:00+00:00,0.01766473427019152,0.17235673227660686
2020-08-10 05:00:00+00:00,0.10450116854341822,0.1748171050339662
2020-08-10 06:00:00+00:00,0.2524053783349015,0.15489461766242815
2020-08-10 07:00:00+00:00,0.4247731204662033,0.1303997561400453
2020-08-10 08:00:00+00:00,0.5860017604030716,0.10853945305695872
2020-08-10 09:00:00+00:00,0.6877712690078004,0.10307437728618707
2020-08-10 10:00:00+00:00,0.7413421555832094,0.10699355512976833
2020-08-10 11:00:00+00:00,0.7525419613318359,0.12262672008360911
2020-08-10 12:00:00+00:00,0.7296870731781346,0.13253353074377286
2020-08-10 13:00:00+00:00,0.6581175827844721,0.15067061487545724
2020-08-10 14:00:00+00:00,0.5392600236743862,0.17353248562968124
2020-08-10 15:00:00+00:00,0.37699942331623515,0.20619230099285837
2020-08-10 16:00:00+00:00,0.20593680760008498,0.22391569412994253
2020-08-10 17:00:00+00:00,0.07417974322396577,0.21252830517331475
2020-08-10 18:00:00+00:00,0.009378699122833642,0.23743685769029785
2020-08-10 19:00:00+00:00,0.0,0.280787319282355
2020-08-10 20:00:00+00:00,0.0,0.29709545375370144
2020-08-10 21:00:00+00:00,0.0,0.3010581780177669
2020-08-10 22:00:00+00:00,0.0,0.27499564535795157
2020-08-10 23:00:00+00:00,0.0,0.25766417000522557
2020-08-11 00:00:00+00:00,0.0,0.2681806305521686
2020-08-11 01:00:00+00:00,0.0,0.2675492074551472
2020-08-11 02:00:00+00:00,0.0,0.2589052429890263
2020-08-11 03:00:00+00:00,0.00021246243967584303,0.2506967427277478
2020-08-11 04:00:00+00:00,0.01878775002276383,0.2509580212506532
2020-08-11 05:00:00+00:00,0.11694539715300331,0.21289844974743075
2020-08-11 06:00:00+00:00,0.2903754514826843,0.14196133077861
2020-08-11 07:00:00+00:00,0.49549276110116247,0.11491900365789932
2020-08-11 08:00:00+00:00,0.6619722584757337,0.12889740463333912
2020-08-11 09:00:00+00:00,0.7812243906880748,0.16512802647622365
2020-08-11 10:00:00+00:00,0.8479679485233861,0.21087354119491378
2020-08-11 11:00:00+00:00,0.854766746593013,0.24632032746908203
2020-08-11 12:00:00+00:00,0.7826509242116126,0.2607341926493642
2020-08-11 13:00:00+00:00,0.6584211005554376,0.26258491551994423
2020-08-11 14:00:00+00:00,0.504476887121741,0.27660686291586833
2020-08-11 15:00:00+00:00,0.33790633441588,0.29864135168089184
2020-08-11 16:00:00+00:00,0.17585819649740492,0.3330430238634384
2020-08-11 17:00:00+00:00,0.06124988618083589,0.35152847935899667
2020-08-11 18:00:00+00:00,0.007102315840592467,0.3814013238111827
2020-08-11 19:00:00+00:00,0.0,0.42904110782093713
2020-08-11 20:00:00+00:00,0.0,0.4201358648319108
2020-08-11 21:00:00+00:00,0.0,0.4116007664170005
2020-08-11 22:00:00+00:00,0.0,0.39159118620449396
2020-08-11 23:00:00+00:00,0.0,0.36663908726702665
2020-08-12 00:00:00+00:00,0.0,0.3541848110085351
2020-08-12 01:00:00+00:00,0.0,0.3344582825291761
2020-08-12 02:00:00+00:00,0.0,0.3176929106427452
2020-08-12 03:00:00+00:00,0.00021246243967584303,0.3060877895836962
2020-08-12 04:00:00+00:00,0.019000212462439676,0.29017157289670786
2020-08-12 05:00:00+00:00,0.11870580022460316,0.24342449050688034
2020-08-12 06:00:00+00:00,0.30266792120678665,0.17762584915519944
2020-08-12 07:00:00+00:00,0.5111846298600783,0.132555303954015
2020-08-12 08:00:00+00:00,0.6851913679545938,0.1311182720780352
2020-08-12 09:00:00+00:00,0.8028045042037212,0.16077338442780004
2020-08-12 10:00:00+00:00,0.8680001214071084,0.18413603901759276
2020-08-12 11:00:00+00:00,0.8696391173703221,0.1981579864135168
2020-08-12 12:00:00+00:00,0.8156129541384648,0.20902281832433373
2020-08-12 13:00:00+00:00,0.6827328740097732,0.20900104511409162
2020-08-12 14:00:00+00:00,0.5359820317479589,0.21916913429716076
2020-08-12 15:00:00+00:00,0.3602452423589401,0.24451315101898624
2020-08-12 16:00:00+00:00,0.1873008164628039,0.28039540149799685
2020-08-12 17:00:00+00:00,0.0666525025040216,0.30809092492597107
2020-08-12 18:00:00+00:00,0.00792181382219929,0.3295375370144574
2020-08-12 19:00:00+00:00,0.0,0.369099460024386
2020-08-12 20:00:00+00:00,0.0,0.365223828601289
2020-08-12 21:00:00+00:00,0.0,0.3447134645532137
2020-08-12 22:00:00+00:00,0.0,0.3199137780874412
2020-08-12 23:00:00+00:00,0.0,0.30817801776693954
2020-08-13 00:00:00+00:00,0.0,0.302908900888347
2020-08-13 01:00:00+00:00,0.0,0.28917000522557046
2020-08-13 02:00:00+00:00,0.0,0.26345584392962895
2020-08-13 03:00:00+00:00,0.00018211066257929403,0.23229838007315798
2020-08-13 04:00:00+00:00,0.018362825143412146,0.21096063403588225
2020-08-13 05:00:00+00:00,0.09931101465990834,0.16965685420658422
2020-08-13 06:00:00+00:00,0.22745621756153822,0.11679149973872148
2020-08-13 07:00:00+00:00,0.3612772027802228,0.09281919526214945
2020-08-13 08:00:00+00:00,0.4713023947552129,0.0961287232189514
2020-08-13 09:00:00+00:00,0.5243573011199806,0.10867009231841143
2020-08-13 10:00:00+00:00,0.5442073633411236,0.12169047204319805
2020-08-13 11:00:00+00:00,0.5339181109053935,0.13436248040411078
2020-08-13 12:00:00+00:00,0.5018969860685343,0.1549599372931545
2020-08-13 13:00:00+00:00,0.4329984520593681,0.17028827730360563
2020-08-13 14:00:00+00:00,0.3471636264303275,0.18293851245427625
2020-08-13 15:00:00+00:00,0.24730627978268127,0.18546420484236195
2020-08-13 16:00:00+00:00,0.14316933256442166,0.19497909771816757
2020-08-13 17:00:00+00:00,0.05599902874313291,0.1934767462114614
2020-08-13 18:00:00+00:00,0.006009651865116703,0.19678627416826336
2020-08-13 19:00:00+00:00,0.0,0.20961069500087093
2020-08-13 20:00:00+00:00,0.0,0.20375370144574115
2020-08-13 21:00:00+00:00,0.0,0.18975352726005923
2020-08-13 22:00:00+00:00,0.0,0.16972217383731056
2020-08-13 23:00:00+00:00,0.0,0.1429193520292632
2020-08-14 00:00:00+00:00,0.0,0.12915868315624454
2020-08-14 01:00:00+00:00,0.0,0.11315537362828776
2020-08-14 02:00:00+00:00,0.0,0.10795157638042152
2020-08-14 03:00:00+00:00,9.105533128964702e-05,0.11093450618359171
2020-08-14 04:00:00+00:00,0.012322821501198896,0.11030308308657029
2020-08-14 05:00:00+00:00,0.06273712325856678,0.08491551994426058
2020-08-14 06:00:00+00:00,0.1551582845175585,0.06714858038669222
2020-08-14 07:00:00+00:00,0.27052538926154124,0.05081867270510364
2020-08-14 08:00:00+00:00,0.37702977509333174,0.04123846019857168
2020-08-14 09:00:00+00:00,0.456156857984035,0.03686204493990594
2020-08-14 10:00:00+00:00,0.5148571948887607,0.037972478662253964
2020-08-14 11:00:00+00:00,0.5520684736091298,0.043328688381815014
2020-08-14 12:00:00+00:00,0.5474246517133579,0.04489635951924752
2020-08-14 13:00:00+00:00,0.49282180471666615,0.05047030134122975
2020-08-14 14:00:00+00:00,0.39284305096063377,0.05745950182894966
2020-08-14 15:00:00+00:00,0.270677148147024,0.06057307089357254
2020-08-14 16:00:00+00:00,0.15436913831304824,0.06634297160773385
2020-08-14 17:00:00+00:00,0.05578656630345707,0.06351245427625848
2020-08-14 18:00:00+00:00,0.0059489483109236045,0.0572635429367706
2020-08-14 19:00:00+00:00,0.0,0.06142222609301515
2020-08-14 20:00:00+00:00,0.0,0.06727921964814493
2020-08-14 21:00:00+00:00,0.0,0.06865093189339837
2020-08-14 22:00:00+00:00,0.0,0.06259797944608952
2020-08-14 23:00:00+00:00,0.0,0.0554563664866748
2020-08-15 00:00:00+00:00,0.0,0.04875021773210242
2020-08-15 01:00:00+00:00,0.0,0.04071590315276084
2020-08-15 02:00:00+00:00,0.0,0.039213551646054695
2020-08-15 03:00:00+00:00,6.0703554193098006e-05,0.042283574290193346
2020-08-15 04:00:00+00:00,0.011321212857012777,0.048009928583870404
2020-08-15 05:00:00+00:00,0.07336024524235894,0.047879289322417695
2020-08-15 06:00:00+00:00,0.18305156766928704,0.03677495209893747
2020-08-15 07:00:00+00:00,0.31699395999635777,0.028653544678627414
2020-08-15 08:00:00+00:00,0.46201475096366895,0.02806566800209023
2020-08-15 09:00:00+00:00,0.5738306977873554,0.027630203797247867
2020-08-15 10:00:00+00:00,0.6288281178863022,0.030373628287754743
2020-08-15 11:00:00+00:00,0.6365981728230188,0.031919526214945135
2020-08-15 12:00:00+00:00,0.5901903056423954,0.03403152760843059
2020-08-15 13:00:00+00:00,0.5201991076577533,0.04121668698832956
2020-08-15 14:00:00+00:00,0.4259264879958722,0.05147186901236718
2020-08-15 15:00:00+00:00,0.2953227911494218,0.06440515589618534
2020-08-15 16:00:00+00:00,0.16644914559747473,0.07159031527608431
2020-08-15 17:00:00+00:00,0.06097672018696695,0.07590141090402369
2020-08-15 18:00:00+00:00,0.006131058973502899,0.07890611391743599
2020-08-15 19:00:00+00:00,0.0,0.08378331301167044
2020-08-15 20:00:00+00:00,0.0,0.09645532137258317
2020-08-15 21:00:00+00:00,0.0,0.09676014631597282
2020-08-15 22:00:00+00:00,0.0,0.09079428670963247
2020-08-15 23:00:00+00:00,0.0,0.08918306915171573
2020-08-16 00:00:00+00:00,0.0,0.08278174534053301
2020-08-16 01:00:00+00:00,0.0,0.07548771990942345
2020-08-16 02:00:00+00:00,0.0,0.07346281135690647
2020-08-16 03:00:00+00:00,9.105533128964702e-05,0.07938512454276259
2020-08-16 04:00:00+00:00,0.014508149452150423,0.08833391395227312
2020-08-16 05:00:00+00:00,0.10186056393601846,0.08389217906288103
2020-08-16 06:00:00+00:00,0.2658512155886727,0.05454189165650584
2020-08-16 07:00:00+00:00,0.46863143837071664,0.031788886953492426
2020-08-16 08:00:00+00:00,0.654748535526755,0.05219038495035708
2020-08-16 09:00:00+00:00,0.7915136431238049,0.08419700400627068
2020-08-16 10:00:00+00:00,0.8537651379488269,0.10211635603553387
2020-08-16 11:00:00+00:00,0.8458736759037242,0.1070806479707368
2020-08-16 12:00:00+00:00,0.7992229945063284,0.10993293851245428
2020-08-16 13:00:00+00:00,0.6992442407502959,0.11069500087092841
2020-08-16 14:00:00+00:00,0.5544662639997572,0.11831562445566975
2020-08-16 15:00:00+00:00,0.3710504750053116,0.13144487023166695
2020-08-16 16:00:00+00:00,0.1901538835098795,0.14085089705626197
2020-08-16 17:00:00+00:00,0.05942877955504295,0.15012628461940428
2020-08-16 18:00:00+00:00,0.005250857437702977,0.18078296464030658
2020-08-16 19:00:00+00:00,0.0,0.22988155373628288
2020-08-16 20:00:00+00:00,0.0,0.2650670614875457
2020-08-16 21:00:00+00:00,0.0,0.26746211461417874
2020-08-16 22:00:00+00:00,0.0,0.2629986065145445
2020-08-16 23:00:00+00:00,0.0,0.2377416826336875
2020-08-17 00:00:00+00:00,0.0,0.19735237763455843
2020-08-17 01:00:00+00:00,0.0,0.16571590315276083
2020-08-17 02:00:00+00:00,0.0,0.15006096498867794
2020-08-17 03:00:00+00:00,6.0703554193098006e-05,0.13383992335829994
2020-08-17 04:00:00+00:00,0.013445837253771208,0.11746646925622714
2020-08-17 05:00:00+00:00,0.08598658451452333,0.10316147012715554
2020-08-17 06:00:00+00:00,0.20639208425653321,0.06359954711722696
2020-08-17 07:00:00+00:00,0.32931678149755667,0.043764152586657376
2020-08-17 08:00:00+00:00,0.4263210610981273,0.051406549381640826
2020-08-17 09:00:00+00:00,0.4828967736060946,0.06671311618184986
2020-08-17 10:00:00+00:00,0.5425380156008134,0.06875979794460896
2020-08-17 11:00:00+00:00,0.5804473851944031,0.05717645009580213
2020-08-17 12:00:00+00:00,0.5571372203842535,0.06166173140567845
2020-08-17 13:00:00+00:00,0.4834431055938325,0.07204755269116879
2020-08-17 14:00:00+00:00,0.39457310225513703,0.07418132729489636
2020-08-17 15:00:00+00:00,0.2699790572738034,0.07557481275039192
2020-08-17 16:00:00+00:00,0.1459313442802076,0.08513325204668176
2020-08-17 17:00:00+00:00,0.051962242389291896,0.0867444696045985
2020-08-17 18:00:00+00:00,0.004643821895771998,0.09238373105730709
2020-08-17 19:00:00+00:00,0.0,0.08130116704406898
2020-08-17 20:00:00+00:00,0.0,0.07548771990942345
2020-08-17 21:00:00+00:00,0.0,0.07544417348893921
2020-08-17 22:00:00+00:00,0.0,0.07235237763455844
2020-08-17 23:00:00+00:00,0.0,0.07067584044591535
2020-08-18 00:00:00+00:00,0.0,0.07794809266678279
2020-08-18 01:00:00+00:00,0.0,0.07995122800905766
2020-08-18 02:00:00+00:00,0.0,0.08356558090924926
2020-08-18 03:00:00+00:00,3.0351777096549003e-05,0.0869839749172618
2020-08-18 04:00:00+00:00,0.009864327556378427,0.08955321372583173
2020-08-18 05:00:00+00:00,0.07287461680881416,0.07999477442954189
2020-08-18 06:00:00+00:00,0.1963456460375755,0.06253265981536317
2020-08-18 07:00:00+00:00,0.35997207636507117,0.048445392788712766
2020-08-18 08:00:00+00:00,0.5093635232342854,0.056392614527085876
2020-08-18 09:00:00+00:00,0.6054572495219596,0.06936944783138826
2020-08-18 10:00:00+00:00,0.6321971651440191,0.08162776519770075
2020-08-18 11:00:00+00:00,0.6351412875223844,0.09604163037798293
2020-08-18 12:00:00+00:00,0.5843020608856648,0.10586134819717818
2020-08-18 13:00:00+00:00,0.5288493641302698,0.09815363177146838
2020-08-18 14:00:00+00:00,0.4396454912435123,0.09800121929977355
2020-08-18 15:00:00+00:00,0.2958084195829666,0.0872234802299251
2020-08-18 16:00:00+00:00,0.16471909430297144,0.06612523950531267
2020-08-18 17:00:00+00:00,0.053844052569277934,0.05325727225222087
2020-08-18 18:00:00+00:00,0.004006434576744469,0.05033966207977704
2020-08-18 19:00:00+00:00,0.0,0.04938164082912384
2020-08-18 20:00:00+00:00,0.0,0.04075944957324508
2020-08-18 21:00:00+00:00,0.0,0.04097718167566626
2020-08-18 22:00:00+00:00,0.0,0.041499738721477095
2020-08-18 23:00:00+00:00,0.0,0.0384950357080648
2020-08-19 00:00:00+00:00,0.0,0.03675317888869535
2020-08-19 01:00:00+00:00,0.0,0.04038930499912907
2020-08-19 02:00:00+00:00,0.0,0.04790106253265981
2020-08-19 03:00:00+00:00,3.0351777096549003e-05,0.050056610346629504
2020-08-19 04:00:00+00:00,0.010926639754757642,0.050971085176798464
2020-08-19 05:00:00+00:00,0.10031262330409446,0.04496167914997387
2020-08-19 06:00:00+00:00,0.2866118311227122,0.02784793589966905
2020-08-19 07:00:00+00:00,0.5106079460952438,0.017832259188294723
2020-08-19 08:00:00+00:00,0.6885907669894072,0.02094582825291761
2020-08-19 09:00:00+00:00,0.7828330348741919,0.022796551123497648
2020-08-19 10:00:00+00:00,0.7939417852915288,0.029110782093711894
2020-08-19 11:00:00+00:00,0.7784016754180957,0.03189775300470302
2020-08-19 12:00:00+00:00,0.7323276777855343,0.03222435115833479
2020-08-19 13:00:00+00:00,0.6561447172731963,0.029306740985890957
2020-08-19 14:00:00+00:00,0.544723343551765,0.030242989026302035
2020-08-19 15:00:00+00:00,0.3807933954533038,0.034096847239156944
2020-08-19 16:00:00+00:00,0.19877378820529942,0.041739244034140394
2020-08-19 17:00:00+00:00,0.05760767292925001,0.05489026302037973
2020-08-19 18:00:00+00:00,0.0032476401493307435,0.08164953840794287
2020-08-19 19:00:00+00:00,0.0,0.1183809440863961
2020-08-19 20:00:00+00:00,0.0,0.1674795331823724
2020-08-19 21:00:00+00:00,0.0,0.21494513151018985
2020-08-19 22:00:00+00:00,0.0,0.2538320850026128
2020-08-19 23:00:00+00:00,0.0,0.2802212158160599
2020-08-20 00:00:00+00:00,0.0,0.28605643616094756
2020-08-20 01:00:00+00:00,0.0,0.27869709109911167
2020-08-20 02:00:00+00:00,0.0,0.24283661383034313
2020-08-20 03:00:00+00:00,3.0351777096549003e-05,0.22186901236718343
2020-08-20 04:00:00+00:00,0.009864327556378427,0.2324290193346107
2020-08-20 05:00:00+00:00,0.07214617415849699,0.2180151541543285
2020-08-20 06:00:00+00:00,0.1874829271253832,0.17882337571851595
2020-08-20 07:00:00+00:00,0.3488633259477342,0.14093798989723044
2020-08-20 08:00:00+00:00,0.5310346920812213,0.1405242989026302
2020-08-20 09:00:00+00:00,0.70677148147024,0.14444347674621147
2020-08-20 10:00:00+00:00,0.7865663034570675,0.1448571677408117
2020-08-20 11:00:00+00:00,0.7807084104774334,0.14285403239853683
2020-08-20 12:00:00+00:00,0.735514614380672,0.13455843929628986
2020-08-20 13:00:00+00:00,0.6417276231523356,0.1176624281484062
2020-08-20 14:00:00+00:00,0.518408352809057,0.09935115833478488
2020-08-20 15:00:00+00:00,0.35338574073512,0.0790367531788887
2020-08-20 16:00:00+00:00,0.18244453212735606,0.06605991987458631
2020-08-20 17:00:00+00:00,0.05156766928703676,0.06575509493119666
2020-08-20 18:00:00+00:00,0.0026709563844963123,0.09615049642919352
2020-08-20 19:00:00+00:00,0.0,0.14507489984323288
2020-08-20 20:00:00+00:00,0.0,0.2080212506531963
2020-08-20 21:00:00+00:00,0.0,0.2726876850722871
2020-08-20 22:00:00+00:00,0.0,0.33354380769900716
2020-08-20 23:00:00+00:00,0.0,0.3684027172966382
2020-08-21 00:00:00+00:00,0.0,0.3603248562968124
2020-08-21 01:00:00+00:00,0.0,0.35910555652325377
2020-08-21 02:00:00+00:00,0.0,0.3814013238111827
2020-08-21 03:00:00+00:00,6.0703554193098006e-05,0.37998606514544503
2020-08-21 04:00:00+00:00,0.010501714875405955,0.3935507751262846
2020-08-21 05:00:00+00:00,0.08568306674355784,0.41488852116356034
2020-08-21 06:00:00+00:00,0.24363371475399884,0.3800731579864135
2020-08-21 07:00:00+00:00,0.417185176192066,0.3189775300470301
2020-08-21 08:00:00+00:00,0.5575317934865086,0.29433025605295243
2020-08-21 09:00:00+00:00,0.6486478283303487,0.2942867096324682
2020-08-21 10:00:00+00:00,0.724679029957204,0.2954624629855426
2020-08-21 11:00:00+00:00,0.7514189455792637,0.29796638216338617
2020-08-21 12:00:00+00:00,0.7086532916502262,0.3138608256401324
2020-08-21 13:00:00+00:00,0.6081282059064558,0.33110520815188993
2020-08-21 14:00:00+00:00,0.46854038303942697,0.3167566626023341
2020-08-21 15:00:00+00:00,0.31696360821926123,0.2959414736108692
2020-08-21 16:00:00+00:00,0.1580113515646341,0.2670701968298206
2020-08-21 17:00:00+00:00,0.04413148389838225,0.2532659815363177
2020-08-21 18:00:00+00:00,0.0027013081615928614,0.2557916739244034
2020-08-21 19:00:00+00:00,0.0,0.24771381292457761
2020-08-21 20:00:00+00:00,0.0,0.24237937641525867
2020-08-21 21:00:00+00:00,0.0,0.24142135516460547
2020-08-21 22:00:00+00:00,0.0,0.24018028218080473
2020-08-21 23:00:00+00:00,0.0,0.2398972304476572
2020-08-22 00:00:00+00:00,0.0,0.2465162863612611
2020-08-22 01:00:00+00:00,0.0,0.2591665215119317
2020-08-22 02:00:00+00:00,0.0,0.2896272426406549
2020-08-22 03:00:00+00:00,3.0351777096549003e-05,0.30804737850548686
2020-08-22 04:00:00+00:00,0.006798798069626977,0.35279132555303955
2020-08-22 05:00:00+00:00,0.042280025495492764,0.3674229228357429
2020-08-22 06:00:00+00:00,0.11627765805687923,0.3599329385124543
2020-08-22 07:00:00+00:00,0.19309800588824474,0.362828775474656
2020-08-22 08:00:00+00:00,0.2972653048836009,0.40226005922313185
2020-08-22 09:00:00+00:00,0.38018635991137284,0.4578035185507751
2020-08-22 10:00:00+00:00,0.4302364403435821,0.48863438425361433
2020-08-22 11:00:00+00:00,0.46365374692688255,0.4987153805957151
2020-08-22 12:00:00+00:00,0.46756912617233737,0.5098850374499216
2020-08-22 13:00:00+00:00,0.45069353810665613,0.5263238111827208
2020-08-22 14:00:00+00:00,0.3868030473184205,0.5117575335307437
2020-08-22 15:00:00+00:00,0.28005584726985766,0.4909858909597631
2020-08-22 16:00:00+00:00,0.1568883358120618,0.46265894443476746
2020-08-22 17:00:00+00:00,0.048562843354478406,0.3911339487894095
2020-08-22 18:00:00+00:00,0.002246031505144626,0.3682720780351855
2020-08-22 19:00:00+00:00,0.0,0.3658334784880683
2020-08-22 20:00:00+00:00,0.0,0.39699094234453924
2020-08-22 21:00:00+00:00,0.0,0.3980142832259188
2020-08-22 22:00:00+00:00,0.0,0.3885647099808396
2020-08-22 23:00:00+00:00,0.0,0.3742814840620101
2020-08-23 00:00:00+00:00,0.0,0.34932938512454276
2020-08-23 01:00:00+00:00,0.0,0.34937293154502697
2020-08-23 02:00:00+00:00,0.0,0.3522905417174708
2020-08-23 03:00:00+00:00,3.0351777096549003e-05,0.36478836439644663
2020-08-23 04:00:00+00:00,0.007830758490909643,0.37360651454450444
2020-08-23 05:00:00+00:00,0.06379943545694601,0.37166869883295595
2020-08-23 06:00:00+00:00,0.18763468601086594,0.3981013760668873
2020-08-23 07:00:00+00:00,0.3639481591647191,0.46585960634035883
2020-08-23 08:00:00+00:00,0.5046286460072237,0.5038103117923707
2020-08-23 09:00:00+00:00,0.5634807417974322,0.5381466643441909
2020-08-23 10:00:00+00:00,0.5804473851944031,0.5497517854032399
2020-08-23 11:00:00+00:00,0.5775943181473275,0.559549730012193
2020-08-23 12:00:00+00:00,0.5539502837891158,0.5541935202926319
2020-08-23 13:00:00+00:00,0.49524994688439006,0.5421964814492248
2020-08-23 14:00:00+00:00,0.4261996539897411,0.533552516983104
2020-08-23 15:00:00+00:00,0.3091328497283516,0.49858474133426234
2020-08-23 16:00:00+00:00,0.16690442225392296,0.44632903675317886
2020-08-23 17:00:00+00:00,0.04637751540352688,0.36888172792196483
2020-08-23 18:00:00+00:00,0.00182110662579294,0.3221128723218951
2020-08-23 19:00:00+00:00,0.0,0.30251698310398883
2020-08-23 20:00:00+00:00,0.0,0.287428148406201
2020-08-23 21:00:00+00:00,0.0,0.2642179062881031
2020-08-23 22:00:00+00:00,0.0,0.2478009057655461
2020-08-23 23:00:00+00:00,0.0,0.23776345584392963
2020-08-24 00:00:00+00:00,0.0,0.23247256575509492
2020-08-24 01:00:00+00:00,0.0,0.20423271207106775
2020-08-24 02:00:00+00:00,0.0,0.1898406201010277
2020-08-24 03:00:00+00:00,3.0351777096549003e-05,0.18940515589618534
2020-08-24 04:00:00+00:00,0.008923422466385406,0.18078296464030658
2020-08-24 05:00:00+00:00,0.07563662852460011,0.16882947221738373
2020-08-24 06:00:00+00:00,0.19910765775336145,0.15069238808569935
2020-08-24 07:00:00+00:00,0.3382402039639421,0.1529132555303954
2020-08-24 08:00:00+00:00,0.4623789722888275,0.179019334610695
2020-08-24 09:00:00+00:00,0.5284851428051113,0.21063403588225046
2020-08-24 10:00:00+00:00,0.5327343915986281,0.22757359345061837
2020-08-24 11:00:00+00:00,0.5161319695268158,0.228248562968124
2020-08-24 12:00:00+00:00,0.49537135399277626,0.24316321198397492
2020-08-24 13:00:00+00:00,0.463289525601724,0.2681588573419265
2020-08-24 14:00:00+00:00,0.38734937930615837,0.25971085176798464
2020-08-24 15:00:00+00:00,0.278416851306644,0.2502395053126633
2020-08-24 16:00:00+00:00,0.14969496464017967,0.23517244382511757
2020-08-24 17:00:00+00:00,0.043129875254196134,0.1988547291412646
2020-08-24 18:00:00+00:00,0.001547940631923999,0.1767331475352726
2020-08-24 19:00:00+00:00,0.0,0.16390872670266504
2020-08-24 20:00:00+00:00,0.0,0.16358212854903326
2020-08-24 21:00:00+00:00,0.0,0.16197091099111652
2020-08-24 22:00:00+00:00,0.0,0.14379028043894793
2020-08-24 23:00:00+00:00,0.0,0.13029089008883468
2020-08-25 00:00:00+00:00,0.0,0.11369970388434071
2020-08-25 01:00:00+00:00,0.0,0.10442431632119839
2020-08-25 02:00:00+00:00,0.0,0.09691255878766765
2020-08-25 03:00:00+00:00,0.0,0.08717993380944086
2020-08-25 04:00:00+00:00,0.00822533159316478,0.07812227834871974
2020-08-25 05:00:00+00:00,0.09730779737153611,0.07816582476920397
2020-08-25 06:00:00+00:00,0.27422830606732024,0.08238982755617488
2020-08-25 07:00:00+00:00,0.4454123288918566,0.09210067932415955
2020-08-25 08:00:00+00:00,0.5705223540838316,0.12578383556871625
2020-08-25 09:00:00+00:00,0.621907912708289,0.17013586483191082
2020-08-25 10:00:00+00:00,0.6335326433362674,0.21503222435115832
2020-08-25 11:00:00+00:00,0.611618660272559,0.24690820414561923
2020-08-25 12:00:00+00:00,0.5332503718092695,0.2595148928758056
2020-08-25 13:00:00+00:00,0.42683704130876865,0.2973131858561226
2020-08-25 14:00:00+00:00,0.33963638571038335,0.33800731579864135
2020-08-25 15:00:00+00:00,0.23528697605244786,0.3844713464553214
2020-08-25 16:00:00+00:00,0.11375846055786566,0.41802386343842535
2020-08-25 17:00:00+00:00,0.029016298904300845,0.43716251524124716
2020-08-25 18:00:00+00:00,0.0008498497587033721,0.46906026824595015
2020-08-25 19:00:00+00:00,0.0,0.5503178888695349
2020-08-25 20:00:00+00:00,0.0,0.6015284793589967
2020-08-25 21:00:00+00:00,0.0,0.6390872670266504
2020-08-25 22:00:00+00:00,0.0,0.6729881553736283
2020-08-25 23:00:00+00:00,0.0,0.7000087092840969
2020-08-26 00:00:00+00:00,0.0,0.7148362654589793
2020-08-26 01:00:00+00:00,0.0,0.724547117226964
2020-08-26 02:00:00+00:00,0.0,0.7341926493642222
2020-08-26 03:00:00+00:00,0.0,0.740049642919352
2020-08-26 04:00:00+00:00,0.006343521413178742,0.7756706148754572
2020-08-26 05:00:00+00:00,0.06601511518499409,0.8013847761713987
2020-08-26 06:00:00+00:00,0.19740795823595472,0.8438860825640132
2020-08-26 07:00:00+00:00,0.3256138646917777,0.9087920222957673
2020-08-26 08:00:00+00:00,0.4148784411327283,0.9294983452360216
2020-08-26 09:00:00+00:00,0.4787082283667709,0.930674098589096
2020-08-26 10:00:00+00:00,0.5151910644368228,0.9304128200661905
2020-08-26 11:00:00+00:00,0.5398367074392205,0.9416260233408814
2020-08-26 12:00:00+00:00,0.5195617203387258,0.9358996690472043
2020-08-26 13:00:00+00:00,0.45724952195951074,0.9291717470823898
2020-08-26 14:00:00+00:00,0.36291619874343645,0.9402978575161122
2020-08-26 15:00:00+00:00,0.2348620511730962,0.9392091970040063
2020-08-26 16:00:00+00:00,0.11045011685434182,0.9218994948615223
2020-08-26 17:00:00+00:00,0.02525267854432877,0.8913952273123149
2020-08-26 18:00:00+00:00,0.000515980210641333,0.8509188294722174
2020-08-26 19:00:00+00:00,0.0,0.8021250653196307
2020-08-26 20:00:00+00:00,0.0,0.75370144574116
2020-08-26 21:00:00+00:00,0.0,0.7174490506880334
2020-08-26 22:00:00+00:00,0.0,0.696524995645358
2020-08-26 23:00:00+00:00,0.0,0.6574856296812401
2020-08-27 00:00:00+00:00,0.0,0.5917305347500436
2020-08-27 01:00:00+00:00,0.0,0.5357516112175579
2020-08-27 02:00:00+00:00,0.0,0.5073593450618359
2020-08-27 03:00:00+00:00,0.0,0.46749259710851765
2020-08-27 04:00:00+00:00,0.006161410750599448,0.44722173837310575
2020-08-27 05:00:00+00:00,0.08079643063101345,0.4125152412471695
2020-08-27 06:00:00+00:00,0.23540838316083407,0.38168437554433027
2020-08-27 07:00:00+00:00,0.4008559201141227,0.36134819717819194
2020-08-27 08:00:00+00:00,0.517528151273257,0.3517244382511757
2020-08-27 09:00:00+00:00,0.5710079825173764,0.30974568890437204
2020-08-27 10:00:00+00:00,0.5569854614987707,0.2751262846194043
2020-08-27 11:00:00+00:00,0.5315506722918627,0.24346803692736457
2020-08-27 12:00:00+00:00,0.4978601997146933,0.21165737676363003
2020-08-27 13:00:00+00:00,0.4730020942726197,0.17263978400975438
2020-08-27 14:00:00+00:00,0.42978116368713387,0.13072635429367704
2020-08-27 15:00:00+00:00,0.3286490424014326,0.09118620449399059
2020-08-27 16:00:00+00:00,0.16912010198197105,0.0593102246995297
2020-08-27 17:00:00+00:00,0.0379700731477828,0.040694129942518725
2020-08-27 18:00:00+00:00,0.00060703554193098,0.05121059048946176
2020-08-27 19:00:00+00:00,0.0,0.0901193171921268
2020-08-27 20:00:00+00:00,0.0,0.12425971085176798
2020-08-27 21:00:00+00:00,0.0,0.16604250130639261
2020-08-27 22:00:00+00:00,0.0,0.22032311443999303
2020-08-27 23:00:00+00:00,0.0,0.2686596411774952
2020-08-28 00:00:00+00:00,0.0,0.3160381466643442
2020-08-28 01:00:00+00:00,0.0,0.3601724438251176
2020-08-28 02:00:00+00:00,0.0,0.3961417871450967
2020-08-28 03:00:00+00:00,0.0,0.42366312489113395
2020-08-28 04:00:00+00:00,0.00485628433544784,0.4297813969691691
2020-08-28 05:00:00+00:00,0.048198622029319814,0.40502525692388086
2020-08-28 06:00:00+00:00,0.15716150180593075,0.3579733495906636
2020-08-28 07:00:00+00:00,0.2958691231371597,0.33957498693607385
2020-08-28 08:00:00+00:00,0.41323944516951466,0.32479097718167566
2020-08-28 09:00:00+00:00,0.51934925789905,0.3247038843407072
2020-08-28 10:00:00+00:00,0.5606580265274532,0.3328035185507751
2020-08-28 11:00:00+00:00,0.5388047470179379,0.3221781919526215
2020-08-28 12:00:00+00:00,0.48395908580447383,0.32010973697962025
2020-08-28 13:00:00+00:00,0.3965156159893162,0.29485281309876327
2020-08-28 14:00:00+00:00,0.29596017846844935,0.2739287580560878
2020-08-28 15:00:00+00:00,0.17804352444835644,0.23094844103814666
2020-08-28 16:00:00+00:00,0.08352809056970285,0.20286099982581432
2020-08-28 17:00:00+00:00,0.020214283546301635,0.18065232537885387
2020-08-28 18:00:00+00:00,0.00048562843354478405,0.1827643267723393
2020-08-28 19:00:00+00:00,0.0,0.1827425535620972
2020-08-28 20:00:00+00:00,0.0,0.18343929628984498
2020-08-28 21:00:00+00:00,0.0,0.20203361783661383
2020-08-28 22:00:00+00:00,0.0,0.20738982755617488
2020-08-28 23:00:00+00:00,0.0,0.2243511583347849
2020-08-29 00:00:00+00:00,0.0,0.24335917087615397
2020-08-29 01:00:00+00:00,0.0,0.2566190559136039
2020-08-29 02:00:00+00:00,0.0,0.24392527434244904
2020-08-29 03:00:00+00:00,0.0,0.22663734541020727
2020-08-29 04:00:00+00:00,0.004643821895771998,0.22613656157463857
2020-08-29 05:00:00+00:00,0.0442225392296719,0.22391569412994253
2020-08-29 06:00:00+00:00,0.1431996843415182,0.19924664692562272
2020-08-29 07:00:00+00:00,0.27920599751115427,0.1833522034488765
2020-08-29 08:00:00+00:00,0.39730476219382643,0.19269291064274516
2020-08-29 09:00:00+00:00,0.4883297417063769,0.22250043546420484
2020-08-29 10:00:00+00:00,0.5140680486842505,0.23891743598676188
2020-08-29 11:00:00+00:00,0.4863872279721978,0.24198745863090054
2020-08-29 12:00:00+00:00,0.444714238018636,0.23083957498693608
2020-08-29 13:00:00+00:00,0.3703220323549944,0.21498867793067408
2020-08-29 14:00:00+00:00,0.27529061826569945,0.19722173837310572
2020-08-29 15:00:00+00:00,0.18165538592284577,0.17575335307437728
2020-08-29 16:00:00+00:00,0.09248186481318481,0.14705626197526564
2020-08-29 17:00:00+00:00,0.0243421252314323,0.11232799163908727
2020-08-29 18:00:00+00:00,0.0005766837648344311,0.09495296986587702
2020-08-29 19:00:00+00:00,0.0,0.08829036753178889
2020-08-29 20:00:00+00:00,0.0,0.0835002612785229
2020-08-29 21:00:00+00:00,0.0,0.07285316147012716
2020-08-29 22:00:00+00:00,0.0,0.06150931893398362
2020-08-29 23:00:00+00:00,0.0,0.05704581083434942
2020-08-30 00:00:00+00:00,0.0,0.0529306740985891
2020-08-30 01:00:00+00:00,0.0,0.05338791151367358
2020-08-30 02:00:00+00:00,0.0,0.056740985890959765
2020-08-30 03:00:00+00:00,0.0,0.06000696742727747
2020-08-30 04:00:00+00:00,0.00455276656448235,0.05756836788016025
2020-08-30 05:00:00+00:00,0.03778796248520351,0.062467340184636816
2020-08-30 06:00:00+00:00,0.12064831395878228,0.06261975265633164
2020-08-30 07:00:00+00:00,0.21983792151030443,0.06479707368054347
2020-08-30 08:00:00+00:00,0.2929250007587944,0.06764936422226094
2020-08-30 09:00:00+00:00,0.3451300573648587,0.06734453927887128
2020-08-30 10:00:00+00:00,0.37229489786627007,0.0806044243163212
2020-08-30 11:00:00+00:00,0.34934895438127905,0.09898101376066887
2020-08-30 12:00:00+00:00,0.31392843050960634,0.12554433025605294
2020-08-30 13:00:00+00:00,0.2670349348954381,0.15469865877024908
2020-08-30 14:00:00+00:00,0.20460132940783682,0.18798989723044765
2020-08-30 15:00:00+00:00,0.13615807205511882,0.21736195784706497
2020-08-30 16:00:00+00:00,0.06258536437308404,0.24264065493816409
2020-08-30 17:00:00+00:00,0.014872370777309012,0.2522861870754224
2020-08-30 18:00:00+00:00,0.00039457310225513703,0.2625631423097021
2020-08-30 19:00:00+00:00,0.0,0.2868184985194217
2020-08-30 20:00:00+00:00,0.0,0.28670963246821113
2020-08-30 21:00:00+00:00,0.0,0.28664431283748476
2020-08-30 22:00:00+00:00,0.0,0.26711374325030485
2020-08-30 23:00:00+00:00,0.0,0.23741508448005574
2020-08-31 00:00:00+00:00,0.0,0.2076728792893224
2020-08-31 01:00:00+00:00,0.0,0.18555129768333042
2020-08-31 02:00:00+00:00,0.0,0.17185594844103813
2020-08-31 03:00:00+00:00,0.0,0.16808918306915172
2020-08-31 04:00:00+00:00,0.0039153792454548215,0.16125239505312663
2020-08-31 05:00:00+00:00,0.03259780860169363,0.14585873541194913
2020-08-31 06:00:00+00:00,0.11221051992594167,0.12095018289496604
2020-08-31 07:00:00+00:00,0.22102164081706985,0.09791412645880508
2020-08-31 08:00:00+00:00,0.32673688044435,0.08395749869360739
2020-08-31 09:00:00+00:00,0.422436033629769,0.07677233931370842
2020-08-31 10:00:00+00:00,0.5047500531156099,0.07054520118446264
2020-08-31 11:00:00+00:00,0.5214738822958084,0.0728967078906114
2020-08-31 12:00:00+00:00,0.48829938992928035,0.06540672356732277
2020-08-31 13:00:00+00:00,0.41387683248854223,0.06723567322766069
2020-08-31 14:00:00+00:00,0.32476401493307433,0.06595105382337572
2020-08-31 15:00:00+00:00,0.2071205269068504,0.059136039017592755
2020-08-31 16:00:00+00:00,0.09539563541445352,0.0549773558613482
2020-08-31 17:00:00+00:00,0.021519409961453243,0.04940341403936596
2020-08-31 18:00:00+00:00,0.00021246243967584303,0.0474002786970911
2020-08-31 19:00:00+00:00,0.0,0.053540323985368406
2020-08-31 20:00:00+00:00,0.0,0.06623410555652326
2020-08-31 21:00:00+00:00,0.0,0.06773645706322941
2020-08-31 22:00:00+00:00,0.0,0.06730099285838705
2020-08-31 23:00:00+00:00,0.0,0.06608169308482843
2020-09-01 00:00:00+00:00,0.0,0.06680020902281833
2020-09-01 01:00:00+00:00,0.0,0.06730099285838705
2020-09-01 02:00:00+00:00,0.0,0.06344713464553213
2020-09-01 03:00:00+00:00,0.0,0.062031875979794454
2020-09-01 04:00:00+00:00,0.004370655901903057,0.07117662428148407
2020-09-01 05:00:00+00:00,0.042917412814520293,0.08415345758578645
2020-09-01 06:00:00+00:00,0.14195526148055967,0.07529176101724439
2020-09-01 07:00:00+00:00,0.2672777491122105,0.046855948441038145
2020-09-01 08:00:00+00:00,0.39071842656387534,0.05166782790454624
2020-09-01 09:00:00+00:00,0.468874252587489,0.06005051384776171
2020-09-01 10:00:00+00:00,0.5161319695268158,0.06677843581257621
2020-09-01 11:00:00+00:00,0.5261784077457735,0.0773602159902456
2020-09-01 12:00:00+00:00,0.5044465353446445,0.0849372931545027
2020-09-01 13:00:00+00:00,0.4392205663641606,0.09125152412471695
2020-09-01 14:00:00+00:00,0.3448265395938932,0.093842536143529
2020-09-01 15:00:00+00:00,0.22387470786414546,0.09608517679846716
2020-09-01 16:00:00+00:00,0.10480468631438371,0.09092492597108517
2020-09-01 17:00:00+00:00,0.021458706407260147,0.08069151715728967
2020-09-01 18:00:00+00:00,0.00018211066257929403,0.09244905068803344
2020-09-01 19:00:00+00:00,0.0,0.10257359345061835
2020-09-01 20:00:00+00:00,0.0,0.10209458282529175
2020-09-01 21:00:00+00:00,0.0,0.08432764326772339
2020-09-01 22:00:00+00:00,0.0,0.06884689078557743
2020-09-01 23:00:00+00:00,0.0,0.06072548336526737
2020-09-02 00:00:00+00:00,0.0,0.05036143529001916
2020-09-02 01:00:00+00:00,0.0,0.04609388608256401
2020-09-02 02:00:00+00:00,0.0,0.041717470823898276
2020-09-02 03:00:00+00:00,0.0,0.04147796551123498
2020-09-02 04:00:00+00:00,0.0033083437035238412,0.0471607733844278
2020-09-02 05:00:00+00:00,0.04935198955898868,0.05079689949486152
2020-09-02 06:00:00+00:00,0.16987889640938478,0.04121668698832956
2020-09-02 07:00:00+00:00,0.33259477342398397,0.028544678627416824
2020-09-02 08:00:00+00:00,0.5110025191974991,0.02736892527434245
2020-09-02 09:00:00+00:00,0.6418490302607218,0.03165824769203972
2020-09-02 10:00:00+00:00,0.7146022399611497,0.031353422748650064
2020-09-02 11:00:00+00:00,0.7144808328527635,0.04106427451663473
2020-09-02 12:00:00+00:00,0.6617294442589614,0.051254136909946
2020-09-02 13:00:00+00:00,0.569884966764804,0.05824333739766591
2020-09-02 14:00:00+00:00,0.4456247913315325,0.06370841316843755
2020-09-02 15:00:00+00:00,0.28718851488754665,0.06405678453231145
2020-09-02 16:00:00+00:00,0.13115002883418825,0.06011583347848806
2020-09-02 17:00:00+00:00,0.026011472971742496,0.053779829298031705
2020-09-02 18:00:00+00:00,0.00012140710838619601,0.05303954014979969
2020-09-02 19:00:00+00:00,0.0,0.05532572722522209
2020-09-02 20:00:00+00:00,0.0,0.056849851942170355
2020-09-02 21:00:00+00:00,0.0,0.0601593798989723
2020-09-02 22:00:00+00:00,0.0,0.05637084131684376
2020-09-02 23:00:00+00:00,0.0,0.06359954711722696
2020-09-03 00:00:00+00:00,0.0,0.07805695871799338
2020-09-03 01:00:00+00:00,0.0,0.10255182024037623
2020-09-03 02:00:00+00:00,0.0,0.13240289148232015
2020-09-03 03:00:00+00:00,0.0,0.1570066190559136
2020-09-03 04:00:00+00:00,0.0036725650286824293,0.18163211983974917
2020-09-03 05:00:00+00:00,0.07099280662882812,0.20353596934331997
2020-09-03 06:00:00+00:00,0.237229489786627,0.21855948441038145
2020-09-03 07:00:00+00:00,0.42996327434971315,0.20497300121929976
2020-09-03 08:00:00+00:00,0.5867909066075819,0.204646403065668
2020-09-03 09:00:00+00:00,0.6489209943242177,0.23525953666608604
2020-09-03 10:00:00+00:00,0.6476765714632592,0.27858822504790104
2020-09-03 11:00:00+00:00,0.6101921267490211,0.3354380769900714
2020-09-03 12:00:00+00:00,0.5409597231917929,0.38649625500783835
2020-09-03 13:00:00+00:00,0.44073815521898807,0.4240985890959763
2020-09-03 14:00:00+00:00,0.3198470270434334,0.4383382685943215
2020-09-03 15:00:00+00:00,0.1906395119434243,0.4309789235324856
2020-09-03 16:00:00+00:00,0.07836828846328953,0.4231841142658073
2020-09-03 17:00:00+00:00,0.0122014143928127,0.43620449399059397
2020-09-03 18:00:00+00:00,6.0703554193098006e-05,0.45928409684723914
2020-09-03 19:00:00+00:00,0.0,0.5067061487545723
2020-09-03 20:00:00+00:00,0.0,0.5042022295767288
2020-09-03 21:00:00+00:00,0.0,0.4787275735934506
2020-09-03 22:00:00+00:00,0.0,0.4537754746559833
2020-09-03 23:00:00+00:00,0.0,0.4319369447831388
2020-09-04 00:00:00+00:00,0.0,0.399516634732625
2020-09-04 01:00:00+00:00,0.0,0.38616965685420657
2020-09-04 02:00:00+00:00,0.0,0.38464553213725833
2020-09-04 03:00:00+00:00,0.0,0.37421616443128375
2020-09-04 04:00:00+00:00,0.0030351777096549004,0.35255182024037623
2020-09-04 05:00:00+00:00,0.036998816280693236,0.31743163211983977
2020-09-04 06:00:00+00:00,0.13518681518802925,0.2852290541717471
2020-09-04 07:00:00+00:00,0.26885604152123105,0.24697352377634557
2020-09-04 08:00:00+00:00,0.42113090721461743,0.229903326946525
2020-09-04 09:00:00+00:00,0.5555285761981364,0.2341055565232538
2020-09-04 10:00:00+00:00,0.650377879624852,0.25431109562793935
2020-09-04 11:00:00+00:00,0.6756609099462774,0.2659815363177147
2020-09-04 12:00:00+00:00,0.6390870185449358,0.25611827207803517
2020-09-04 13:00:00+00:00,0.5486690745743164,0.24187859257968994
2020-09-04 14:00:00+00:00,0.4190669863720521,0.22491726180107996
2020-09-04 15:00:00+00:00,0.2652138282696452,0.19739592405504267
2020-09-04 16:00:00+00:00,0.114274440768507,0.16854642048423618
2020-09-04 17:00:00+00:00,0.017786141378577716,0.15859606340358823
2020-09-04 18:00:00+00:00,3.0351777096549003e-05,0.16573767636300296
2020-09-04 19:00:00+00:00,0.0,0.17115920571329035
2020-09-04 20:00:00+00:00,0.0,0.18705364919003659
2020-09-04 21:00:00+00:00,0.0,0.18413603901759276
2020-09-04 22:00:00+00:00,0.0,0.17377199094234452
2020-09-04 23:00:00+00:00,0.0,0.16649973872147708
2020-09-05 00:00:00+00:00,0.0,0.15955408465424142
2020-09-05 01:00:00+00:00,0.0,0.15343581257620623
2020-09-05 02:00:00+00:00,0.0,0.17087615398014283
2020-09-05 03:00:00+00:00,0.0,0.18931806305521687
2020-09-05 04:00:00+00:00,0.0029137706012687045,0.2183852987284445
2020-09-05 05:00:00+00:00,0.04167298995356178,0.261801079951228
2020-09-05 06:00:00+00:00,0.13892008377090478,0.280242989026302
2020-09-05 07:00:00+00:00,0.2452727107172125,0.27508273819892004
2020-09-05 08:00:00+00:00,0.34676905332807234,0.27697700748998433
2020-09-05 09:00:00+00:00,0.43433393025161626,0.29110782093711896
2020-09-05 10:00:00+00:00,0.5001062312198379,0.3186727051036405
2020-09-05 11:00:00+00:00,0.5369229368379519,0.33672269639435637
2020-09-05 12:00:00+00:00,0.501714875405955,0.34900278697091097
2020-09-05 13:00:00+00:00,0.4203721127872037,0.3460851767984672
2020-09-05 14:00:00+00:00,0.31307858075090295,0.33613481971781917
2020-09-05 15:00:00+00:00,0.1825962910128388,0.32757794809266677
2020-09-05 16:00:00+00:00,0.0759401462955656,0.309919874586309
2020-09-05 17:00:00+00:00,0.013870762133122895,0.26585089705626197
2020-09-05 18:00:00+00:00,6.0703554193098006e-05,0.22964204842361957
2020-09-05 19:00:00+00:00,0.0,0.2287275735934506
2020-09-05 20:00:00+00:00,0.0,0.23114439993032573
2020-09-05 21:00:00+00:00,0.0,0.23162341055565233
2020-09-05 22:00:00+00:00,0.0,0.24055042675492075
2020-09-05 23:00:00+00:00,0.0,0.24344626371712244
2020-09-06 00:00:00+00:00,0.0,0.24172618010799513
2020-09-06 01:00:00+00:00,0.0,0.23597805260407595
2020-09-06 02:00:00+00:00,0.0,0.2208892179062881
2020-09-06 03:00:00+00:00,0.0,0.22927190384950358
2020-09-06 04:00:00+00:00,0.0027316599386894105,0.2202577948092667
2020-09-06 05:00:00+00:00,0.05615078762861565,0.21568542065842186
2020-09-06 06:00:00+00:00,0.21055027771876045,0.17126807176450096
2020-09-06 07:00:00+00:00,0.4064406470998877,0.14398623933112698
2020-09-06 08:00:00+00:00,0.5688226545664249,0.15071416129594148
2020-09-06 09:00:00+00:00,0.6328345524630468,0.17375021773210242
2020-09-06 10:00:00+00:00,0.6043949373235803,0.1878157115485107
2020-09-06 11:00:00+00:00,0.559595714329074,0.18219822330604424
2020-09-06 12:00:00+00:00,0.4814095365283637,0.17594931196655636
2020-09-06 13:00:00+00:00,0.4031626551734604,0.1632555303954015
2020-09-06 14:00:00+00:00,0.31277506297993746,0.1377373279916391
2020-09-06 15:00:00+00:00,0.19828815977175462,0.11794547988155374
2020-09-06 16:00:00+00:00,0.0868971378274198,0.0924055042675492
2020-09-06 17:00:00+00:00,0.01308161592861262,0.06693084828427104
2020-09-06 18:00:00+00:00,3.0351777096549003e-05,0.06621233234628114
2020-09-06 19:00:00+00:00,0.0,0.0739853684027173
2020-09-06 20:00:00+00:00,0.0,0.08720170701968298
2020-09-06 21:00:00+00:00,0.0,0.0867444696045985
2020-09-06 22:00:00+00:00,0.0,0.08282529176101724
2020-09-06 23:00:00+00:00,0.0,0.08591708761539801
2020-09-07 00:00:00+00:00,0.0,0.09107733844278
2020-09-07 01:00:00+00:00,0.0,0.09088137955060094
2020-09-07 02:00:00+00:00,0.0,0.08069151715728967
2020-09-07 03:00:00+00:00,0.0,0.07694652499564536
2020-09-07 04:00:00+00:00,0.002246031505144626,0.07154676885560007
2020-09-07 05:00:00+00:00,0.05351018302121589,0.06899930325727226
2020-09-07 06:00:00+00:00,0.2057546969375057,0.05806915171572897
2020-09-07 07:00:00+00:00,0.40070416122863994,0.043198049120362306
2020-09-07 08:00:00+00:00,0.589674325431754,0.04861957847064971
2020-09-07 09:00:00+00:00,0.6944183081919446,0.06830256052952448
2020-09-07 10:00:00+00:00,0.7327222508877895,0.08678801602508274
2020-09-07 11:00:00+00:00,0.7166358090266185,0.10403239853684026
2020-09-07 12:00:00+00:00,0.669560202749871,0.11859867618881728
2020-09-07 13:00:00+00:00,0.5930737244665675,0.13087876676537188
2020-09-07 14:00:00+00:00,0.45039002033569064,0.14159118620449399
2020-09-07 15:00:00+00:00,0.29149846723525663,0.14518376589444348
2020-09-07 16:00:00+00:00,0.12477615564391295,0.1458151889914649
2020-09-07 17:00:00+00:00,0.01648101496342611,0.16177495209893747
2020-09-07 18:00:00+00:00,0.0,0.18644399930325728
2020-09-07 19:00:00+00:00,0.0,0.22698571677408116
2020-09-07 20:00:00+00:00,0.0,0.2531788886953492
2020-09-07 21:00:00+00:00,0.0,0.2869273645706323
2020-09-07 22:00:00+00:00,0.0,0.32516112175579165
2020-09-07 23:00:00+00:00,0.0,0.3649407768681414
2020-09-08 00:00:00+00:00,0.0,0.3865833478488068
2020-09-08 01:00:00+00:00,0.0,0.40454624629855424
2020-09-08 02:00:00+00:00,0.0,0.41956976136561575
2020-09-08 03:00:00+00:00,0.0,0.4424316321198397
2020-09-08 04:00:00+00:00,0.0020032172883722344,0.4556479707368054
2020-09-08 05:00:00+00:00,0.050444653534464444,0.4345279568019509
2020-09-08 06:00:00+00:00,0.18687589158345222,0.39577164257098063
2020-09-08 07:00:00+00:00,0.3692597201566152,0.364679498345236
2020-09-08 08:00:00+00:00,0.5329165022612073,0.3585612262672008
2020-09-08 09:00:00+00:00,0.6506813973958175,0.4018463682285316
2020-09-08 10:00:00+00:00,0.7130846511063222,0.41922139000174186
2020-09-08 11:00:00+00:00,0.7242844568549489,0.39566277651977005
2020-09-08 12:00:00+00:00,0.6780283485598082,0.3728444521860303
2020-09-08 13:00:00+00:00,0.589674325431754,0.33961853335655806
2020-09-08 14:00:00+00:00,0.4591009803624002,0.29073767636300296
2020-09-08 15:00:00+00:00,0.2827571554314505,0.25553039540149797
2020-09-08 16:00:00+00:00,0.10780951224694206,0.21655634906810659
2020-09-08 17:00:00+00:00,0.011958600176040307,0.18868663995819543
2020-09-08 18:00:00+00:00,0.0,0.18012976833304303
2020-09-08 19:00:00+00:00,0.0,0.18328688381815014
2020-09-08 20:00:00+00:00,0.0,0.18846890785577425
2020-09-08 21:00:00+00:00,0.0,0.20952360215990246
2020-09-08 22:00:00+00:00,0.0,0.22374150844800558
2020-09-08 23:00:00+00:00,0.0,0.23168873018637867
2020-09-09 00:00:00+00:00,0.0,0.23277739069848458
2020-09-09 01:00:00+00:00,0.0,0.23286448353945305
2020-09-09 02:00:00+00:00,0.0,0.24161731405678452
2020-09-09 03:00:00+00:00,0.0,0.24608082215641874
2020-09-09 04:00:00+00:00,0.0016693477403101952,0.2575988503744992
2020-09-09 05:00:00+00:00,0.05038394998027135,0.2809397317540498
2020-09-09 06:00:00+00:00,0.20250705678817496,0.2940254311095628
2020-09-09 07:00:00+00:00,0.3929644580690199,0.2966164431283748
2020-09-09 08:00:00+00:00,0.5592314930039154,0.307894966033792
2020-09-09 09:00:00+00:00,0.674871763741767,0.32248301689601117
2020-09-09 10:00:00+00:00,0.7233131999878593,0.3357864483539453
2020-09-09 11:00:00+00:00,0.7137220384253498,0.36060790802995996
2020-09-09 12:00:00+00:00,0.6530791877864449,0.36076032050165474
2020-09-09 13:00:00+00:00,0.5567426472819984,0.3811400452882773
2020-09-09 14:00:00+00:00,0.4180046741736729,0.38460198571677406
2020-09-09 15:00:00+00:00,0.25000758794427413,0.37774342449050685
2020-09-09 16:00:00+00:00,0.09545633896864661,0.36430935377112
2020-09-09 17:00:00+00:00,0.010289252435730112,0.35629681240202055
2020-09-09 18:00:00+00:00,0.0,0.3721259362480404
2020-09-09 19:00:00+00:00,0.0,0.3876502351506706
2020-09-09 20:00:00+00:00,0.0,0.41514979968646576
2020-09-09 21:00:00+00:00,0.0,0.4209850200313534
2020-09-09 22:00:00+00:00,0.0,0.35975875283051734
2020-09-09 23:00:00+00:00,0.0,0.3332607559658596
2020-09-10 00:00:00+00:00,0.0,0.31344713464553214
2020-09-10 01:00:00+00:00,0.0,0.27765197700749
2020-09-10 02:00:00+00:00,0.0,0.25609649886779307
2020-09-10 03:00:00+00:00,0.0,0.24838878244208323
2020-09-10 04:00:00+00:00,0.0016693477403101952,0.24586309005399756
2020-09-10 05:00:00+00:00,0.04331198591677543,0.21422661557219996
2020-09-10 06:00:00+00:00,0.17036452484292955,0.15691952621494512
2020-09-10 07:00:00+00:00,0.3343248247184873,0.11117401149625501
2020-09-10 08:00:00+00:00,0.47597656842808145,0.09845845671485803
2020-09-10 09:00:00+00:00,0.5625094849303427,0.08757185159379899
2020-09-10 10:00:00+00:00,0.6263696239414818,0.0828906113917436
2020-09-10 11:00:00+00:00,0.6648556772999059,0.08426232363699704
2020-09-10 12:00:00+00:00,0.6493155674264728,0.07918916565058352
2020-09-10 13:00:00+00:00,0.5848483928734027,0.06891221041630378
2020-09-10 14:00:00+00:00,0.4621361580720551,0.05499912907159032
2020-09-10 15:00:00+00:00,0.28530670470756064,0.03879986065145445
2020-09-10 16:00:00+00:00,0.11084468995659696,0.023841665215119316
2020-09-10 17:00:00+00:00,0.011958600176040307,0.017004877199094236
2020-09-10 18:00:00+00:00,0.0,0.02003135342274865
2020-09-10 19:00:00+00:00,0.0,0.024081170527782615
2020-09-10 20:00:00+00:00,0.0,0.02680282180804738
2020-09-10 21:00:00+00:00,0.0,0.02847935899669047
2020-09-10 22:00:00+00:00,0.0,0.03490245601811531
2020-09-10 23:00:00+00:00,0.0,0.047770423271207105
2020-09-11 00:00:00+00:00,0.0,0.06303344365093189
2020-09-11 01:00:00+00:00,0.0,0.08184549730012193
2020-09-11 02:00:00+00:00,0.0,0.09072896707890611
2020-09-11 03:00:00+00:00,0.0,0.09403849503570806
2020-09-11 04:00:00+00:00,0.001638995963213646,0.09754398188468907
2020-09-11 05:00:00+00:00,0.04085349197195496,0.09279742205190733
2020-09-11 06:00:00+00:00,0.1723677421313018,0.08922661557219996
2020-09-11 07:00:00+00:00,0.3477099584180654,0.06703971433548163
2020-09-11 08:00:00+00:00,0.5355571068686071,0.06368663995819543
2020-09-11 09:00:00+00:00,0.6926579051203448,0.08339139522731231
2020-09-11 10:00:00+00:00,0.7786141378577716,0.11034662950705452
2020-09-11 11:00:00+00:00,0.7896318329438189,0.13645270858735412
2020-09-11 12:00:00+00:00,0.7387622545300028,0.14790541717470823
2020-09-11 13:00:00+00:00,0.6327738489088536,0.14746995296986587
2020-09-11 14:00:00+00:00,0.4770995841806538,0.14890698484584566
2020-09-11 15:00:00+00:00,0.2858833884723951,0.1394356383905243
2020-09-11 16:00:00+00:00,0.10225513703827359,0.12293154502699877
2020-09-11 17:00:00+00:00,0.009651865116702582,0.12092840968472392
2020-09-11 18:00:00+00:00,0.0,0.12961592057132904
2020-09-11 19:00:00+00:00,0.0,0.13455843929628986
2020-09-11 20:00:00+00:00,0.0,0.15332694652499565
2020-09-11 21:00:00+00:00,0.0,0.16166608604772686
2020-09-11 22:00:00+00:00,0.0,0.16081693084828427
2020-09-11 23:00:00+00:00,0.0,0.1555478139696917
2020-09-12 00:00:00+00:00,0.0,0.1659118620449399
2020-09-12 01:00:00+00:00,0.0,0.17740811705277826
2020-09-12 02:00:00+00:00,0.0,0.1956322940254311
2020-09-12 03:00:00+00:00,0.0,0.2142701619926842
2020-09-12 04:00:00+00:00,0.0012444228609585091,0.24756140045288277
2020-09-12 05:00:00+00:00,0.05275138859380217,0.28302995993729313
2020-09-12 06:00:00+00:00,0.2114001274774638,0.30554345932764326
2020-09-12 07:00:00+00:00,0.41384648071144564,0.2808961853335656
2020-09-12 08:00:00+00:00,0.6044252891006768,0.27688991464901586
2020-09-12 09:00:00+00:00,0.7326008437794033,0.3321503222435116
2020-09-12 10:00:00+00:00,0.7823777582177437,0.4080735063577774
2020-09-12 11:00:00+00:00,0.7722099128903998,0.4333739766591186
2020-09-12 12:00:00+00:00,0.7054056515008954,0.4672095453753701
2020-09-12 13:00:00+00:00,0.6036664946732632,0.4580212506531963
2020-09-12 14:00:00+00:00,0.45199866452180776,0.42547030134122976
2020-09-12 15:00:00+00:00,0.2659726226970589,0.389566277651977
2020-09-12 16:00:00+00:00,0.09412086077639846,0.34919874586309
2020-09-12 17:00:00+00:00,0.008498497587033721,0.3126415258665738
2020-09-12 18:00:00+00:00,0.0,0.2874934680369274
2020-09-12 19:00:00+00:00,0.0,0.2730142832259188
2020-09-12 20:00:00+00:00,0.0,0.25019595889217905
2020-09-12 21:00:00+00:00,0.0,0.2154894617662428
2020-09-12 22:00:00+00:00,0.0,0.18380944086396098
2020-09-12 23:00:00+00:00,0.0,0.18703187597979445
2020-09-13 00:00:00+00:00,0.0,0.19937728618707543
2020-09-13 01:00:00+00:00,0.0,0.21805870057481275
2020-09-13 02:00:00+00:00,0.0,0.23297334959066365
2020-09-13 03:00:00+00:00,0.0,0.2518289496603379
2020-09-13 04:00:00+00:00,0.0010926639754757642,0.2761931719212681
2020-09-13 05:00:00+00:00,0.04795580781254743,0.2874934680369274
2020-09-13 06:00:00+00:00,0.20642243603362978,0.2893877373279916
2020-09-13 07:00:00+00:00,0.41797432239657634,0.26378244208326074
2020-09-13 08:00:00+00:00,0.6067927277142077,0.2685072287058004
2020-09-13 09:00:00+00:00,0.7375178316690443,0.31405678453231145
2020-09-13 10:00:00+00:00,0.8088141560688379,0.33199790977181676
2020-09-13 11:00:00+00:00,0.8203174795884299,0.32037101550252567
2020-09-13 12:00:00+00:00,0.7716635809026618,0.3212419439122104
2020-09-13 13:00:00+00:00,0.6674355783531126,0.31383905242989024
2020-09-13 14:00:00+00:00,0.4997116581175828,0.27188207629332867
2020-09-13 15:00:00+00:00,0.2866421828998088,0.25176363002961155
2020-09-13 16:00:00+00:00,0.09934136643700489,0.21450966730534748
2020-09-13 17:00:00+00:00,0.00913588490606125,0.19604598502003134
2020-09-13 18:00:00+00:00,0.0,0.19356383905242988
2020-09-13 19:00:00+00:00,0.0,0.19702577948092667
2020-09-13 20:00:00+00:00,0.0,0.19219212680717646
2020-09-13 21:00:00+00:00,0.0,0.1766025082738199
2020-09-13 22:00:00+00:00,0.0,0.15393659641177496
2020-09-13 23:00:00+00:00,0.0,0.14324595018289496
2020-09-14 00:00:00+00:00,0.0,0.13063926145270857
2020-09-14 01:00:00+00:00,0.0,0.11439644661208849
2020-09-14 02:00:00+00:00,0.0,0.09784880682807873
2020-09-14 03:00:00+00:00,0.0,0.0860259536666086
2020-09-14 04:00:00+00:00,0.0008802015357999211,0.08066974394704755
2020-09-14 05:00:00+00:00,0.049200230673505936,0.0837397665911862
2020-09-14 06:00:00+00:00,0.21221962545907064,0.08519857167740812
2020-09-14 07:00:00+00:00,0.445655143108629,0.0714596760146316
2020-09-14 08:00:00+00:00,0.6458251130603697,0.04820588747604947
2020-09-14 09:00:00+00:00,0.776094940358758,0.04108604772687685
2020-09-14 10:00:00+00:00,0.8408959844598901,0.04406897753004703
2020-09-14 11:00:00+00:00,0.8423528697605245,0.04108604772687685
2020-09-14 12:00:00+00:00,0.7908155522505843,0.03429280613133601
2020-09-14 13:00:00+00:00,0.6761465383798222,0.027760843058700576
2020-09-14 14:00:00+00:00,0.5049018120010926,0.028000348371363875
2020-09-14 15:00:00+00:00,0.29070932103074637,0.030765546072112876
2020-09-14 16:00:00+00:00,0.09521352475187422,0.037145096673053477
2020-09-14 17:00:00+00:00,0.007193371171882114,0.057546594669918134
2020-09-14 18:00:00+00:00,0.0,0.08317366312489113
2020-09-14 19:00:00+00:00,0.0,0.1129594147361087
2020-09-14 20:00:00+00:00,0.0,0.13392701619926842
2020-09-14 21:00:00+00:00,0.0,0.14215728967078906
2020-09-14 22:00:00+00:00,0.0,0.13527695523427974
2020-09-14 23:00:00+00:00,0.0,0.12763455843929628
2020-09-15 00:00:00+00:00,0.0,0.11866399581954364
2020-09-15 01:00:00+00:00,0.0,0.11239331126981363
2020-09-15 02:00:00+00:00,0.0,0.10420658421877721
2020-09-15 03:00:00+00:00,0.0,0.0988939209197004
2020-09-15 04:00:00+00:00,0.0006373873190275291,0.0940820414561923
2020-09-15 05:00:00+00:00,0.04537590675934076,0.09249259710851768
2020-09-15 06:00:00+00:00,0.20356936898655417,0.07544417348893921
2020-09-15 07:00:00+00:00,0.4181260812820591,0.04426493642222609
2020-09-15 08:00:00+00:00,0.611011624730628,0.019639435638390525
2020-09-15 09:00:00+00:00,0.7419795429022369,0.01730970214248389
2020-09-15 10:00:00+00:00,0.8120617962181685,0.018986239331126982
2020-09-15 11:00:00+00:00,0.8234133608522779,0.021250653196307263
2020-09-15 12:00:00+00:00,0.7766716241235925,0.025387563142309704
2020-09-15 13:00:00+00:00,0.6673141712447264,0.02782616268942693
2020-09-15 14:00:00+00:00,0.5016238200746653,0.025975439818846893
2020-09-15 15:00:00+00:00,0.2887061037423741,0.024102943738024733
2020-09-15 16:00:00+00:00,0.09202658815673657,0.022252220867444696
2020-09-15 17:00:00+00:00,0.005766837648344311,0.02817453405330082
2020-09-15 18:00:00+00:00,0.0,0.03882163386169657
2020-09-15 19:00:00+00:00,0.0,0.04931632119839749
2020-09-15 20:00:00+00:00,0.0,0.05227747779132555
2020-09-15 21:00:00+00:00,0.0,0.05454189165650584
2020-09-15 22:00:00+00:00,0.0,0.050056610346629504
2020-09-15 23:00:00+00:00,0.0,0.05145009580212506
2020-09-16 00:00:00+00:00,0.0,0.05212506531963072
2020-09-16 01:00:00+00:00,0.0,0.058809440863960984
2020-09-16 02:00:00+00:00,0.0,0.06070371015502525
2020-09-16 03:00:00+00:00,0.0,0.06536317714683854
2020-09-16 04:00:00+00:00,0.000515980210641333,0.07341926493642223
2020-09-16 05:00:00+00:00,0.040701733086472215,0.08620013934854555
2020-09-16 06:00:00+00:00,0.1828391052296112,0.08826859432154677
2020-09-16 07:00:00+00:00,0.36406956627310527,0.07452969865877025
2020-09-16 08:00:00+00:00,0.5233556924757945,0.06660425013063927
2020-09-16 09:00:00+00:00,0.6359000819497982,0.0908378331301167
2020-09-16 10:00:00+00:00,0.6917473518074483,0.12965946699181327
2020-09-16 11:00:00+00:00,0.6837041308768629,0.18426667827904547
2020-09-16 12:00:00+00:00,0.6248823868637509,0.22583173663124892
2020-09-16 13:00:00+00:00,0.5198652381096913,0.2639348545549556
2020-09-16 14:00:00+00:00,0.374116004492063,0.2972696394356384
2020-09-16 15:00:00+00:00,0.20784896955716758,0.34112088486326425
2020-09-16 16:00:00+00:00,0.06589370807660788,0.3787449921616443
2020-09-16 17:00:00+00:00,0.004006434576744469,0.4003875631423097
2020-09-16 18:00:00+00:00,0.0,0.4159771816756663
2020-09-16 19:00:00+00:00,0.0,0.4259928583870406
2020-09-16 20:00:00+00:00,0.0,0.4320458108343494
2020-09-16 21:00:00+00:00,0.0,0.42749520989374673
2020-09-16 22:00:00+00:00,0.0,0.4282137258317366
2020-09-16 23:00:00+00:00,0.0,0.4133643964466121
2020-09-17 00:00:00+00:00,0.0,0.39098153631771465
2020-09-17 01:00:00+00:00,0.0,0.37519595889217905
2020-09-17 02:00:00+00:00,0.0,0.35964988677930676
2020-09-17 03:00:00+00:00,0.0,0.3473697962027521
2020-09-17 04:00:00+00:00,0.0005463319877378821,0.3464988677930674
2020-09-17 05:00:00+00:00,0.031869365951376454,0.3328470649712594
2020-09-17 06:00:00+00:00,0.1575257231310893,0.2767592753875631
2020-09-17 07:00:00+00:00,0.3342337693871976,0.2323201532834001
2020-09-17 08:00:00+00:00,0.5055999028743133,0.21612088486326422
2020-09-17 09:00:00+00:00,0.6284942483382402,0.20462462985542587
2020-09-17 10:00:00+00:00,0.7047075606276747,0.1738373105730709
2020-09-17 11:00:00+00:00,0.7307797371536103,0.16114352900191603
2020-09-17 12:00:00+00:00,0.7044343946338059,0.14884166521511932
2020-09-17 13:00:00+00:00,0.6217865055999029,0.1517157289670789
2020-09-17 14:00:00+00:00,0.47020973077973716,0.17113743250304825
2020-09-17 15:00:00+00:00,0.2606307099280663,0.19415171572896708
2020-09-17 16:00:00+00:00,0.07791301180684129,0.20425448528130988
2020-09-17 17:00:00+00:00,0.0042492487935168605,0.23983191081693084
2020-09-17 18:00:00+00:00,0.0,0.31849851942170354
2020-09-17 19:00:00+00:00,0.0,0.37040585263891307
2020-09-17 20:00:00+00:00,0.0,0.35281309876328165
2020-09-17 21:00:00+00:00,0.0,0.3339792719038495
2020-09-17 22:00:00+00:00,0.0,0.3165171572896708
2020-09-17 23:00:00+00:00,0.0,0.2979228357429019
2020-09-18 00:00:00+00:00,0.0,0.278392266155722
2020-09-18 01:00:00+00:00,0.0,0.2610390175927539
2020-09-18 02:00:00+00:00,0.0,0.2501088660512106
2020-09-18 03:00:00+00:00,0.0,0.244469604598502
2020-09-18 04:00:00+00:00,0.00042492487935168606,0.23852551820240375
2020-09-18 05:00:00+00:00,0.040580325978086015,0.22992510015676712
2020-09-18 06:00:00+00:00,0.20171791058366467,0.189709980839575
2020-09-18 07:00:00+00:00,0.42134336965429325,0.12695958892179063
2020-09-18 08:00:00+00:00,0.6211187665037788,0.09713029089008883
2020-09-18 09:00:00+00:00,0.7700245849394483,0.11226267200836092
2020-09-18 10:00:00+00:00,0.859076698940723,0.13904372060616618
2020-09-18 11:00:00+00:00,0.8778948007405833,0.1476223654415607
2020-09-18 12:00:00+00:00,0.8273894436519258,0.15670179411252394
2020-09-18 13:00:00+00:00,0.707378517012171,0.16501916042501305
2020-09-18 14:00:00+00:00,0.5220505660606428,0.17631945654067235
2020-09-18 15:00:00+00:00,0.2903147479284912,0.18531179237066714
2020-09-18 16:00:00+00:00,0.08371020123228215,0.19169134297160773
2020-09-18 17:00:00+00:00,0.0038243239141651742,0.2484758752830517
2020-09-18 18:00:00+00:00,0.0,0.3393790280438948
2020-09-18 19:00:00+00:00,0.0,0.3746734018463682
2020-09-18 20:00:00+00:00,0.0,0.3620231666956976
2020-09-18 21:00:00+00:00,0.0,0.3511801079951228
2020-09-18 22:00:00+00:00,0.0,0.3385080996342101
2020-09-18 23:00:00+00:00,0.0,0.3221999651628636
2020-09-19 00:00:00+00:00,0.0,0.3001219299773559
2020-09-19 01:00:00+00:00,0.0,0.276737502177321
2020-09-19 02:00:00+00:00,0.0,0.26650409336352554
2020-09-19 03:00:00+00:00,0.0,0.2579472217383731
2020-09-19 04:00:00+00:00,0.00030351777096549,0.2567496951750566
2020-09-19 05:00:00+00:00,0.03684705739521049,0.2542022295767288
2020-09-19 06:00:00+00:00,0.19922906486174766,0.2339966904720432
2020-09-19 07:00:00+00:00,0.41912768992624516,0.1690472043198049
2020-09-19 08:00:00+00:00,0.6134094151212554,0.11552865354467863
2020-09-19 09:00:00+00:00,0.7495371353992777,0.10300905765546071
2020-09-19 10:00:00+00:00,0.8203174795884299,0.11613830343145794
2020-09-19 11:00:00+00:00,0.8267824081099948,0.12828775474655982
2020-09-19 12:00:00+00:00,0.7717546362339515,0.13407942867096326
2020-09-19 13:00:00+00:00,0.6481925516739006,0.14764413865180281
2020-09-19 14:00:00+00:00,0.4682368652684615,0.1584436509318934
2020-09-19 15:00:00+00:00,0.25422648496069444,0.1664126458805086
2020-09-19 16:00:00+00:00,0.07251039548365557,0.18387476049468734
2020-09-19 17:00:00+00:00,0.0028834188241721554,0.24989113394878942
2020-09-19 18:00:00+00:00,0.0,0.3252046681762759
2020-09-19 19:00:00+00:00,0.0,0.3568193694478314
2020-09-19 20:00:00+00:00,0.0,0.3378984497474308
2020-09-19 21:00:00+00:00,0.0,0.30556523253788537
2020-09-19 22:00:00+00:00,0.0,0.26737502177321026
2020-09-19 23:00:00+00:00,0.0,0.23103553387911513
2020-09-20 00:00:00+00:00,0.0,0.19467427277477792
2020-09-20 01:00:00+00:00,0.0,0.17074551471869012
2020-09-20 02:00:00+00:00,0.0,0.15552604075944956
2020-09-20 03:00:00+00:00,0.0,0.14261452708587355
2020-09-20 04:00:00+00:00,0.00024281421677239203,0.14235324856296813
2020-09-20 05:00:00+00:00,0.036543539624245,0.14792719038495036
2020-09-20 06:00:00+00:00,0.19822745621756155,0.14540149799686466
2020-09-20 07:00:00+00:00,0.41915804170334175,0.09765284793589966
2020-09-20 08:00:00+00:00,0.6250341457492337,0.057415955408465426
2020-09-20 09:00:00+00:00,0.7663520199107657,0.058569935551297685
2020-09-20 10:00:00+00:00,0.8379215103044283,0.07115485107124195
2020-09-20 11:00:00+00:00,0.8466628221082344,0.06658247692039715
2020-09-20 12:00:00+00:00,0.7904816827025223,0.06449224873715381
2020-09-20 13:00:00+00:00,0.6694691474185813,0.07509580212506532
2020-09-20 14:00:00+00:00,0.4866603939660667,0.09928583870405852
2020-09-20 15:00:00+00:00,0.2618144292348317,0.12049294547988156
2020-09-20 16:00:00+00:00,0.0700519015388351,0.13455843929628986
2020-09-20 17:00:00+00:00,0.0023674386135308224,0.18422313185856123
2020-09-20 18:00:00+00:00,0.0,0.24431719212680716
2020-09-20 19:00:00+00:00,0.0,0.275627068454973
2020-09-20 20:00:00+00:00,0.0,0.2607341926493642
2020-09-20 21:00:00+00:00,0.0,0.22685507751262846
2020-09-20 22:00:00+00:00,0.0,0.1826336875108866
2020-09-20 23:00:00+00:00,0.0,0.13947918481100854
2020-09-21 00:00:00+00:00,0.0,0.10533879115136735
2020-09-21 01:00:00+00:00,0.0,0.079646403065668
2020-09-21 02:00:00+00:00,0.0,0.061443999303257266
2020-09-21 03:00:00+00:00,0.0,0.05216861174011496
2020-09-21 04:00:00+00:00,0.00024281421677239203,0.046050339662079776
2020-09-21 05:00:00+00:00,0.03366012080007284,0.04757446437902804
2020-09-21 06:00:00+00:00,0.19249097034631377,0.04382947221738373
2020-09-21 07:00:00+00:00,0.41378577715725257,0.030547813969691695
2020-09-21 08:00:00+00:00,0.613834340000607,0.009667305347500436
2020-09-21 09:00:00+00:00,0.7524509060005463,0.005356209719561051
2020-09-21 10:00:00+00:00,0.8202264242571402,0.01145270858735412
2020-09-21 11:00:00+00:00,0.8235651197377607,0.012780874412123323
2020-09-21 12:00:00+00:00,0.7627705102133729,0.008404459153457586
2020-09-21 13:00:00+00:00,0.6424560658026528,0.00664082912384602
2020-09-21 14:00:00+00:00,0.46504992867332384,0.005290890088834697
2020-09-21 15:00:00+00:00,0.24427110207302638,0.0054868489810137614
2020-09-21 16:00:00+00:00,0.06285853036695299,0.010124542762584916
2020-09-21 17:00:00+00:00,0.0019425137341791362,0.02312314927712942
2020-09-21 18:00:00+00:00,0.0,0.042414213551646054
2020-09-21 19:00:00+00:00,0.0,0.06072548336526737
2020-09-21 20:00:00+00:00,0.0,0.06804128200661906
2020-09-21 21:00:00+00:00,0.0,0.06653893049991291
2020-09-21 22:00:00+00:00,0.0,0.060311792370667125
2020-09-21 23:00:00+00:00,0.0,0.05253875631423097
2020-09-22 00:00:00+00:00,0.0,0.04086831562445567
2020-09-22 01:00:00+00:00,0.0,0.030330081867270507
2020-09-22 02:00:00+00:00,0.0,0.02253527260059223
2020-09-22 03:00:00+00:00,0.0,0.0164823201532834
2020-09-22 04:00:00+00:00,0.000151758885482745,0.015502525692388087
2020-09-22 05:00:00+00:00,0.030108962879776612,0.016133948789409512
2020-09-22 06:00:00+00:00,0.1702734695116399,0.01693955756836788
2020-09-22 07:00:00+00:00,0.3838285731629587,0.010777739069848458
2020-09-22 08:00:00+00:00,0.5820256776034237,0.002874063751959589
2020-09-22 09:00:00+00:00,0.7207029471575561,0.0015894443476746215
2020-09-22 10:00:00+00:00,0.7838042917412814,0.008121407420310051
2020-09-22 11:00:00+00:00,0.7752147388229581,0.021686117401149625
2020-09-22 12:00:00+00:00,0.7050717819528334,0.03274690820414562
2020-09-22 13:00:00+00:00,0.5758642668528242,0.03651367357603205
2020-09-22 14:00:00+00:00,0.404467781588612,0.03165824769203972
2020-09-22 15:00:00+00:00,0.2061189182626643,0.024734366835046158
2020-09-22 16:00:00+00:00,0.051082040853491974,0.01992248737153806
2020-09-22 17:00:00+00:00,0.001547940631923999,0.020009580212506532
2020-09-22 18:00:00+00:00,0.0,0.030264762236544153
2020-09-22 19:00:00+00:00,0.0,0.04454798815537363
2020-09-22 20:00:00+00:00,0.0,0.05499912907159032
2020-09-22 21:00:00+00:00,0.0,0.06775823027347153
2020-09-22 22:00:00+00:00,0.0,0.0772295767287929
2020-09-22 23:00:00+00:00,0.0,0.08667914997387215
2020-09-23 00:00:00+00:00,0.0,0.09580212506531963
2020-09-23 01:00:00+00:00,0.0,0.10679759623758926
2020-09-23 02:00:00+00:00,0.0,0.13140132381118272
2020-09-23 03:00:00+00:00,0.0,0.15742031005051385
2020-09-23 04:00:00+00:00,0.000151758885482745,0.17943302560529525
2020-09-23 05:00:00+00:00,0.02552584453819771,0.19467427277477792
2020-09-23 06:00:00+00:00,0.10098036240021853,0.18694478313882598
2020-09-23 07:00:00+00:00,0.22272134033447658,0.14692562271381293
2020-09-23 08:00:00+00:00,0.34027377302941086,0.10581780177669395
2020-09-23 09:00:00+00:00,0.44398579536831884,0.11254572374150845
2020-09-23 10:00:00+00:00,0.5249946884390081,0.14261452708587355
2020-09-23 11:00:00+00:00,0.5506722918626885,0.16991813272948963
2020-09-23 12:00:00+00:00,0.5113970922997542,0.18411426580735063
2020-09-23 13:00:00+00:00,0.42292166206331383,0.19589357254833653
2020-09-23 14:00:00+00:00,0.30898109084286884,0.21043807699007142
2020-09-23 15:00:00+00:00,0.16514401918232313,0.2345845671485804
2020-09-23 16:00:00+00:00,0.041976507724527275,0.23325640132381117
2020-09-23 17:00:00+00:00,0.0005463319877378821,0.24065929280613133
2020-09-23 18:00:00+00:00,0.0,0.2833130116704407
2020-09-23 19:00:00+00:00,0.0,0.32860128897404633
2020-09-23 20:00:00+00:00,0.0,0.3549251001567671
2020-09-23 21:00:00+00:00,0.0,0.38997996864657725
2020-09-23 22:00:00+00:00,0.0,0.4531875979794461
2020-09-23 23:00:00+00:00,0.0,0.510712419439122
2020-09-24 00:00:00+00:00,0.0,0.5670614875457237
2020-09-24 01:00:00+00:00,0.0,0.5952360215990246
2020-09-24 02:00:00+00:00,0.0,0.6271773210242118
2020-09-24 03:00:00+00:00,0.0,0.6324899843232886
2020-09-24 04:00:00+00:00,3.0351777096549003e-05,0.672378505486849
2020-09-24 05:00:00+00:00,0.017179105836646735,0.6580517331475353
2020-09-24 06:00:00+00:00,0.10328709745955626,0.5960198571677408
2020-09-24 07:00:00+00:00,0.24864175797492943,0.55900539975614
2020-09-24 08:00:00+00:00,0.39912586881961937,0.5563708413168438
2020-09-24 09:00:00+00:00,0.519076091905181,0.5453100505138477
2020-09-24 10:00:00+00:00,0.5943181473275261,0.5082302734715206
2020-09-24 11:00:00+00:00,0.6098582572009591,0.47996864657725136
2020-09-24 12:00:00+00:00,0.5645127022187149,0.4754398188468908
2020-09-24 13:00:00+00:00,0.4695116399065165,0.44221390001741856
2020-09-24 14:00:00+00:00,0.3160227031292682,0.4085960634035882
2020-09-24 15:00:00+00:00,0.15084833216984855,0.3432328862567497
2020-09-24 16:00:00+00:00,0.033902935016845236,0.2606035533879115
2020-09-24 17:00:00+00:00,0.000455276656448235,0.25176363002961155
2020-09-24 18:00:00+00:00,0.0,0.27127242640654936
2020-09-24 19:00:00+00:00,0.0,0.26493642222609304
2020-09-24 20:00:00+00:00,0.0,0.2573375718515938
2020-09-24 21:00:00+00:00,0.0,0.28070022644138654
2020-09-24 22:00:00+00:00,0.0,0.30047030134122976
2020-09-24 23:00:00+00:00,0.0,0.3349590663647448
2020-09-25 00:00:00+00:00,0.0,0.3492640654938164
2020-09-25 01:00:00+00:00,0.0,0.3517026650409336
2020-09-25 02:00:00+00:00,0.0,0.3456497125936248
2020-09-25 03:00:00+00:00,0.0,0.33920484236195786
2020-09-25 04:00:00+00:00,3.0351777096549003e-05,0.3170832607559659
2020-09-25 05:00:00+00:00,0.008802015357999212,0.32296202752133774
2020-09-25 06:00:00+00:00,0.042826357483230645,0.33334784880682805
2020-09-25 07:00:00+00:00,0.11518499408140347,0.3338050862219126
2020-09-25 08:00:00+00:00,0.18714905757732114,0.356754049817105
2020-09-25 09:00:00+00:00,0.24041642638176466,0.35690646228879985
2020-09-25 10:00:00+00:00,0.27225544055604456,0.33672269639435637
2020-09-25 11:00:00+00:00,0.2939873129571736,0.3022774777913255
2020-09-25 12:00:00+00:00,0.2676419704373691,0.2739505312663299
2020-09-25 13:00:00+00:00,0.2346192369563238,0.2587746037275736
2020-09-25 14:00:00+00:00,0.18329438188605943,0.24505748127503918
2020-09-25 15:00:00+00:00,0.10310498679697697,0.22093276432677234
2020-09-25 16:00:00+00:00,0.026588156736576926,0.19221390001741856
2020-09-25 17:00:00+00:00,0.000455276656448235,0.1977878418394008
2020-09-25 18:00:00+00:00,0.0,0.21498867793067408
2020-09-25 19:00:00+00:00,0.0,0.23245079254485282
2020-09-25 20:00:00+00:00,0.0,0.23053475004354643
2020-09-25 21:00:00+00:00,0.0,0.21951750566103465
2020-09-25 22:00:00+00:00,0.0,0.20257794809266677
2020-09-25 23:00:00+00:00,0.0,0.19556697439470475
2020-09-26 00:00:00+00:00,0.0,0.1950444173488939
2020-09-26 01:00:00+00:00,0.0,0.19284532311444
2020-09-26 02:00:00+00:00,0.0,0.18352638913081346
2020-09-26 03:00:00+00:00,0.0,0.18113133600418047
2020-09-26 04:00:00+00:00,3.0351777096549003e-05,0.18367880160250827
2020-09-26 05:00:00+00:00,0.00670774273833733,0.18633513325204668
2020-09-26 06:00:00+00:00,0.036543539624245,0.19049381640829124
2020-09-26 07:00:00+00:00,0.08692748960451635,0.19173488939209196
2020-09-26 08:00:00+00:00,0.13300148723707772,0.19450008709284097
2020-09-26 09:00:00+00:00,0.16766321668133669,0.2035795157638042
2020-09-26 10:00:00+00:00,0.17118402282453637,0.22650670614875457
2020-09-26 11:00:00+00:00,0.1663580902661851,0.28039540149799685
2020-09-26 12:00:00+00:00,0.1418945579263666,0.3632206932590141
2020-09-26 13:00:00+00:00,0.10538137007921813,0.4276911687859258
2020-09-26 14:00:00+00:00,0.0638601390111391,0.46784096847239154
2020-09-26 15:00:00+00:00,0.02774152426624579,0.5144138651802822
2020-09-26 16:00:00+00:00,0.004977691443834037,0.5393006444870232
2020-09-26 17:00:00+00:00,0.00012140710838619601,0.5671921268071765
2020-09-26 18:00:00+00:00,0.0,0.5797552691168786
2020-09-26 19:00:00+00:00,0.0,0.5836091273297335
2020-09-26 20:00:00+00:00,0.0,0.5470519073332172
2020-09-26 21:00:00+00:00,0.0,0.5105817801776694
2020-09-26 22:00:00+00:00,0.0,0.4942300992858387
2020-09-26 23:00:00+00:00,0.0,0.4596760146315973
2020-09-27 00:00:00+00:00,0.0,0.4244469604598502
2020-09-27 01:00:00+00:00,0.0,0.39250566103466294
2020-09-27 02:00:00+00:00,0.0,0.3447352377634558
2020-09-27 03:00:00+00:00,0.0,0.31444870231666955
2020-09-27 04:00:00+00:00,3.0351777096549003e-05,0.29278435812576203
2020-09-27 05:00:00+00:00,0.0122014143928127,0.23850374499216165
2020-09-27 06:00:00+00:00,0.08713995204419218,0.18663995819543633
2020-09-27 07:00:00+00:00,0.2130087716635809,0.14514021947395925
2020-09-27 08:00:00+00:00,0.3136856162928339,0.11635603553387912
2020-09-27 09:00:00+00:00,0.3813093756639451,0.10605730708935725
2020-09-27 10:00:00+00:00,0.4171548244149695,0.1047944608953144
2020-09-27 11:00:00+00:00,0.41503020001821106,0.10697178191952621
2020-09-27 12:00:00+00:00,0.3868637508726136,0.09767462114614178
2020-09-27 13:00:00+00:00,0.32215376210277114,0.08508970562619753
2020-09-27 14:00:00+00:00,0.23738124867210975,0.07596673053475005
2020-09-27 15:00:00+00:00,0.12644550338422314,0.08095279568019509
2020-09-27 16:00:00+00:00,0.027195192278507908,0.0901193171921268
2020-09-27 17:00:00+00:00,0.000151758885482745,0.09689078557742553
2020-09-27 18:00:00+00:00,0.0,0.1002220867444696
2020-09-27 19:00:00+00:00,0.0,0.11341665215119318
2020-09-27 20:00:00+00:00,0.0,0.11618184985194217
2020-09-27 21:00:00+00:00,0.0,0.12408552516983104
2020-09-27 22:00:00+00:00,0.0,0.12347587528305173
2020-09-27 23:00:00+00:00,0.0,0.11265458979271904
2020-09-28 00:00:00+00:00,0.0,0.10858299947744296
2020-09-28 01:00:00+00:00,0.0,0.10268245950182894
2020-09-28 02:00:00+00:00,0.0,0.08424055042675492
2020-09-28 03:00:00+00:00,0.0,0.08160599198745863
2020-09-28 04:00:00+00:00,6.0703554193098006e-05,0.07962462985542589
2020-09-28 05:00:00+00:00,0.015479406319239991,0.08400104511409162
2020-09-28 06:00:00+00:00,0.114274440768507,0.07788277303605644
2020-09-28 07:00:00+00:00,0.26475855161319695,0.06013760668873018
2020-09-28 08:00:00+00:00,0.38640847421616537,0.04933809440863961
2020-09-28 09:00:00+00:00,0.4726682247245576,0.04840184636822853
2020-09-28 10:00:00+00:00,0.5269372021731873,0.05262584915519944
2020-09-28 11:00:00+00:00,0.512550459829423,0.05417174708238983
2020-09-28 12:00:00+00:00,0.4310255865480924,0.049599372931545024
2020-09-28 13:00:00+00:00,0.32257868698212283,0.049033269465249954
2020-09-28 14:00:00+00:00,0.2162260600358151,0.04916390872670266
2020-09-28 15:00:00+00:00,0.10738458736759038,0.04783574290193346
2020-09-28 16:00:00+00:00,0.021792575955322184,0.0446350809963421
2020-09-28 17:00:00+00:00,6.0703554193098006e-05,0.045832607559658595
2020-09-28 18:00:00+00:00,0.0,0.05669743947047553
2020-09-28 19:00:00+00:00,0.0,0.06414387737327992
2020-09-28 20:00:00+00:00,0.0,0.06638651802821809
2020-09-28 21:00:00+00:00,0.0,0.06264152586657376
2020-09-28 22:00:00+00:00,0.0,0.0596803692736457
2020-09-28 23:00:00+00:00,0.0,0.061465772513499384
2020-09-29 00:00:00+00:00,0.0,0.06453579515763805
2020-09-29 01:00:00+00:00,0.0,0.06551558961853336
2020-09-29 02:00:00+00:00,0.0,0.0690428496777565
2020-09-29 03:00:00+00:00,0.0,0.06991377808744122
2020-09-29 04:00:00+00:00,3.0351777096549003e-05,0.06738808569935552
2020-09-29 05:00:00+00:00,0.010198197104440466,0.07298380073157987
2020-09-29 06:00:00+00:00,0.08185874282939266,0.0751828949660338
2020-09-29 07:00:00+00:00,0.19161076881051387,0.07163386169656855
2020-09-29 08:00:00+00:00,0.2856709260327192,0.06780177669395576
2020-09-29 09:00:00+00:00,0.3618842383221538,0.07215641874237938
2020-09-29 10:00:00+00:00,0.3944516951467508,0.07535708064797074
2020-09-29 11:00:00+00:00,0.4034661729444259,0.07694652499564536
2020-09-29 12:00:00+00:00,0.3723252496433666,0.08027782616268943
2020-09-29 13:00:00+00:00,0.29565666069748386,0.07670701968298206
2020-09-29 14:00:00+00:00,0.19661881203144443,0.07450792544852813
2020-09-29 15:00:00+00:00,0.09108568306674356,0.06562445566974395
2020-09-29 16:00:00+00:00,0.015388350987950345,0.05970214248388782
2020-09-29 17:00:00+00:00,6.0703554193098006e-05,0.06046420484236195
2020-09-29 18:00:00+00:00,0.0,0.059005399756140046
2020-09-29 19:00:00+00:00,0.0,0.05182024037624107
2020-09-29 20:00:00+00:00,0.0,0.04450444173488939
2020-09-29 21:00:00+00:00,0.0,0.03697091099111653
2020-09-29 22:00:00+00:00,0.0,0.034532311443999306
2020-09-29 23:00:00+00:00,0.0,0.030460721128723216
2020-09-30 00:00:00+00:00,0.0,0.02950269987807002
2020-09-30 01:00:00+00:00,0.0,0.034554084654241424
2020-09-30 02:00:00+00:00,0.0,0.03790715903152761
2020-09-30 03:00:00+00:00,0.0,0.04278435812576206
2020-09-30 04:00:00+00:00,3.0351777096549003e-05,0.05014370318759798
2020-09-30 05:00:00+00:00,0.010532066652502505,0.057524821459676016
2020-09-30 06:00:00+00:00,0.07882356511973776,0.06612523950531267
2020-09-30 07:00:00+00:00,0.20393359031171276,0.0684549730012193
2020-09-30 08:00:00+00:00,0.34303578474519686,0.07405068803344365
2020-09-30 09:00:00+00:00,0.4467781588612013,0.0842187772165128
2020-09-30 10:00:00+00:00,0.5009864327556378,0.08043023863438425
2020-09-30 11:00:00+00:00,0.5165568944061675,0.07938512454276259
2020-09-30 12:00:00+00:00,0.49555346465535555,0.07968994948615224
2020-09-30 13:00:00+00:00,0.43166297386711994,0.073375718515938
2020-09-30 14:00:00+00:00,0.31171275078155825,0.07056697439470476
2020-09-30 15:00:00+00:00,0.15002883418824173,0.08064797073680544
2020-09-30 16:00:00+00:00,0.024493884116915044,0.09584567148580386
2020-09-30 17:00:00+00:00,3.0351777096549003e-05,0.13734541020728097
2020-09-30 18:00:00+00:00,0.0,0.18267723393137084
2020-09-30 19:00:00+00:00,0.0,0.22901062532659816
2020-09-30 20:00:00+00:00,0.0,0.2547465598327817
2020-09-30 21:00:00+00:00,0.0,0.2619752656331649
2020-09-30 22:00:00+00:00,0.0,0.26992248737153807
2020-09-30 23:00:00+00:00,0.0,0.27569238808569935
